Workbook

Sheet Column Definitions
A1: Column name | B1: Definition
A2: Population | B2: IDFG Progeny database collection ID
A3: Individual | B3: IDFG Progeny database individual ID
A4: LGRScaleGeneticsIDLink | B4: Individual genetics ID in metadata provided to IDFG Eagle Genetics Lab
A5: DateSampled | B5: Date sampled at Lower Granite Dam
A6: PhenotypicSex | B6: Sex as identified at the Dam
A7: Length | B7: Fork Length
A8: Clip | B8: Adipose fin status - AD is for Ad-clipped, AI is for ad-intact
A9: Wire | B9: 1 if CWT present, NA if absent
A10: GenComments | B10: Lists all genetic duplicates and samples that failed to genotype
A11: GenSex | B11: Genetic sex
A12: GenPa | B12: IDFG Progeny database ID of the PBT assigned sire
... A17: RepUnitProb | B17: Probability of assignment to the given GSI reporting unit

Sheet pvt tbl
A2: PopName | B2: (Multiple Items)
B4: Clip
B5: AD | C5: AI | D5: Grand Total
A6: Sum of count | B6: 1401 | C6: 2715 | D6: 4116

Sheet Individual Data
U1: NG | V1: =COUNTIF(V6:V5544,"NG") -> 82 | X1: sum | Z1: sum | AA1: night passage rate | AB1: sum @ LGR | AE1: fallback/reassension | AJ1: fallback only
D2: changed to 18% trap rate on: | S2: Run year | U2: total | V2: =SUM(X6:X5544) -> 5539 | X2: =SUM(X6:X5544) -> 5539 | Z2: =SUM(Z6:Z5544) -> 24263.968 | AB2: =SUM(AB6:AB5544) -> 50160.812 | AF2: jack | AG2: adlt | AK2: jack | AL2: adlt
D3: 45169 | S3: 2023 | U3: % NG | V3: =V1/V2 -> 0.014804116 | Y3: 70% period | Z3: 0.7 | AB3: ='LGD window'!R36 -> 0.56726619 | AE3: abv | AF3: 0.047 | AG3: 0.025 | AJ3: abv | AK3: 0 | AL3: 0
Y4: 18% period | Z4: 0.18 | AA4: 0 | AB4: ='LGD window'!R37 -> 0.47654049 | AE4: blw | AF4: 0.292 | AG4: 0.249 | AJ4: blw | AK4: 0.471 | AL4: 0.324
A5: Population | B5: Individual | C5: LGRScaleGeneticsIDLink | D5: DateSampled | E5: sample rate | F5: PhenotypicSex | G5: FL mm | H5: FL cm | I5: Clip | J5: Wire | K5: PIT tag | L5: GenComments | M5: GenSex | N5: best sex | O5: GenPa | P5: GenMa | Q5: PopName | R5: agePBT | S5: Brd Yr | T5: GSIRepUnit | U5: RepUnitProb | V5: Final group | W5: Tag rate | X5: count | Y5: pooled FL | Z5: trap rate expansion | AA5: Night passage expansion | AB5: PBT geno rate expansion | AC5: rel abv/blw LGR
A6: OtsLGRF23S | B6: OtsLGRF23S_0001 | C6: C-00001 | D6: 45156 | E6: =IF(D6<=$D$3,70,18) -> 70 | F6: F | G6: 790 | H6: =G6/10 -> 79 | I6: AI | J6: NA | K6: 3DD.003D7E4EA0 | L6: NA | M6: F | N6: =IF(M6="U",F6,M6) -> F | O6: NA | P6: NA | Q6: Unassigned | R6: NA | S6: =IFERROR($S$3-R6,"U") -> U | T6: FALL | U6: 1 | V6: Unassigned | W6: =VLOOKUP(Q6,'PBT Tag Rates'!$B$5:$E$44,4,FALSE) -> #N/A | X6: 1 | Y6: =IFERROR(LOOKUP(H6,{30,43,48,53,58,63,68,73,78,83,88,93,97},{42,47,52,57,62,67,72,77,82,87,92,99,100}),999) -> 82 | Z6: =IF(D6<$D$3,X6/$Z$3,X6/$Z$4) -> 1.4285714 | AA6: =Z6*(1+$AA$4) -> 1.4285714 | AB6: =IF(D6<$D$3,AA6/$AB$3,AA6/$AB$4) -> 2.5183441 | AC6: Abv | AF6: Questions/Issues
A7: OtsLGRF23S | B7: OtsLGRF23S_2837 | C7: C-02837 | D7: 45169 | E7: =IF(D7<=$D$6,70,18) -> 18 | F7: M | G7: 650 | H7: =G7/10 -> 65 | I7: AI | J7: NA | K7: NA | L7: NA | M7: M | N7: =IF(M7="U",F7,M7) -> M | O7: OtsLYON20S_1_0318 | P7: OtsLYON20S_1_0082 | Q7: OtsLYON20S_1 | R7: 3 | S7: =IFERROR($S$3-R7,"U") -> 2020 | T7: FALL | U7: 1 | V7: PLA1 | W7: =VLOOKUP(Q7,'PBT Tag Rates'!$B$5:$E$44,4,FALSE) -> 0.98961046 | X7: 1 | Y7: =IFERROR(LOOKUP(H7,{30,43,48,53,58,63,68,73,78,83,88,93,97},{42,47,52,57,62,67,72,77,82,87,92,99,100}),999) -> 67 | Z7: =IF(D7<$D$3,X7/$Z$3,X7/$Z$4) -> 5.5555556 | AA7: =Z7*(1+$AA$4) -> 5.5555556 | AB7: =IF(D7<$D$3,AA7/$AB$3,AA7/$AB$4) -> 11.658098 | AC7: Abv | AF7: reasc rate of LFH jacks >1, results in negative numbers.
A8: OtsLGRF23S | B8: OtsLGRF23S_4197 | C8: C-04197 | D8: 45176 | E8: =IF(D8<=$D$6,70,18) -> 18 | F8: M | G8: 750 | H8: =G8/10 -> 75 | I8: AI | J8: NA | K8: 3DD.003D7E48A1 | L8: NA | M8: M | N8: =IF(M8="U",F8,M8) -> M | O8: OtsNPFH19S_1_1335 | P8: OtsNPFH19S_1_1084 | Q8: OtsNPFH19S_1 | R8: 4 | S8: =IFERROR($S$3-R8,"U") -> 2019 | T8: FALL | U8: 1 | V8: NPTH | W8: =VLOOKUP(Q8,'PBT Tag Rates'!$B$5:$E$44,4,FALSE) -> 0.99705232 | X8: 1 | Y8: =IFERROR(LOOKUP(H8,{30,43,48,53,58,63,68,73,78,83,88,93,97},{42,47,52,57,62,67,72,77,82,87,92,99,100}),999) -> 77 | Z8: =IF(D8<$D$3,X8/$Z$3,X8/$Z$4) -> 5.5555556 | AA8: =Z8*(1+$AA$4) -> 5.5555556 | AB8: =IF(D8<$D$3,AA8/$AB$3,AA8/$AB$4) -> 11.658098 | AC8: Abv | AF8: changing to 1 (100% reasc) results in zero LFH jacks. Not possible since we sampled some
A9: OtsLGRF23S | B9: OtsLGRF23S_4523 | C9: C-04523 | D9: 45176 | E9: =IF(D9<=$D$6,70,18) -> 18 | F9: F | G9: 800 | H9: =G9/10 -> 80 | I9: AI | J9: NA | K9: 3DD.003D7E5396 | L9: NA | M9: F | N9: =IF(M9="U",F9,M9) -> F | O9: NA | P9: NA | Q9: Unassigned | R9: NA | S9: =IFERROR($S$3-R9,"U") -> U | T9: FALL | U9: 1 | V9: Unassigned | W9: =VLOOKUP(Q9,'PBT Tag Rates'!$B$5:$E$44,4,FALSE) -> #N/A | X9: 1 | Y9: =IFERROR(LOOKUP(H9,{30,43,48,53,58,63,68,73,78,83,88,93,97},{42,47,52,57,62,67,72,77,82,87,92,99,100}),999) -> 82 | Z9: =IF(D9<$D$3,X9/$Z$3,X9/$Z$4) -> 5.5555556 | AA9: =Z9*(1+$AA$4) -> 5.5555556 | AB9: =IF(D9<$D$3,AA9/$AB$3,AA9/$AB$4) -> 11.658098 | AC9: Abv
A10: OtsLGRF23S | B10: OtsLGRF23S_5154 | C10: C-05154 | D10: 45178 | E10: =IF(D10<=$D$6,70,18) -> 18 | F10: F | G10: 840 | H10: =G10/10 -> 84 | I10: AI | J10: NA | K10: 3DD.003D7E50F6 | L10: NA | M10: F | N10: =IF(M10="U",F10,M10) -> F | O10: NA | P10: NA | Q10: Unassigned | R10: NA | S10: =IFERROR($S$3-R10,"U") -> U | T10: FALL | U10: 1 | V10: Unassigned | W10: =VLOOKUP(Q10,'PBT Tag Rates'!$B$5:$E$44,4,FALSE) -> #N/A | X10: 1 | Y10: =IFERROR(LOOKUP(H10,{30,43,48,53,58,63,68,73,78,83,88,93,97},{42,47,52,57,62,67,72,77,82,87,92,99,100}),999) -> 87 | Z10: =IF(D10<$D$3,X10/$Z$3,X10/$Z$4) -> 5.5555556 | AA10: =Z10*(1+$AA$4) -> 5.5555556 | AB10: =IF(D10<$D$3,AA10/$AB$3,AA10/$AB$4) -> 11.658098 | AC10: Abv
A11: OtsLGRF23S | B11: OtsLGRF23S_7046 | C11: C-07046 | D11: 45184 | E11: =IF(D11<=$D$6,70,18) -> 18 | F11: F | G11: 800 | H11: =G11/10 -> 80 | I11: AI | J11: NA | K11: 3DD.003D7E5464 | L11: NA | M11: F | N11: =IF(M11="U",F11,M11) -> F | O11: OtsLYON19S_1_1811 | P11: OtsLYON19S_1_1524 | Q11: OtsLYON19S_1 | R11: 4 | S11: =IFERROR($S$3-R11,"U") -> 2019 | T11: FALL | U11: 1 | V11: IPCSR | W11: =VLOOKUP(Q11,'PBT Tag Rates'!$B$5:$E$44,4,FALSE) -> 0.95971981 | X11: 1 | Y11: =IFERROR(LOOKUP(H11,{30,43,48,53,58,63,68,73,78,83,88,93,97},{42,47,52,57,62,67,72,77,82,87,92,99,100}),999) -> 82 | Z11: =IF(D11<$D$3,X11/$Z$3,X11/$Z$4) -> 5.5555556 | AA11: =Z11*(1+$AA$4) -> 5.5555556 | AB11: =IF(D11<$D$3,AA11/$AB$3,AA11/$AB$4) -> 11.658098 | AC11: Abv | AF11: removal of duplicates: two ways to get dups
A12: OtsLGRF23S | B12: OtsLGRF23S_7106 | C12: C-07106 | D12: 45184 | E12: =IF(D12<=$D$6,70,18) -> 18 | F12: F | G12: 800 | H12: =G12/10 -> 80 | I12: AI | J12: NA | K12: 3DD.003D7E5459 | L12: NA | M12: F | N12: =IF(M12="U",F12,M12) -> F | O12: OtsLYON19S_1_0545 | P12: OtsLYON19S_1_0429 | Q12: OtsLYON19S_1 | R12: 4 | S12: =IFERROR($S$3-R12,"U") -> 2019 | T12: FALL | U12: 1 | V12: LFSO | W12: =VLOOKUP(Q12,'PBT Tag Rates'!$B$5:$E$44,4,FALSE) -> 0.95971981 | X12: 1 | Y12: =IFERROR(LOOKUP(H12,{30,43,48,53,58,63,68,73,78,83,88,93,97},{42,47,52,57,62,67,72,77,82,87,92,99,100}),999) -> 82 | Z12: =IF(D12<$D$3,X12/$Z$3,X12/$Z$4) -> 5.5555556 | AA12: =Z12*(1+$AA$4) -> 5.5555556 | AB12: =IF(D12<$D$3,AA12/$AB$3,AA12/$AB$4) -> 11.658098 | AC12: Blw | AF12: 1. fish trapped/sampled >1 | AL12: don't remove, adjusted for reasc rate later, otherwise gets removed twice
A13: OtsLGRF23S | B13: OtsLGRF23S_7127 | C13: C-07127 | D13: 45184 | E13: =IF(D13<=$D$6,70,18) -> 18 | F13: F | G13: 820 | H13: =G13/10 -> 82 | I13: AI | J13: NA | K13: 3DD.003D7E542B | L13: NA | M13: F | N13: =IF(M13="U",F13,M13) -> F | O13: OtsNPFH18S_1_5339 | P13: OtsNPFH18S_1_5047 | Q13: OtsNPFH18S_1 | R13: 5 | S13: =IFERROR($S$3-R13,"U") -> 2018 | T13: FALL | U13: 1 | V13: NPTH | W13: =VLOOKUP(Q13,'PBT Tag Rates'!$B$5:$E$44,4,FALSE) -> 0.96828397 | X13: 1 | Y13: =IFERROR(LOOKUP(H13,{30,43,48,53,58,63,68,73,78,83,88,93,97},{42,47,52,57,62,67,72,77,82,87,92,99,100}),999) -> 82 | Z13: =IF(D13<$D$3,X13/$Z$3,X13/$Z$4) -> 5.5555556 | AA13: =Z13*(1+$AA$4) -> 5.5555556 | AB13: =IF(D13<$D$3,AA13/$AB$3,AA13/$AB$4) -> 11.658098 | AC13: Abv | AF13: 2. fish sampled at LGR and hatchery (missing PIT) | AL13: remove duplicate samples, use LGR sample
A14: OtsLGRF23S | B14: OtsLGRF23S_7139 | C14: C-07139 | D14: 45184 | E14: =IF(D14<=$D$6,70,18) -> 18 | F14: F | G14: 850 | H14: =G14/10 -> 85 | I14: AI | J14: NA | K14: 3DD.003D7E5468 | L14: NA | M14: F | N14: =IF(M14="U",F14,M14) -> F | O14: NA | P14: NA | Q14: Unassigned | R14: NA | S14: =IFERROR($S$3-R14,"U") -> U | T14: FALL | U14: 1 | V14: Unassigned | W14: =VLOOKUP(Q14,'PBT Tag Rates'!$B$5:$E$44,4,FALSE) -> #N/A | X14: 1 | Y14: =IFERROR(LOOKUP(H14,{30,43,48,53,58,63,68,73,78,83,88,93,97},{42,47,52,57,62,67,72,77,82,87,92,99,100}),999) -> 87 | Z14: =IF(D14<$D$3,X14/$Z$3,X14/$Z$4) -> 5.5555556 | AA14: =Z14*(1+$AA$4) -> 5.5555556 | AB14: =IF(D14<$D$3,AA14/$AB$3,AA14/$AB$4) -> 11.658098 | AC14: Abv
A15: OtsLGRF23S | B15: OtsLGRF23S_7155 | C15: C-07155 | D15: 45184 | E15: =IF(D15<=$D$6,70,18) -> 18 | F15: F | G15: 800 | H15: =G15/10 -> 80 | I15: AI | J15: NA | K15: 3DD.003D7E5460 | L15: NA | M15: F | N15: =IF(M15="U",F15,M15) -> F | O15: OtsLYON19S_1_1725 | P15: OtsLYON19S_1_1952 | Q15: OtsLYON19S_1 | R15: 4 | S15: =IFERROR($S$3-R15,"U") -> 2019 | T15: FALL | U15: 1 | V15: IPCSR | W15: =VLOOKUP(Q15,'PBT Tag Rates'!$B$5:$E$44,4,FALSE) -> 0.95971981 | X15: 1 | Y15: =IFERROR(LOOKUP(H15,{30,43,48,53,58,63,68,73,78,83,88,93,97},{42,47,52,57,62,67,72,77,82,87,92,99,100}),999) -> 82 | Z15: =IF(D15<$D$3,X15/$Z$3,X15/$Z$4) -> 5.5555556 | AA15: =Z15*(1+$AA$4) -> 5.5555556 | AB15: =IF(D15<$D$3,AA15/$AB$3,AA15/$AB$4) -> 11.658098 | AC15: Abv | AF15: Night passage
A16: OtsLGRF23S | B16: OtsLGRF23S_7163 | C16: C-07163 | D16: 45184 | E16: =IF(D16<=$D$6,70,18) -> 18 | F16: M | G16: 850 | H16: =G16/10 -> 85 | I16: AD | J16: 1 | K16: 3DD.003D7E5431 | L16: NA | M16: M | N16: =IF(M16="U",F16,M16) -> M | O16: OtsLYON19S_1_1334 | P16: OtsLYON19S_1_1256 | Q16: OtsLYON19S_1 | R16: 4 | S16: =IFERROR($S$3-R16,"U") -> 2019 | T16: FALL | U16: 1 | V16: CJA2 | W16: =VLOOKUP(Q16,'PBT Tag Rates'!$B$5:$E$44,4,FALSE) -> 0.95971981 | X16: 1 | Y16: =IFERROR(LOOKUP(H16,{30,43,48,53,58,63,68,73,78,83,88,93,97},{42,47,52,57,62,67,72,77,82,87,92,99,100}),999) -> 87 | Z16: =IF(D16<$D$3,X16/$Z$3,X16/$Z$4) -> 5.5555556 | AA16: =Z16*(1+$AA$4) -> 5.5555556 | AB16: =IF(D16<$D$3,AA16/$AB$3,AA16/$AB$4) -> 11.658098 | AC16: Abv | AF16: discontinue night passage ajustment, window bias. Use set trap rate as it is likely more accurate than using the window in the rate calculation
A17: OtsLGRF23S | B17: OtsLGRF23S_7185 | C17: C-07185 | D17: 45184 | E17: =IF(D17<=$D$6,70,18) -> 18 | F17: M | G17: 840 | H17: =G17/10 -> 84 | I17: AI | J17: NA | K17: 3DD.003D7E5451 | L17: NA | M17: M | N17: =IF(M17="U",F17,M17) -> M | O17: NA | P17: NA | Q17: Unassigned | R17: NA | S17: =IFERROR($S$3-R17,"U") -> U | T17: FALL | U17: 1 | V17: Unassigned | W17: =VLOOKUP(Q17,'PBT Tag Rates'!$B$5:$E$44,4,FALSE) -> #N/A | X17: 1 | Y17: =IFERROR(LOOKUP(H17,{30,43,48,53,58,63,68,73,78,83,88,93,97},{42,47,52,57,62,67,72,77,82,87,92,99,100}),999) -> 87 | Z17: =IF(D17<$D$3,X17/$Z$3,X17/$Z$4) -> 5.5555556 | AA17: =Z17*(1+$AA$4) -> 5.5555556 | AB17: =IF(D17<$D$3,AA17/$AB$3,AA17/$AB$4) -> 11.658098 | AC17: Abv
A18: OtsLGRF23S | B18: OtsLGRF23S_7196 | C18: C-07196 | D18: 45184 | E18: =IF(D18<=$D$6,70,18) -> 18 | F18: F | G18: 810 | H18: =G18/10 -> 81 | I18: AD | J18: 1 | K18: 3DD.003D7E545D | L18: NA | M18: F | N18: =IF(M18="U",F18,M18) -> F | O18: OtsLYON19S_1_0548 | P18: OtsLYON19S_1_0410 | Q18: OtsLYON19S_1 | R18: 4 | S18: =IFERROR($S$3-R18,"U") -> 2019 | T18: FALL | U18: 1 | V18: LFSO | W18: =VLOOKUP(Q18,'PBT Tag Rates'!$B$5:$E$44,4,FALSE) -> 0.95971981 | X18: 1 | Y18: =IFERROR(LOOKUP(H18,{30,43,48,53,58,63,68,73,78,83,88,93,97},{42,47,52,57,62,67,72,77,82,87,92,99,100}),999) -> 82 | Z18: =IF(D18<$D$3,X18/$Z$3,X18/$Z$4) -> 5.5555556 | AA18: =Z18*(1+$AA$4) -> 5.5555556 | AB18: =IF(D18<$D$3,AA18/$AB$3,AA18/$AB$4) -> 11.658098 | AC18: Blw | AF18: reascension rate
A19: OtsLGRF23S | B19: OtsLGRF23S_7208 | C19: C-07208 | D19: 45184 | E19: =IF(D19<=$D$6,70,18) -> 18 | F19: M | G19: 880 | H19: =G19/10 -> 88 | I19: AI | J19: NA | K19: 3DD.003D7E545F | L19: NA | M19: M | N19: =IF(M19="U",F19,M19) -> M | O19: NA | P19: NA | Q19: Unassigned | R19: NA | S19: =IFERROR($S$3-R19,"U") -> U | T19: FALL | U19: 1 | V19: Unassigned | W19: =VLOOKUP(Q19,'PBT Tag Rates'!$B$5:$E$44,4,FALSE) -> #N/A | X19: 1 | Y19: =IFERROR(LOOKUP(H19,{30,43,48,53,58,63,68,73,78,83,88,93,97},{42,47,52,57,62,67,72,77,82,87,92,99,100}),999) -> 92 | Z19: =IF(D19<$D$3,X19/$Z$3,X19/$Z$4) -> 5.5555556 | AA19: =Z19*(1+$AA$4) -> 5.5555556 | AB19: =IF(D19<$D$3,AA19/$AB$3,AA19/$AB$4) -> 11.658098 | AC19: Abv | AF19: need to apply a multinomial:
A20: OtsLGRF23S | B20: OtsLGRF23S_7209 | C20: C-07209 | D20: 45184 | E20: =IF(D20<=$D$6,70,18) -> 18 | F20: F | G20: 800 | H20: =G20/10 -> 80 | I20: AI | J20: NA | K20: 3DD.003D7E544B | L20: NA | M20: F | N20: =IF(M20="U",F20,M20) -> F | O20: OtsLYON19S_1_0147 | P20: OtsLYON19S_1_0212 | Q20: OtsLYON19S_1 | R20: 4 | S20: =IFERROR($S$3-R20,"U") -> 2019 | T20: FALL | U20: 1 | V20: BCA2 | W20: =VLOOKUP(Q20,'PBT Tag Rates'!$B$5:$E$44,4,FALSE) -> 0.95971981 | X20: 1 | Y20: =IFERROR(LOOKUP(H20,{30,43,48,53,58,63,68,73,78,83,88,93,97},{42,47,52,57,62,67,72,77,82,87,92,99,100}),999) -> 82 | Z20: =IF(D20<$D$3,X20/$Z$3,X20/$Z$4) -> 5.5555556 | AA20: =Z20*(1+$AA$4) -> 5.5555556 | AB20: =IF(D20<$D$3,AA20/$AB$3,AA20/$AB$4) -> 11.658098 | AC20: Abv
A21: OtsLGRF23S | B21: OtsLGRF23S_7217 | C21: C-07217 | D21: 45184 | E21: =IF(D21<=$D$6,70,18) -> 18 | F21: F | G21: 830 | H21: =G21/10 -> 83 | I21: AI | J21: NA | K21: 3DD.003D7E5429 | L21: NA | M21: F | N21: =IF(M21="U",F21,M21) -> F | O21: OtsLYON19S_1_1811 | P21: OtsLYON19S_1_1524 | Q21: OtsLYON19S_1 | R21: 4 | S21: =IFERROR($S$3-R21,"U") -> 2019 | T21: FALL | U21: 1 | V21: IPCSR | W21: =VLOOKUP(Q21,'PBT Tag Rates'!$B$5:$E$44,4,FALSE) -> 0.95971981 | X21: 1 | Y21: =IFERROR(LOOKUP(H21,{30,43,48,53,58,63,68,73,78,83,88,93,97},{42,47,52,57,62,67,72,77,82,87,92,99,100}),999) -> 87 | Z21: =IF(D21<$D$3,X21/$Z$3,X21/$Z$4) -> 5.5555556 | AA21: =Z21*(1+$AA$4) -> 5.5555556 | AB21: =IF(D21<$D$3,AA21/$AB$3,AA21/$AB$4) -> 11.658098 | AC21: Abv
A22: OtsLGRF23S | B22: OtsLGRF23S_7260 | C22: C-07260 | D22: 45185 | E22: =IF(D22<=$D$6,70,18) -> 18 | F22: F | G22: 810 | H22: =G22/10 -> 81 | I22: AI | J22: NA | K22: 3DD.003D7E541C | L22: NA | M22: F | N22: =IF(M22="U",F22,M22) -> F | O22: OtsLYON19S_1_0709 | P22: OtsLYON19S_1_0811 | Q22: OtsLYON19S_1 | R22: 4 | S22: =IFERROR($S$3-R22,"U") -> 2019 | T22: FALL | U22: 1 | V22: CJA1 | W22: =VLOOKUP(Q22,'PBT Tag Rates'!$B$5:$E$44,4,FALSE) -> 0.95971981 | X22: 1 | Y22: =IFERROR(LOOKUP(H22,{30,43,48,53,58,63,68,73,78,83,88,93,97},{42,47,52,57,62,67,72,77,82,87,92,99,100}),999) -> 82 | Z22: =IF(D22<$D$3,X22/$Z$3,X22/$Z$4) -> 5.5555556 | AA22: =Z22*(1+$AA$4) -> 5.5555556 | AB22: =IF(D22<$D$3,AA22/$AB$3,AA22/$AB$4) -> 11.658098 | AC22: Abv
A23: OtsLGRF23S | B23: OtsLGRF23S_7281 | C23: C-07281 | D23: 45185 | E23: =IF(D23<=$D$6,70,18) -> 18 | F23: F | G23: 820 | H23: =G23/10 -> 82 | I23: AI | J23: NA | K23: 3DD.003D7E546D | L23: NA | M23: F | N23: =IF(M23="U",F23,M23) -> F | O23: OtsLYON19S_1_1821 | P23: OtsLYON19S_1_1543 | Q23: OtsLYON19S_1 | R23: 4 | S23: =IFERROR($S$3-R23,"U") -> 2019 | T23: FALL | U23: 1 | V23: IPCSR | W23: =VLOOKUP(Q23,'PBT Tag Rates'!$B$5:$E$44,4,FALSE) -> 0.95971981 | X23: 1 | Y23: =IFERROR(LOOKUP(H23,{30,43,48,53,58,63,68,73,78,83,88,93,97},{42,47,52,57,62,67,72,77,82,87,92,99,100}),999) -> 82 | Z23: =IF(D23<$D$3,X23/$Z$3,X23/$Z$4) -> 5.5555556 | AA23: =Z23*(1+$AA$4) -> 5.5555556 | AB23: =IF(D23<$D$3,AA23/$AB$3,AA23/$AB$4) -> 11.658098 | AC23: Abv
A24: OtsLGRF23S | B24: OtsLGRF23S_7286 | C24: C-07286 | D24: 45185 | E24: =IF(D24<=$D$6,70,18) -> 18 | F24: F | G24: 820 | H24: =G24/10 -> 82 | I24: AI | J24: NA | K24: 3DD.003D7E5440 | L24: NA | M24: F | N24: =IF(M24="U",F24,M24) -> F | O24: OtsNPFH19S_1_4302 | P24: OtsNPFH19S_1_4005 | Q24: OtsNPFH19S_1 | R24: 4 | S24: =IFERROR($S$3-R24,"U") -> 2019 | T24: FALL | U24: 1 | V24: NLVA | W24: =VLOOKUP(Q24,'PBT Tag Rates'!$B$5:$E$44,4,FALSE) -> 0.99705232 | X24: 1 | Y24: =IFERROR(LOOKUP(H24,{30,43,48,53,58,63,68,73,78,83,88,93,97},{42,47,52,57,62,67,72,77,82,87,92,99,100}),999) -> 82 | Z24: =IF(D24<$D$3,X24/$Z$3,X24/$Z$4) -> 5.5555556 | AA24: =Z24*(1+$AA$4) -> 5.5555556 | AB24: =IF(D24<$D$3,AA24/$AB$3,AA24/$AB$4) -> 11.658098 | AC24: Abv
A25: OtsLGRF23S | B25: OtsLGRF23S_7287 | C25: C-07287 | D25: 45185 | E25: =IF(D25<=$D$6,70,18) -> 18 | F25: F | G25: 820 | H25: =G25/10 -> 82 | I25: AI | J25: NA | K25: 3DD.003D7E5463 | L25: NA | M25: F | N25: =IF(M25="U",F25,M25) -> F | O25: OtsLYON19S_1_1859 | P25: OtsLYON19S_1_1638 | Q25: OtsLYON19S_1 | R25: 4 | S25: =IFERROR($S$3-R25,"U") -> 2019 | T25: FALL | U25: 1 | V25: IPCSR | W25: =VLOOKUP(Q25,'PBT Tag Rates'!$B$5:$E$44,4,FALSE) -> 0.95971981 | X25: 1 | Y25: =IFERROR(LOOKUP(H25,{30,43,48,53,58,63,68,73,78,83,88,93,97},{42,47,52,57,62,67,72,77,82,87,92,99,100}),999) -> 82 | Z25: =IF(D25<$D$3,X25/$Z$3,X25/$Z$4) -> 5.5555556 | AA25: =Z25*(1+$AA$4) -> 5.5555556 | AB25: =IF(D25<$D$3,AA25/$AB$3,AA25/$AB$4) -> 11.658098 | AC25: Abv
A26: OtsLGRF23S | B26: OtsLGRF23S_7298 | C26: C-07298 | D26: 45185 | E26: =IF(D26<=$D$6,70,18) -> 18 | F26: F | G26: 840 | H26: =G26/10 -> 84 | I26: AD | J26: 1 | K26: 3DD.003D7E5477 | L26: NA | M26: F | N26: =IF(M26="U",F26,M26) -> F | O26: OtsLYON19S_1_0538 | P26: OtsLYON19S_1_0393 | Q26: OtsLYON19S_1 | R26: 4 | S26: =IFERROR($S$3-R26,"U") -> 2019 | T26: FALL | U26: 1 | V26: LFSO | W26: =VLOOKUP(Q26,'PBT Tag Rates'!$B$5:$E$44,4,FALSE) -> 0.95971981 | X26: 1 | Y26: =IFERROR(LOOKUP(H26,{30,43,48,53,58,63,68,73,78,83,88,93,97},{42,47,52,57,62,67,72,77,82,87,92,99,100}),999) -> 87 | Z26: =IF(D26<$D$3,X26/$Z$3,X26/$Z$4) -> 5.5555556 | AA26: =Z26*(1+$AA$4) -> 5.5555556 | AB26: =IF(D26<$D$3,AA26/$AB$3,AA26/$AB$4) -> 11.658098 | AC26: Blw
A27: OtsLGRF23S | B27: OtsLGRF23S_7320 | C27: C-07320 | D27: 45185 | E27: =IF(D27<=$D$6,70,18) -> 18 | F27: M | G27: 830 | H27: =G27/10 -> 83 | I27: AI | J27: NA | K27: 3DD.003D7E542A | L27: NA | M27: M | N27: =IF(M27="U",F27,M27) -> M | O27: NA | P27: NA | Q27: Unassigned | R27: NA | S27: =IFERROR($S$3-R27,"U") -> U | T27: FALL | U27: 1 | V27: Unassigned | W27: =VLOOKUP(Q27,'PBT Tag Rates'!$B$5:$E$44,4,FALSE) -> #N/A | X27: 1 | Y27: =IFERROR(LOOKUP(H27,{30,43,48,53,58,63,68,73,78,83,88,93,97},{42,47,52,57,62,67,72,77,82,87,92,99,100}),999) -> 87 | Z27: =IF(D27<$D$3,X27/$Z$3,X27/$Z$4) -> 5.5555556 | AA27: =Z27*(1+$AA$4) -> 5.5555556 | AB27: =IF(D27<$D$3,AA27/$AB$3,AA27/$AB$4) -> 11.658098 | AC27: Abv
A28: OtsLGRF23S | B28: OtsLGRF23S_7329 | C28: C-07329 | D28: 45185 | E28: =IF(D28<=$D$6,70,18) -> 18 | F28: F | G28: 810 | H28: =G28/10 -> 81 | I28: AD | J28: 1 | K28: 3DD.003D7E5444 | L28: NA | M28: F | N28: =IF(M28="U",F28,M28) -> F | O28: OtsLYON19S_1_0709 | P28: OtsLYON19S_1_0809 | Q28: OtsLYON19S_1 | R28: 4 | S28: =IFERROR($S$3-R28,"U") -> 2019 | T28: FALL | U28: 1 | V28: CJA1 | W28: =VLOOKUP(Q28,'PBT Tag Rates'!$B$5:$E$44,4,FALSE) -> 0.95971981 | X28: 1 | Y28: =IFERROR(LOOKUP(H28,{30,43,48,53,58,63,68,73,78,83,88,93,97},{42,47,52,57,62,67,72,77,82,87,92,99,100}),999) -> 82 | Z28: =IF(D28<$D$3,X28/$Z$3,X28/$Z$4) -> 5.5555556 | AA28: =Z28*(1+$AA$4) -> 5.5555556 | AB28: =IF(D28<$D$3,AA28/$AB$3,AA28/$AB$4) -> 11.658098 | AC28: Abv
A29: OtsLGRF23S | B29: OtsLGRF23S_7335 | C29: C-07335 | D29: 45185 | E29: =IF(D29<=$D$6,70,18) -> 18 | F29: F | G29: 810 | H29: =G29/10 -> 81 | I29: AI | J29: NA | K29: 3DD.003D7E5426 | L29: NA | M29: F | N29: =IF(M29="U",F29,M29) -> F | O29: OtsLYON19S_1_0147 | P29: OtsLYON19S_1_0212 | Q29: OtsLYON19S_1 | R29: 4 | S29: =IFERROR($S$3-R29,"U") -> 2019 | T29: FALL | U29: 1 | V29: BCA2 | W29: =VLOOKUP(Q29,'PBT Tag Rates'!$B$5:$E$44,4,FALSE) -> 0.95971981 | X29: 1 | Y29: =IFERROR(LOOKUP(H29,{30,43,48,53,58,63,68,73,78,83,88,93,97},{42,47,52,57,62,67,72,77,82,87,92,99,100}),999) -> 82 | Z29: =IF(D29<$D$3,X29/$Z$3,X29/$Z$4) -> 5.5555556 | AA29: =Z29*(1+$AA$4) -> 5.5555556 | AB29: =IF(D29<$D$3,AA29/$AB$3,AA29/$AB$4) -> 11.658098 | AC29: Abv
A30: OtsLGRF23S | B30: OtsLGRF23S_7364 | C30: C-07364 | D30: 45186 | E30: =IF(D30<=$D$6,70,18) -> 18 | F30: M | G30: 870 | H30: =G30/10 -> 87 | I30: AI | J30: NA | K30: 3DD.003D7E5478 | L30: NA | M30: M | N30: =IF(M30="U",F30,M30) -> M | O30: OtsLYON19S_1_0579 | P30: OtsLYON19S_1_0637 | Q30: OtsLYON19S_1 | R30: 4 | S30: =IFERROR($S$3-R30,"U") -> 2019 | T30: FALL | U30: 1 | V30: CJA1 | W30: =VLOOKUP(Q30,'PBT Tag Rates'!$B$5:$E$44,4,FALSE) -> 0.95971981 | X30: 1 | Y30: =IFERROR(LOOKUP(H30,{30,43,48,53,58,63,68,73,78,83,88,93,97},{42,47,52,57,62,67,72,77,82,87,92,99,100}),999) -> 87 | Z30: =IF(D30<$D$3,X30/$Z$3,X30/$Z$4) -> 5.5555556 | AA30: =Z30*(1+$AA$4) -> 5.5555556 | AB30: =IF(D30<$D$3,AA30/$AB$3,AA30/$AB$4) -> 11.658098 | AC30: Abv
A31: OtsLGRF23S | B31: OtsLGRF23S_7377 | C31: C-07377 | D31: 45186 | E31: =IF(D31<=$D$6,70,18) -> 18 | F31: F | G31: 810 | H31: =G31/10 -> 81 | I31: AI | J31: NA | K31: 3DD.003D7E5423 | L31: NA | M31: F | N31: =IF(M31="U",F31,M31) -> F | O31: NA | P31: NA | Q31: Unassigned | R31: NA | S31: =IFERROR($S$3-R31,"U") -> U | T31: FALL | U31: 1 | V31: Unassigned | W31: =VLOOKUP(Q31,'PBT Tag Rates'!$B$5:$E$44,4,FALSE) -> #N/A | X31: 1 | Y31: =IFERROR(LOOKUP(H31,{30,43,48,53,58,63,68,73,78,83,88,93,97},{42,47,52,57,62,67,72,77,82,87,92,99,100}),999) -> 82 | Z31: =IF(D31<$D$3,X31/$Z$3,X31/$Z$4) -> 5.5555556 | AA31: =Z31*(1+$AA$4) -> 5.5555556 | AB31: =IF(D31<$D$3,AA31/$AB$3,AA31/$AB$4) -> 11.658098 | AC31: Abv
A32: OtsLGRF23S | B32: OtsLGRF23S_7380 | C32: C-07380 | D32: 45186 | E32: =IF(D32<=$D$6,70,18) -> 18 | F32: F | G32: 840 | H32: =G32/10 -> 84 | I32: AI | J32: NA | K32: 3DD.003D7E5415 | L32: NA | M32: F | N32: =IF(M32="U",F32,M32) -> F | O32: NA | P32: NA | Q32: Unassigned | R32: NA | S32: =IFERROR($S$3-R32,"U") -> U | T32: FALL | U32: 1 | V32: Unassigned | W32: =VLOOKUP(Q32,'PBT Tag Rates'!$B$5:$E$44,4,FALSE) -> #N/A | X32: 1 | Y32: =IFERROR(LOOKUP(H32,{30,43,48,53,58,63,68,73,78,83,88,93,97},{42,47,52,57,62,67,72,77,82,87,92,99,100}),999) -> 87 | Z32: =IF(D32<$D$3,X32/$Z$3,X32/$Z$4) -> 5.5555556 | AA32: =Z32*(1+$AA$4) -> 5.5555556 | AB32: =IF(D32<$D$3,AA32/$AB$3,AA32/$AB$4) -> 11.658098 | AC32: Abv
A33: OtsLGRF23S | B33: OtsLGRF23S_7451 | C33: C-07451 | D33: 45186 | E33: =IF(D33<=$D$6,70,18) -> 18 | F33: M | G33: 860 | H33: =G33/10 -> 86 | I33: AI | J33: NA | K33: 3DD.003D7E5432 | L33: NA | M33: M | N33: =IF(M33="U",F33,M33) -> M | O33: OtsNPFH19S_1_2315 | P33: OtsNPFH19S_1_2009 | Q33: OtsNPFH19S_1 | R33: 4 | S33: =IFERROR($S$3-R33,"U") -> 2019 | T33: FALL | U33: 1 | V33: NPTH | W33: =VLOOKUP(Q33,'PBT Tag Rates'!$B$5:$E$44,4,FALSE) -> 0.99705232 | X33: 1 | Y33: =IFERROR(LOOKUP(H33,{30,43,48,53,58,63,68,73,78,83,88,93,97},{42,47,52,57,62,67,72,77,82,87,92,99,100}),999) -> 87 | Z33: =IF(D33<$D$3,X33/$Z$3,X33/$Z$4) -> 5.5555556 | AA33: =Z33*(1+$AA$4) -> 5.5555556 | AB33: =IF(D33<$D$3,AA33/$AB$3,AA33/$AB$4) -> 11.658098 | AC33: Abv
A34: OtsLGRF23S | B34: OtsLGRF23S_7470 | C34: C-07470 | D34: 45186 | E34: =IF(D34<=$D$6,70,18) -> 18 | F34: M | G34: 860 | H34: =G34/10 -> 86 | I34: AI | J34: NA | K34: 3DD.003D7E5452 | L34: NA | M34: M | N34: =IF(M34="U",F34,M34) -> M | O34: OtsLYON19S_1_0555 | P34: OtsLYON19S_1_0453 | Q34: OtsLYON19S_1 | R34: 4 | S34: =IFERROR($S$3-R34,"U") -> 2019 | T34: FALL | U34: 1 | V34: LFSO | W34: =VLOOKUP(Q34,'PBT Tag Rates'!$B$5:$E$44,4,FALSE) -> 0.95971981 | X34: 1 | Y34: =IFERROR(LOOKUP(H34,{30,43,48,53,58,63,68,73,78,83,88,93,97},{42,47,52,57,62,67,72,77,82,87,92,99,100}),999) -> 87 | Z34: =IF(D34<$D$3,X34/$Z$3,X34/$Z$4) -> 5.5555556 | AA34: =Z34*(1+$AA$4) -> 5.5555556 | AB34: =IF(D34<$D$3,AA34/$AB$3,AA34/$AB$4) -> 11.658098 | AC34: Blw
A35: OtsLGRF23S | B35: OtsLGRF23S_7484 | C35: C-07484 | D35: 45186 | E35: =IF(D35<=$D$6,70,18) -> 18 | F35: F | G35: 850 | H35: =G35/10 -> 85 | I35: AI | J35: NA | K35: 3DD.003D7E5439 | L35: NA | M35: F | N35: =IF(M35="U",F35,M35) -> F | O35: NA | P35: NA | Q35: Unassigned | R35: NA | S35: =IFERROR($S$3-R35,"U") -> U | T35: FALL | U35: 1 | V35: Unassigned | W35: =VLOOKUP(Q35,'PBT Tag Rates'!$B$5:$E$44,4,FALSE) -> #N/A | X35: 1 | Y35: =IFERROR(LOOKUP(H35,{30,43,48,53,58,63,68,73,78,83,88,93,97},{42,47,52,57,62,67,72,77,82,87,92,99,100}),999) -> 87 | Z35: =IF(D35<$D$3,X35/$Z$3,X35/$Z$4) -> 5.5555556 | AA35: =Z35*(1+$AA$4) -> 5.5555556 | AB35: =IF(D35<$D$3,AA35/$AB$3,AA35/$AB$4) -> 11.658098 | AC35: Abv
A36: OtsLGRF23S | B36: OtsLGRF23S_7485 | C36: C-07485 | D36: 45186 | E36: =IF(D36<=$D$6,70,18) -> 18 | F36: M | G36: 800 | H36: =G36/10 -> 80 | I36: AI | J36: NA | K36: 3DD.003D7E5453 | L36: NA | M36: M | N36: =IF(M36="U",F36,M36) -> M | O36: OtsLYON19S_1_1742 | P36: OtsLYON19S_1_1973 | Q36: OtsLYON19S_1 | R36: 4 | S36: =IFERROR($S$3-R36,"U") -> 2019 | T36: FALL | U36: 1 | V36: IPCSR | W36: =VLOOKUP(Q36,'PBT Tag Rates'!$B$5:$E$44,4,FALSE) -> 0.95971981 | X36: 1 | Y36: =IFERROR(LOOKUP(H36,{30,43,48,53,58,63,68,73,78,83,88,93,97},{42,47,52,57,62,67,72,77,82,87,92,99,100}),999) -> 82 | Z36: =IF(D36<$D$3,X36/$Z$3,X36/$Z$4) -> 5.5555556 | AA36: =Z36*(1+$AA$4) -> 5.5555556 | AB36: =IF(D36<$D$3,AA36/$AB$3,AA36/$AB$4) -> 11.658098 | AC36: Abv
A37: OtsLGRF23S | B37: OtsLGRF23S_7508 | C37: C-07508 | D37: 45186 | E37: =IF(D37<=$D$6,70,18) -> 18 | F37: M | G37: 870 | H37: =G37/10 -> 87 | I37: AD | J37: 1 | K37: 3DD.003D7E5430 | L37: NA | M37: M | N37: =IF(M37="U",F37,M37) -> M | O37: OtsNPFH19S_1_3357 | P37: OtsNPFH19S_1_3075 | Q37: OtsNPFH19S_1 | R37: 4 | S37: =IFERROR($S$3-R37,"U") -> 2019 | T37: FALL | U37: 1 | V37: NLVA | W37: =VLOOKUP(Q37,'PBT Tag Rates'!$B$5:$E$44,4,FALSE) -> 0.99705232 | X37: 1 | Y37: =IFERROR(LOOKUP(H37,{30,43,48,53,58,63,68,73,78,83,88,93,97},{42,47,52,57,62,67,72,77,82,87,92,99,100}),999) -> 87 | Z37: =IF(D37<$D$3,X37/$Z$3,X37/$Z$4) -> 5.5555556 | AA37: =Z37*(1+$AA$4) -> 5.5555556 | AB37: =IF(D37<$D$3,AA37/$AB$3,AA37/$AB$4) -> 11.658098 | AC37: Abv
A38: OtsLGRF23S | B38: OtsLGRF23S_7563 | C38: C-07563 | D38: 45186 | E38: =IF(D38<=$D$6,70,18) -> 18 | F38: F | G38: 840 | H38: =G38/10 -> 84 | I38: AI | J38: NA | K38: 3DD.003D7E543E | L38: NA | M38: F | N38: =IF(M38="U",F38,M38) -> F | O38: OtsLYON18S_1_1918 | P38: OtsLYON18S_1_1522 | Q38: OtsLYON18S_1 | R38: 5 | S38: =IFERROR($S$3-R38,"U") -> 2018 | T38: FALL | U38: 1 | V38: LFH UNK | W38: =VLOOKUP(Q38,'PBT Tag Rates'!$B$5:$E$44,4,FALSE) -> 0.80551598 | X38: 1 | Y38: =IFERROR(LOOKUP(H38,{30,43,48,53,58,63,68,73,78,83,88,93,97},{42,47,52,57,62,67,72,77,82,87,92,99,100}),999) -> 87 | Z38: =IF(D38<$D$3,X38/$Z$3,X38/$Z$4) -> 5.5555556 | AA38: =Z38*(1+$AA$4) -> 5.5555556 | AB38: =IF(D38<$D$3,AA38/$AB$3,AA38/$AB$4) -> 11.658098 | AC38: Blw
A39: OtsLGRF23S | B39: OtsLGRF23S_7571 | C39: C-07571 | D39: 45186 | E39: =IF(D39<=$D$6,70,18) -> 18 | F39: F | G39: 840 | H39: =G39/10 -> 84 | I39: AI | J39: NA | K39: 3DD.003D7E541F | L39: NA | M39: F | N39: =IF(M39="U",F39,M39) -> F | O39: OtsLYON18S_1_0713 | P39: OtsLYON18S_1_0572 | Q39: OtsLYON18S_1 | R39: 5 | S39: =IFERROR($S$3-R39,"U") -> 2018 | T39: FALL | U39: 1 | V39: BCA2 | W39: =VLOOKUP(Q39,'PBT Tag Rates'!$B$5:$E$44,4,FALSE) -> 0.80551598 | X39: 1 | Y39: =IFERROR(LOOKUP(H39,{30,43,48,53,58,63,68,73,78,83,88,93,97},{42,47,52,57,62,67,72,77,82,87,92,99,100}),999) -> 87 | Z39: =IF(D39<$D$3,X39/$Z$3,X39/$Z$4) -> 5.5555556 | AA39: =Z39*(1+$AA$4) -> 5.5555556 | AB39: =IF(D39<$D$3,AA39/$AB$3,AA39/$AB$4) -> 11.658098 | AC39: Abv
A40: OtsLGRF23S | B40: OtsLGRF23S_7572 | C40: C-07572 | D40: 45186 | E40: =IF(D40<=$D$6,70,18) -> 18 | F40: F | G40: 820 | H40: =G40/10 -> 82 | I40: AI | J40: NA | K40: 3DD.003D7E546A | L40: NA | M40: F | N40: =IF(M40="U",F40,M40) -> F | O40: OtsLYON19S_1_0598 | P40: OtsLYON19S_1_0666 | Q40: OtsLYON19S_1 | R40: 4 | S40: =IFERROR($S$3-R40,"U") -> 2019 | T40: FALL | U40: 1 | V40: CJA1 | W40: =VLOOKUP(Q40,'PBT Tag Rates'!$B$5:$E$44,4,FALSE) -> 0.95971981 | X40: 1 | Y40: =IFERROR(LOOKUP(H40,{30,43,48,53,58,63,68,73,78,83,88,93,97},{42,47,52,57,62,67,72,77,82,87,92,99,100}),999) -> 82 | Z40: =IF(D40<$D$3,X40/$Z$3,X40/$Z$4) -> 5.5555556 | AA40: =Z40*(1+$AA$4) -> 5.5555556 | AB40: =IF(D40<$D$3,AA40/$AB$3,AA40/$AB$4) -> 11.658098 | AC40: Abv
A41: OtsLGRF23S | B41: OtsLGRF23S_7583 | C41: C-07583 | D41: 45186 | E41: =IF(D41<=$D$6,70,18) -> 18 | F41: M | G41: 820 | H41: =G41/10 -> 82 | I41: AI | J41: NA | K41: 3DD.003D7E5474 | L41: NA | M41: M | N41: =IF(M41="U",F41,M41) -> M | O41: OtsLYON19S_1_0126 | P41: OtsLYON19S_1_0220 | Q41: OtsLYON19S_1 | R41: 4 | S41: =IFERROR($S$3-R41,"U") -> 2019 | T41: FALL | U41: 1 | V41: BCA2 | W41: =VLOOKUP(Q41,'PBT Tag Rates'!$B$5:$E$44,4,FALSE) -> 0.95971981 | X41: 1 | Y41: =IFERROR(LOOKUP(H41,{30,43,48,53,58,63,68,73,78,83,88,93,97},{42,47,52,57,62,67,72,77,82,87,92,99,100}),999) -> 82 | Z41: =IF(D41<$D$3,X41/$Z$3,X41/$Z$4) -> 5.5555556 | AA41: =Z41*(1+$AA$4) -> 5.5555556 | AB41: =IF(D41<$D$3,AA41/$AB$3,AA41/$AB$4) -> 11.658098 | AC41: Abv
A42: OtsLGRF23S | B42: OtsLGRF23S_7619 | C42: C-07619 | D42: 45187 | E42: =IF(D42<=$D$6,70,18) -> 18 | F42: F | G42: 800 | H42: =G42/10 -> 80 | I42: AD | J42: 1 | K42: 3DD.003D7E5428 | L42: NA | M42: F | N42: =IF(M42="U",F42,M42) -> F | O42: OtsLYON19S_1_0541 | P42: OtsLYON19S_1_0404 | Q42: OtsLYON19S_1 | R42: 4 | S42: =IFERROR($S$3-R42,"U") -> 2019 | T42: FALL | U42: 1 | V42: LFSO | W42: =VLOOKUP(Q42,'PBT Tag Rates'!$B$5:$E$44,4,FALSE) -> 0.95971981 | X42: 1 | Y42: =IFERROR(LOOKUP(H42,{30,43,48,53,58,63,68,73,78,83,88,93,97},{42,47,52,57,62,67,72,77,82,87,92,99,100}),999) -> 82 | Z42: =IF(D42<$D$3,X42/$Z$3,X42/$Z$4) -> 5.5555556 | AA42: =Z42*(1+$AA$4) -> 5.5555556 | AB42: =IF(D42<$D$3,AA42/$AB$3,AA42/$AB$4) -> 11.658098 | AC42: Blw
A43: OtsLGRF23S | B43: OtsLGRF23S_7628 | C43: C-07628 | D43: 45187 | E43: =IF(D43<=$D$6,70,18) -> 18 | F43: F | G43: 850 | H43: =G43/10 -> 85 | I43: AI | J43: NA | K43: 3DD.003D7E5467 | L43: NA | M43: F | N43: =IF(M43="U",F43,M43) -> F | O43: OtsLYON19S_1_1400 | P43: OtsLYON19S_1_1503 | Q43: OtsLYON19S_1 | R43: 4 | S43: =IFERROR($S$3-R43,"U") -> 2019 | T43: FALL | U43: 1 | V43: IPCSR | W43: =VLOOKUP(Q43,'PBT Tag Rates'!$B$5:$E$44,4,FALSE) -> 0.95971981 | X43: 1 | Y43: =IFERROR(LOOKUP(H43,{30,43,48,53,58,63,68,73,78,83,88,93,97},{42,47,52,57,62,67,72,77,82,87,92,99,100}),999) -> 87 | Z43: =IF(D43<$D$3,X43/$Z$3,X43/$Z$4) -> 5.5555556 | AA43: =Z43*(1+$AA$4) -> 5.5555556 | AB43: =IF(D43<$D$3,AA43/$AB$3,AA43/$AB$4) -> 11.658098 | AC43: Abv
A44: OtsLGRF23S | B44: OtsLGRF23S_7634 | C44: C-07634 | D44: 45187 | E44: =IF(D44<=$D$6,70,18) -> 18 | F44: M | G44: 870 | H44: =G44/10 -> 87 | I44: AI | J44: NA | K44: 3DD.003D7E542F | L44: NA | M44: M | N44: =IF(M44="U",F44,M44) -> M | O44: OtsNPFH19S_1_3344 | P44: OtsNPFH19S_1_3072 | Q44: OtsNPFH19S_1 | R44: 4 | S44: =IFERROR($S$3-R44,"U") -> 2019 | T44: FALL | U44: 1 | V44: NLVA | W44: =VLOOKUP(Q44,'PBT Tag Rates'!$B$5:$E$44,4,FALSE) -> 0.99705232 | X44: 1 | Y44: =IFERROR(LOOKUP(H44,{30,43,48,53,58,63,68,73,78,83,88,93,97},{42,47,52,57,62,67,72,77,82,87,92,99,100}),999) -> 87 | Z44: =IF(D44<$D$3,X44/$Z$3,X44/$Z$4) -> 5.5555556 | AA44: =Z44*(1+$AA$4) -> 5.5555556 | AB44: =IF(D44<$D$3,AA44/$AB$3,AA44/$AB$4) -> 11.658098 | AC44: Abv
A45: OtsLGRF23S | B45: OtsLGRF23S_7675 | C45: C-07675 | D45: 45187 | E45: =IF(D45<=$D$6,70,18) -> 18 | F45: F | G45: 820 | H45: =G45/10 -> 82 | I45: AI | J45: NA | K45: 3DD.003D7E541B | L45: NA | M45: F | N45: =IF(M45="U",F45,M45) -> F | O45: NA | P45: NA | Q45: Unassigned | R45: NA | S45: =IFERROR($S$3-R45,"U") -> U | T45: FALL | U45: 1 | V45: Unassigned | W45: =VLOOKUP(Q45,'PBT Tag Rates'!$B$5:$E$44,4,FALSE) -> #N/A | X45: 1 | Y45: =IFERROR(LOOKUP(H45,{30,43,48,53,58,63,68,73,78,83,88,93,97},{42,47,52,57,62,67,72,77,82,87,92,99,100}),999) -> 82 | Z45: =IF(D45<$D$3,X45/$Z$3,X45/$Z$4) -> 5.5555556 | AA45: =Z45*(1+$AA$4) -> 5.5555556 | AB45: =IF(D45<$D$3,AA45/$AB$3,AA45/$AB$4) -> 11.658098 | AC45: Abv
A46: OtsLGRF23S | B46: OtsLGRF23S_7684 | C46: C-07684 | D46: 45187 | E46: =IF(D46<=$D$6,70,18) -> 18 | F46: F | G46: 820 | H46: =G46/10 -> 82 | I46: AI | J46: NA | K46: 3DD.003D7E5472 | L46: NA | M46: F | N46: =IF(M46="U",F46,M46) -> F | O46: NA | P46: NA | Q46: Unassigned | R46: NA | S46: =IFERROR($S$3-R46,"U") -> U | T46: FALL | U46: 1 | V46: Unassigned | W46: =VLOOKUP(Q46,'PBT Tag Rates'!$B$5:$E$44,4,FALSE) -> #N/A | X46: 1 | Y46: =IFERROR(LOOKUP(H46,{30,43,48,53,58,63,68,73,78,83,88,93,97},{42,47,52,57,62,67,72,77,82,87,92,99,100}),999) -> 82 | Z46: =IF(D46<$D$3,X46/$Z$3,X46/$Z$4) -> 5.5555556 | AA46: =Z46*(1+$AA$4) -> 5.5555556 | AB46: =IF(D46<$D$3,AA46/$AB$3,AA46/$AB$4) -> 11.658098 | AC46: Abv
A47: OtsLGRF23S | B47: OtsLGRF23S_7690 | C47: C-07690 | D47: 45187 | E47: =IF(D47<=$D$6,70,18) -> 18 | F47: F | G47: 810 | H47: =G47/10 -> 81 | I47: AD | J47: 1 | K47: 3DD.003E49E245 | L47: NA | M47: F | N47: =IF(M47="U",F47,M47) -> F | O47: OtsLYON19S_1_1742 | P47: OtsLYON19S_1_1973 | Q47: OtsLYON19S_1 | R47: 4 | S47: =IFERROR($S$3-R47,"U") -> 2019 | T47: FALL | U47: 1 | V47: IPCSR | W47: =VLOOKUP(Q47,'PBT Tag Rates'!$B$5:$E$44,4,FALSE) -> 0.95971981 | X47: 1 | Y47: =IFERROR(LOOKUP(H47,{30,43,48,53,58,63,68,73,78,83,88,93,97},{42,47,52,57,62,67,72,77,82,87,92,99,100}),999) -> 82 | Z47: =IF(D47<$D$3,X47/$Z$3,X47/$Z$4) -> 5.5555556 | AA47: =Z47*(1+$AA$4) -> 5.5555556 | AB47: =IF(D47<$D$3,AA47/$AB$3,AA47/$AB$4) -> 11.658098 | AC47: Abv
A48: OtsLGRF23S | B48: OtsLGRF23S_7708 | C48: C-07708 | D48: 45187 | E48: =IF(D48<=$D$6,70,18) -> 18 | F48: F | G48: 880 | H48: =G48/10 -> 88 | I48: AD | J48: NA | K48: 3DD.003D7E4BF7 | L48: NA | M48: F | N48: =IF(M48="U",F48,M48) -> F | O48: OtsPBT18-UmaFa-0926 | P48: OtsPBT18-UmaFa-0922 | Q48: OtsPBT18-UmaFa | R48: 5 | S48: =IFERROR($S$3-R48,"U") -> 2018 | T48: FALL | U48: 1 | V48: UMA | W48: =VLOOKUP(Q48,'PBT Tag Rates'!$B$5:$E$44,4,FALSE) -> 0.9573 | X48: 1 | Y48: =IFERROR(LOOKUP(H48,{30,43,48,53,58,63,68,73,78,83,88,93,97},{42,47,52,57,62,67,72,77,82,87,92,99,100}),999) -> 92 | Z48: =IF(D48<$D$3,X48/$Z$3,X48/$Z$4) -> 5.5555556 | AA48: =Z48*(1+$AA$4) -> 5.5555556 | AB48: =IF(D48<$D$3,AA48/$AB$3,AA48/$AB$4) -> 11.658098 | AC48: Abv
A49: OtsLGRF23S | B49: OtsLGRF23S_7732 | C49: C-07732 | D49: 45187 | E49: =IF(D49<=$D$6,70,18) -> 18 | F49: F | G49: 870 | H49: =G49/10 -> 87 | I49: AD | J49: 1 | K49: 3DD.003D7E5462 | L49: NA | M49: F | N49: =IF(M49="U",F49,M49) -> F | O49: OtsLYON18S_1_0701 | P49: OtsLYON18S_1_0506 | Q49: OtsLYON18S_1 | R49: 5 | S49: =IFERROR($S$3-R49,"U") -> 2018 | T49: FALL | U49: 1 | V49: BCA2 | W49: =VLOOKUP(Q49,'PBT Tag Rates'!$B$5:$E$44,4,FALSE) -> 0.80551598 | X49: 1 | Y49: =IFERROR(LOOKUP(H49,{30,43,48,53,58,63,68,73,78,83,88,93,97},{42,47,52,57,62,67,72,77,82,87,92,99,100}),999) -> 87 | Z49: =IF(D49<$D$3,X49/$Z$3,X49/$Z$4) -> 5.5555556 | AA49: =Z49*(1+$AA$4) -> 5.5555556 | AB49: =IF(D49<$D$3,AA49/$AB$3,AA49/$AB$4) -> 11.658098 | AC49: Abv
A50: OtsLGRF23S | B50: OtsLGRF23S_7735 | C50: C-07735 | D50: 45187 | E50: =IF(D50<=$D$6,70,18) -> 18 | F50: M | G50: 810 | H50: =G50/10 -> 81 | I50: AI | J50: NA | K50: 3DD.003D7E543B | L50: NA | M50: M | N50: =IF(M50="U",F50,M50) -> M | O50: OtsLYON19S_1_1859 | P50: OtsLYON19S_1_1638 | Q50: OtsLYON19S_1 | R50: 4 | S50: =IFERROR($S$3-R50,"U") -> 2019 | T50: FALL | U50: 1 | V50: IPCSR | W50: =VLOOKUP(Q50,'PBT Tag Rates'!$B$5:$E$44,4,FALSE) -> 0.95971981 | X50: 1 | Y50: =IFERROR(LOOKUP(H50,{30,43,48,53,58,63,68,73,78,83,88,93,97},{42,47,52,57,62,67,72,77,82,87,92,99,100}),999) -> 82 | Z50: =IF(D50<$D$3,X50/$Z$3,X50/$Z$4) -> 5.5555556 | AA50: =Z50*(1+$AA$4) -> 5.5555556 | AB50: =IF(D50<$D$3,AA50/$AB$3,AA50/$AB$4) -> 11.658098 | AC50: Abv
A51: OtsLGRF23S | B51: OtsLGRF23S_7736 | C51: C-07736 | D51: 45187 | E51: =IF(D51<=$D$6,70,18) -> 18 | F51: F | G51: 820 | H51: =G51/10 -> 82 | I51: AD | J51: NA | K51: 3DD.003D7E4C38 | L51: NA | M51: F | N51: =IF(M51="U",F51,M51) -> F | O51: OtsLYON19S_1_1114 | P51: OtsLYON19S_1_0945 | Q51: OtsLYON19S_1 | R51: 4 | S51: =IFERROR($S$3-R51,"U") -> 2019 | T51: FALL | U51: 1 | V51: PLA2 | W51: =VLOOKUP(Q51,'PBT Tag Rates'!$B$5:$E$44,4,FALSE) -> 0.95971981 | X51: 1 | Y51: =IFERROR(LOOKUP(H51,{30,43,48,53,58,63,68,73,78,83,88,93,97},{42,47,52,57,62,67,72,77,82,87,92,99,100}),999) -> 82 | Z51: =IF(D51<$D$3,X51/$Z$3,X51/$Z$4) -> 5.5555556 | AA51: =Z51*(1+$AA$4) -> 5.5555556 | AB51: =IF(D51<$D$3,AA51/$AB$3,AA51/$AB$4) -> 11.658098 | AC51: Abv
A52: OtsLGRF23S | B52: OtsLGRF23S_7759 | C52: C-07759 | D52: 45187 | E52: =IF(D52<=$D$6,70,18) -> 18 | F52: F | G52: 800 | H52: =G52/10 -> 80 | I52: AI | J52: NA | K52: 3DD.003D7E4BF6 | L52: NA | M52: F | N52: =IF(M52="U",F52,M52) -> F | O52: OtsLYON19S_1_1874 | P52: OtsLYON19S_1_1657 | Q52: OtsLYON19S_1 | R52: 4 | S52: =IFERROR($S$3-R52,"U") -> 2019 | T52: FALL | U52: 1 | V52: IPCSR | W52: =VLOOKUP(Q52,'PBT Tag Rates'!$B$5:$E$44,4,FALSE) -> 0.95971981 | X52: 1 | Y52: =IFERROR(LOOKUP(H52,{30,43,48,53,58,63,68,73,78,83,88,93,97},{42,47,52,57,62,67,72,77,82,87,92,99,100}),999) -> 82 | Z52: =IF(D52<$D$3,X52/$Z$3,X52/$Z$4) -> 5.5555556 | AA52: =Z52*(1+$AA$4) -> 5.5555556 | AB52: =IF(D52<$D$3,AA52/$AB$3,AA52/$AB$4) -> 11.658098 | AC52: Abv
A53: OtsLGRF23S | B53: OtsLGRF23S_7765 | C53: C-07765 | D53: 45187 | E53: =IF(D53<=$D$6,70,18) -> 18 | F53: F | G53: 810 | H53: =G53/10 -> 81 | I53: AI | J53: NA | K53: 3DD.003D7E4BF4 | L53: NA | M53: F | N53: =IF(M53="U",F53,M53) -> F | O53: OtsLYON19S_1_0574 | P53: OtsLYON19S_1_0491 | Q53: OtsLYON19S_1 | R53: 4 | S53: =IFERROR($S$3-R53,"U") -> 2019 | T53: FALL | U53: 1 | V53: LFSO | W53: =VLOOKUP(Q53,'PBT Tag Rates'!$B$5:$E$44,4,FALSE) -> 0.95971981 | X53: 1 | Y53: =IFERROR(LOOKUP(H53,{30,43,48,53,58,63,68,73,78,83,88,93,97},{42,47,52,57,62,67,72,77,82,87,92,99,100}),999) -> 82 | Z53: =IF(D53<$D$3,X53/$Z$3,X53/$Z$4) -> 5.5555556 | AA53: =Z53*(1+$AA$4) -> 5.5555556 | AB53: =IF(D53<$D$3,AA53/$AB$3,AA53/$AB$4) -> 11.658098 | AC53: Blw
A54: OtsLGRF23S | B54: OtsLGRF23S_7789 | C54: C-07789 | D54: 45187 | E54: =IF(D54<=$D$6,70,18) -> 18 | F54: F | G54: 860 | H54: =G54/10 -> 86 | I54: AD | J54: 1 | K54: 3DD.003D7E4C0B | L54: NA | M54: F | N54: =IF(M54="U",F54,M54) -> F | O54: OtsLYON19S_1_0153 | P54: OtsLYON19S_1_0234 | Q54: OtsLYON19S_1 | R54: 4 | S54: =IFERROR($S$3-R54,"U") -> 2019 | T54: FALL | U54: 1 | V54: BCA2 | W54: =VLOOKUP(Q54,'PBT Tag Rates'!$B$5:$E$44,4,FALSE) -> 0.95971981 | X54: 1 | Y54: =IFERROR(LOOKUP(H54,{30,43,48,53,58,63,68,73,78,83,88,93,97},{42,47,52,57,62,67,72,77,82,87,92,99,100}),999) -> 87 | Z54: =IF(D54<$D$3,X54/$Z$3,X54/$Z$4) -> 5.5555556 | AA54: =Z54*(1+$AA$4) -> 5.5555556 | AB54: =IF(D54<$D$3,AA54/$AB$3,AA54/$AB$4) -> 11.658098 | AC54: Abv
A55: OtsLGRF23S | B55: OtsLGRF23S_7807 | C55: C-07807 | D55: 45187 | E55: =IF(D55<=$D$6,70,18) -> 18 | F55: M | G55: 900 | H55: =G55/10 -> 90 | I55: AI | J55: NA | K55: 3DD.003D7E4C1A | L55: NA | M55: M | N55: =IF(M55="U",F55,M55) -> M | O55: NA | P55: NA | Q55: Unassigned | R55: NA | S55: =IFERROR($S$3-R55,"U") -> U | T55: FALL | U55: 1 | V55: Unassigned | W55: =VLOOKUP(Q55,'PBT Tag Rates'!$B$5:$E$44,4,FALSE) -> #N/A | X55: 1 | Y55: =IFERROR(LOOKUP(H55,{30,43,48,53,58,63,68,73,78,83,88,93,97},{42,47,52,57,62,67,72,77,82,87,92,99,100}),999) -> 92 | Z55: =IF(D55<$D$3,X55/$Z$3,X55/$Z$4) -> 5.5555556 | AA55: =Z55*(1+$AA$4) -> 5.5555556 | AB55: =IF(D55<$D$3,AA55/$AB$3,AA55/$AB$4) -> 11.658098 | AC55: Abv
A56: OtsLGRF23S | B56: OtsLGRF23S_7808 | C56: C-07808 | D56: 45187 | E56: =IF(D56<=$D$6,70,18) -> 18 | F56: F | G56: 810 | H56: =G56/10 -> 81 | I56: AI | J56: NA | K56: 3DD.003D7E4C32 | L56: NA | M56: F | N56: =IF(M56="U",F56,M56) -> F | O56: OtsNPFH19S_1_2306 | P56: OtsNPFH19S_1_2022 | Q56: OtsNPFH19S_1 | R56: 4 | S56: =IFERROR($S$3-R56,"U") -> 2019 | T56: FALL | U56: 1 | V56: NPTH | W56: =VLOOKUP(Q56,'PBT Tag Rates'!$B$5:$E$44,4,FALSE) -> 0.99705232 | X56: 1 | Y56: =IFERROR(LOOKUP(H56,{30,43,48,53,58,63,68,73,78,83,88,93,97},{42,47,52,57,62,67,72,77,82,87,92,99,100}),999) -> 82 | Z56: =IF(D56<$D$3,X56/$Z$3,X56/$Z$4) -> 5.5555556 | AA56: =Z56*(1+$AA$4) -> 5.5555556 | AB56: =IF(D56<$D$3,AA56/$AB$3,AA56/$AB$4) -> 11.658098 | AC56: Abv
A57: OtsLGRF23S | B57: OtsLGRF23S_7810 | C57: C-07810 | D57: 45187 | E57: =IF(D57<=$D$6,70,18) -> 18 | F57: M | G57: 830 | H57: =G57/10 -> 83 | I57: AI | J57: NA | K57: 3DD.003D7E4C14 | L57: NA | M57: M | N57: =IF(M57="U",F57,M57) -> M | O57: OtsLYON19S_1_0129 | P57: OtsLYON19S_1_0079 | Q57: OtsLYON19S_1 | R57: 4 | S57: =IFERROR($S$3-R57,"U") -> 2019 | T57: FALL | U57: 1 | V57: PLA1 | W57: =VLOOKUP(Q57,'PBT Tag Rates'!$B$5:$E$44,4,FALSE) -> 0.95971981 | X57: 1 | Y57: =IFERROR(LOOKUP(H57,{30,43,48,53,58,63,68,73,78,83,88,93,97},{42,47,52,57,62,67,72,77,82,87,92,99,100}),999) -> 87 | Z57: =IF(D57<$D$3,X57/$Z$3,X57/$Z$4) -> 5.5555556 | AA57: =Z57*(1+$AA$4) -> 5.5555556 | AB57: =IF(D57<$D$3,AA57/$AB$3,AA57/$AB$4) -> 11.658098 | AC57: Abv
A58: OtsLGRF23S | B58: OtsLGRF23S_7817 | C58: C-07817 | D58: 45187 | E58: =IF(D58<=$D$6,70,18) -> 18 | F58: M | G58: 830 | H58: =G58/10 -> 83 | I58: AI | J58: NA | K58: 3DD.003D7E4C23 | L58: NA | M58: M | N58: =IF(M58="U",F58,M58) -> M | O58: OtsLYON19S_1_0521 | P58: OtsLYON19S_1_0355 | Q58: OtsLYON19S_1 | R58: 4 | S58: =IFERROR($S$3-R58,"U") -> 2019 | T58: FALL | U58: 1 | V58: BCA2 | W58: =VLOOKUP(Q58,'PBT Tag Rates'!$B$5:$E$44,4,FALSE) -> 0.95971981 | X58: 1 | Y58: =IFERROR(LOOKUP(H58,{30,43,48,53,58,63,68,73,78,83,88,93,97},{42,47,52,57,62,67,72,77,82,87,92,99,100}),999) -> 87 | Z58: =IF(D58<$D$3,X58/$Z$3,X58/$Z$4) -> 5.5555556 | AA58: =Z58*(1+$AA$4) -> 5.5555556 | AB58: =IF(D58<$D$3,AA58/$AB$3,AA58/$AB$4) -> 11.658098 | AC58: Abv
A59: OtsLGRF23S | B59: OtsLGRF23S_7820 | C59: C-07820 | D59: 45187 | E59: =IF(D59<=$D$6,70,18) -> 18 | F59: M | G59: 840 | H59: =G59/10 -> 84 | I59: AD | J59: 1 | K59: 3DD.003D7E4C21 | L59: NA | M59: M | N59: =IF(M59="U",F59,M59) -> M | O59: OtsNPFH19S_1_3354 | P59: OtsNPFH19S_1_3082 | Q59: OtsNPFH19S_1 | R59: 4 | S59: =IFERROR($S$3-R59,"U") -> 2019 | T59: FALL | U59: 1 | V59: NLVA | W59: =VLOOKUP(Q59,'PBT Tag Rates'!$B$5:$E$44,4,FALSE) -> 0.99705232 | X59: 1 | Y59: =IFERROR(LOOKUP(H59,{30,43,48,53,58,63,68,73,78,83,88,93,97},{42,47,52,57,62,67,72,77,82,87,92,99,100}),999) -> 87 | Z59: =IF(D59<$D$3,X59/$Z$3,X59/$Z$4) -> 5.5555556 | AA59: =Z59*(1+$AA$4) -> 5.5555556 | AB59: =IF(D59<$D$3,AA59/$AB$3,AA59/$AB$4) -> 11.658098 | AC59: Abv
A60: OtsLGRF23S | B60: OtsLGRF23S_7837 | C60: C-07837 | D60: 45187 | E60: =IF(D60<=$D$6,70,18) -> 18 | F60: M | G60: 810 | H60: =G60/10 -> 81 | I60: AD | J60: 1 | K60: 3DD.003D7E4C26 | L60: NA | M60: M | N60: =IF(M60="U",F60,M60) -> M | O60: OtsLYON19S_1_0123 | P60: OtsLYON19S_1_0048 | Q60: OtsLYON19S_1 | R60: 4 | S60: =IFERROR($S$3-R60,"U") -> 2019 | T60: FALL | U60: 1 | V60: PLA1 | W60: =VLOOKUP(Q60,'PBT Tag Rates'!$B$5:$E$44,4,FALSE) -> 0.95971981 | X60: 1 | Y60: =IFERROR(LOOKUP(H60,{30,43,48,53,58,63,68,73,78,83,88,93,97},{42,47,52,57,62,67,72,77,82,87,92,99,100}),999) -> 82 | Z60: =IF(D60<$D$3,X60/$Z$3,X60/$Z$4) -> 5.5555556 | AA60: =Z60*(1+$AA$4) -> 5.5555556 | AB60: =IF(D60<$D$3,AA60/$AB$3,AA60/$AB$4) -> 11.658098 | AC60: Abv
A61: OtsLGRF23S | B61: OtsLGRF23S_7846 | C61: C-07846 | D61: 45187 | E61: =IF(D61<=$D$6,70,18) -> 18 | F61: M | G61: 820 | H61: =G61/10 -> 82 | I61: AD | J61: 1 | K61: 3DD.003D7E4C30 | L61: NA | M61: M | N61: =IF(M61="U",F61,M61) -> M | O61: OtsLYON19S_1_1108 | P61: OtsLYON19S_1_0935 | Q61: OtsLYON19S_1 | R61: 4 | S61: =IFERROR($S$3-R61,"U") -> 2019 | T61: FALL | U61: 1 | V61: PLA2 | W61: =VLOOKUP(Q61,'PBT Tag Rates'!$B$5:$E$44,4,FALSE) -> 0.95971981 | X61: 1 | Y61: =IFERROR(LOOKUP(H61,{30,43,48,53,58,63,68,73,78,83,88,93,97},{42,47,52,57,62,67,72,77,82,87,92,99,100}),999) -> 82 | Z61: =IF(D61<$D$3,X61/$Z$3,X61/$Z$4) -> 5.5555556 | AA61: =Z61*(1+$AA$4) -> 5.5555556 | AB61: =IF(D61<$D$3,AA61/$AB$3,AA61/$AB$4) -> 11.658098 | AC61: Abv
A62: OtsLGRF23S | B62: OtsLGRF23S_7856 | C62: C-07856 | D62: 45187 | E62: =IF(D62<=$D$6,70,18) -> 18 | F62: F | G62: 840 | H62: =G62/10 -> 84 | I62: AI | J62: NA | K62: 3DD.003D7E4C00 | L62: NA | M62: F | N62: =IF(M62="U",F62,M62) -> F | O62: NA | P62: NA | Q62: Unassigned | R62: NA | S62: =IFERROR($S$3-R62,"U") -> U | T62: FALL | U62: 1 | V62: Unassigned | W62: =VLOOKUP(Q62,'PBT Tag Rates'!$B$5:$E$44,4,FALSE) -> #N/A | X62: 1 | Y62: =IFERROR(LOOKUP(H62,{30,43,48,53,58,63,68,73,78,83,88,93,97},{42,47,52,57,62,67,72,77,82,87,92,99,100}),999) -> 87 | Z62: =IF(D62<$D$3,X62/$Z$3,X62/$Z$4) -> 5.5555556 | AA62: =Z62*(1+$AA$4) -> 5.5555556 | AB62: =IF(D62<$D$3,AA62/$AB$3,AA62/$AB$4) -> 11.658098 | AC62: Abv
A63: OtsLGRF23S | B63: OtsLGRF23S_7876 | C63: C-07876 | D63: 45187 | E63: =IF(D63<=$D$6,70,18) -> 18 | F63: F | G63: 930 | H63: =G63/10 -> 93 | I63: AI | J63: NA | K63: 3DD.003D7E4C34 | L63: NA | M63: F | N63: =IF(M63="U",F63,M63) -> F | O63: NA | P63: NA | Q63: Unassigned | R63: NA | S63: =IFERROR($S$3-R63,"U") -> U | T63: FALL | U63: 1 | V63: Unassigned | W63: =VLOOKUP(Q63,'PBT Tag Rates'!$B$5:$E$44,4,FALSE) -> #N/A | X63: 1 | Y63: =IFERROR(LOOKUP(H63,{30,43,48,53,58,63,68,73,78,83,88,93,97},{42,47,52,57,62,67,72,77,82,87,92,99,100}),999) -> 99 | Z63: =IF(D63<$D$3,X63/$Z$3,X63/$Z$4) -> 5.5555556 | AA63: =Z63*(1+$AA$4) -> 5.5555556 | AB63: =IF(D63<$D$3,AA63/$AB$3,AA63/$AB$4) -> 11.658098 | AC63: Abv
A64: OtsLGRF23S | B64: OtsLGRF23S_7877 | C64: C-07877 | D64: 45187 | E64: =IF(D64<=$D$6,70,18) -> 18 | F64: F | G64: 820 | H64: =G64/10 -> 82 | I64: AI | J64: NA | K64: 3DD.003D7E4BF3 | L64: NA | M64: F | N64: =IF(M64="U",F64,M64) -> F | O64: OtsNPFH19S_1_2320 | P64: OtsNPFH19S_1_2064 | Q64: OtsNPFH19S_1 | R64: 4 | S64: =IFERROR($S$3-R64,"U") -> 2019 | T64: FALL | U64: 1 | V64: LGA | W64: =VLOOKUP(Q64,'PBT Tag Rates'!$B$5:$E$44,4,FALSE) -> 0.99705232 | X64: 1 | Y64: =IFERROR(LOOKUP(H64,{30,43,48,53,58,63,68,73,78,83,88,93,97},{42,47,52,57,62,67,72,77,82,87,92,99,100}),999) -> 82 | Z64: =IF(D64<$D$3,X64/$Z$3,X64/$Z$4) -> 5.5555556 | AA64: =Z64*(1+$AA$4) -> 5.5555556 | AB64: =IF(D64<$D$3,AA64/$AB$3,AA64/$AB$4) -> 11.658098 | AC64: Abv
A65: OtsLGRF23S | B65: OtsLGRF23S_7885 | C65: C-07885 | D65: 45187 | E65: =IF(D65<=$D$6,70,18) -> 18 | F65: F | G65: 870 | H65: =G65/10 -> 87 | I65: AI | J65: NA | K65: 3DD.003D7E4BF5 | L65: NA | M65: F | N65: =IF(M65="U",F65,M65) -> F | O65: OtsNPFH19S_1_3306 | P65: OtsNPFH19S_1_3063 | Q65: OtsNPFH19S_1 | R65: 4 | S65: =IFERROR($S$3-R65,"U") -> 2019 | T65: FALL | U65: 1 | V65: NLVA | W65: =VLOOKUP(Q65,'PBT Tag Rates'!$B$5:$E$44,4,FALSE) -> 0.99705232 | X65: 1 | Y65: =IFERROR(LOOKUP(H65,{30,43,48,53,58,63,68,73,78,83,88,93,97},{42,47,52,57,62,67,72,77,82,87,92,99,100}),999) -> 87 | Z65: =IF(D65<$D$3,X65/$Z$3,X65/$Z$4) -> 5.5555556 | AA65: =Z65*(1+$AA$4) -> 5.5555556 | AB65: =IF(D65<$D$3,AA65/$AB$3,AA65/$AB$4) -> 11.658098 | AC65: Abv
A66: OtsLGRF23S | B66: OtsLGRF23S_7898 | C66: C-07898 | D66: 45187 | E66: =IF(D66<=$D$6,70,18) -> 18 | F66: F | G66: 870 | H66: =G66/10 -> 87 | I66: AI | J66: NA | K66: 3DD.003D7E4C2A | L66: NA | M66: F | N66: =IF(M66="U",F66,M66) -> F | O66: NA | P66: NA | Q66: Unassigned | R66: NA | S66: =IFERROR($S$3-R66,"U") -> U | T66: FALL | U66: 1 | V66: Unassigned | W66: =VLOOKUP(Q66,'PBT Tag Rates'!$B$5:$E$44,4,FALSE) -> #N/A | X66: 1 | Y66: =IFERROR(LOOKUP(H66,{30,43,48,53,58,63,68,73,78,83,88,93,97},{42,47,52,57,62,67,72,77,82,87,92,99,100}),999) -> 87 | Z66: =IF(D66<$D$3,X66/$Z$3,X66/$Z$4) -> 5.5555556 | AA66: =Z66*(1+$AA$4) -> 5.5555556 | AB66: =IF(D66<$D$3,AA66/$AB$3,AA66/$AB$4) -> 11.658098 | AC66: Abv
A67: OtsLGRF23S | B67: OtsLGRF23S_7919 | C67: C-07919 | D67: 45187 | E67: =IF(D67<=$D$6,70,18) -> 18 | F67: M | G67: 810 | H67: =G67/10 -> 81 | I67: AD | J67: 1 | K67: 3DD.003D7E4C3F | L67: NA | M67: M | N67: =IF(M67="U",F67,M67) -> M | O67: OtsNPFH19S_1_3322 | P67: OtsNPFH19S_1_3013 | Q67: OtsNPFH19S_1 | R67: 4 | S67: =IFERROR($S$3-R67,"U") -> 2019 | T67: FALL | U67: 1 | V67: CFA | W67: =VLOOKUP(Q67,'PBT Tag Rates'!$B$5:$E$44,4,FALSE) -> 0.99705232 | X67: 1 | Y67: =IFERROR(LOOKUP(H67,{30,43,48,53,58,63,68,73,78,83,88,93,97},{42,47,52,57,62,67,72,77,82,87,92,99,100}),999) -> 82 | Z67: =IF(D67<$D$3,X67/$Z$3,X67/$Z$4) -> 5.5555556 | AA67: =Z67*(1+$AA$4) -> 5.5555556 | AB67: =IF(D67<$D$3,AA67/$AB$3,AA67/$AB$4) -> 11.658098 | AC67: Abv
A68: OtsLGRF23S | B68: OtsLGRF23S_7927 | C68: C-07927 | D68: 45187 | E68: =IF(D68<=$D$6,70,18) -> 18 | F68: M | G68: 840 | H68: =G68/10 -> 84 | I68: AI | J68: NA | K68: 3DD.003D7E4BED | L68: NA | M68: M | N68: =IF(M68="U",F68,M68) -> M | O68: OtsLYON19S_1_1815 | P68: OtsLYON19S_1_1536 | Q68: OtsLYON19S_1 | R68: 4 | S68: =IFERROR($S$3-R68,"U") -> 2019 | T68: FALL | U68: 1 | V68: IPCSR | W68: =VLOOKUP(Q68,'PBT Tag Rates'!$B$5:$E$44,4,FALSE) -> 0.95971981 | X68: 1 | Y68: =IFERROR(LOOKUP(H68,{30,43,48,53,58,63,68,73,78,83,88,93,97},{42,47,52,57,62,67,72,77,82,87,92,99,100}),999) -> 87 | Z68: =IF(D68<$D$3,X68/$Z$3,X68/$Z$4) -> 5.5555556 | AA68: =Z68*(1+$AA$4) -> 5.5555556 | AB68: =IF(D68<$D$3,AA68/$AB$3,AA68/$AB$4) -> 11.658098 | AC68: Abv
A69: OtsLGRF23S | B69: OtsLGRF23S_7936 | C69: C-07936 | D69: 45187 | E69: =IF(D69<=$D$6,70,18) -> 18 | F69: M | G69: 1020 | H69: =G69/10 -> 102 | I69: AI | J69: NA | K69: 3DD.003D7E4C22 | L69: NA | M69: M | N69: =IF(M69="U",F69,M69) -> M | O69: OtsNPFH18S_1_5325 | P69: OtsNPFH18S_1_5050 | Q69: OtsNPFH18S_1 | R69: 5 | S69: =IFERROR($S$3-R69,"U") -> 2018 | T69: FALL | U69: 1 | V69: NPTH | W69: =VLOOKUP(Q69,'PBT Tag Rates'!$B$5:$E$44,4,FALSE) -> 0.96828397 | X69: 1 | Y69: =IFERROR(LOOKUP(H69,{30,43,48,53,58,63,68,73,78,83,88,93,97},{42,47,52,57,62,67,72,77,82,87,92,99,100}),999) -> 100 | Z69: =IF(D69<$D$3,X69/$Z$3,X69/$Z$4) -> 5.5555556 | AA69: =Z69*(1+$AA$4) -> 5.5555556 | AB69: =IF(D69<$D$3,AA69/$AB$3,AA69/$AB$4) -> 11.658098 | AC69: Abv
A70: OtsLGRF23S | B70: OtsLGRF23S_7948 | C70: C-07948 | D70: 45187 | E70: =IF(D70<=$D$6,70,18) -> 18 | F70: F | G70: 900 | H70: =G70/10 -> 90 | I70: AD | J70: 1 | K70: 3DD.003D7E4C18 | L70: NA | M70: F | N70: =IF(M70="U",F70,M70) -> F | O70: NA | P70: NA | Q70: Unassigned | R70: NA | S70: =IFERROR($S$3-R70,"U") -> U | T70: FALL | U70: 1 | V70: Unassigned | W70: =VLOOKUP(Q70,'PBT Tag Rates'!$B$5:$E$44,4,FALSE) -> #N/A | X70: 1 | Y70: =IFERROR(LOOKUP(H70,{30,43,48,53,58,63,68,73,78,83,88,93,97},{42,47,52,57,62,67,72,77,82,87,92,99,100}),999) -> 92 | Z70: =IF(D70<$D$3,X70/$Z$3,X70/$Z$4) -> 5.5555556 | AA70: =Z70*(1+$AA$4) -> 5.5555556 | AB70: =IF(D70<$D$3,AA70/$AB$3,AA70/$AB$4) -> 11.658098 | AC70: Abv
A71: OtsLGRF23S | B71: OtsLGRF23S_9076 | C71: C-09076 | D71: 45193 | E71: =IF(D71<=$D$6,70,18) -> 18 | F71: M | G71: 920 | H71: =G71/10 -> 92 | I71: AI | J71: 1 | K71: 3DD.003D7E574F | L71: NA | M71: M | N71: =IF(M71="U",F71,M71) -> M | O71: NA | P71: NA | Q71: Unassigned | R71: NA | S71: =IFERROR($S$3-R71,"U") -> U | T71: FALL | U71: 1 | V71: Unassigned | W71: =VLOOKUP(Q71,'PBT Tag Rates'!$B$5:$E$44,4,FALSE) -> #N/A | X71: 1 | Y71: =IFERROR(LOOKUP(H71,{30,43,48,53,58,63,68,73,78,83,88,93,97},{42,47,52,57,62,67,72,77,82,87,92,99,100}),999) -> 92 | Z71: =IF(D71<$D$3,X71/$Z$3,X71/$Z$4) -> 5.5555556 | AA71: =Z71*(1+$AA$4) -> 5.5555556 | AB71: =IF(D71<$D$3,AA71/$AB$3,AA71/$AB$4) -> 11.658098 | AC71: Abv
A72: OtsLGRF23S | B72: OtsLGRF23S_9872 | C72: C-09872 | D72: 45201 | E72: =IF(D72<=$D$6,70,18) -> 18 | F72: F | G72: 790 | H72: =G72/10 -> 79 | I72: AI | J72: NA | K72: 3DD.003D7E4660 | L72: NA | M72: F | N72: =IF(M72="U",F72,M72) -> F | O72: OtsLYON19S_1_0557 | P72: OtsLYON19S_1_0449 | Q72: OtsLYON19S_1 | R72: 4 | S72: =IFERROR($S$3-R72,"U") -> 2019 | T72: FALL | U72: 1 | V72: LFSO | W72: =VLOOKUP(Q72,'PBT Tag Rates'!$B$5:$E$44,4,FALSE) -> 0.95971981 | X72: 1 | Y72: =IFERROR(LOOKUP(H72,{30,43,48,53,58,63,68,73,78,83,88,93,97},{42,47,52,57,62,67,72,77,82,87,92,99,100}),999) -> 82 | Z72: =IF(D72<$D$3,X72/$Z$3,X72/$Z$4) -> 5.5555556 | AA72: =Z72*(1+$AA$4) -> 5.5555556 | AB72: =IF(D72<$D$3,AA72/$AB$3,AA72/$AB$4) -> 11.658098 | AC72: Blw
A73: OtsLGRF23S | B73: OtsLGRF23S_9875 | C73: C-09875 | D73: 45201 | E73: =IF(D73<=$D$6,70,18) -> 18 | F73: F | G73: 700 | H73: =G73/10 -> 70 | I73: AD | J73: NA | K73: 3DD.003D7E4658 | L73: NA | M73: F | N73: =IF(M73="U",F73,M73) -> F | O73: OtsPBT19-RSHFa-0521 | P73: OtsPBT19-RSHFa-0288 | Q73: OtsPBT19-RSHFa | R73: 4 | S73: =IFERROR($S$3-R73,"U") -> 2019 | T73: FALL | U73: 1 | V73: RSH | W73: =VLOOKUP(Q73,'PBT Tag Rates'!$B$5:$E$44,4,FALSE) -> 0.960168 | X73: 1 | Y73: =IFERROR(LOOKUP(H73,{30,43,48,53,58,63,68,73,78,83,88,93,97},{42,47,52,57,62,67,72,77,82,87,92,99,100}),999) -> 72 | Z73: =IF(D73<$D$3,X73/$Z$3,X73/$Z$4) -> 5.5555556 | AA73: =Z73*(1+$AA$4) -> 5.5555556 | AB73: =IF(D73<$D$3,AA73/$AB$3,AA73/$AB$4) -> 11.658098 | AC73: Abv
A74: OtsLGRF23S | B74: OtsLGRF23S_9880 | C74: C-09880 | D74: 45201 | E74: =IF(D74<=$D$6,70,18) -> 18 | F74: F | G74: 730 | H74: =G74/10 -> 73 | I74: AI | J74: NA | K74: 3DD.003D7E4652 | L74: NA | M74: F | N74: =IF(M74="U",F74,M74) -> F | O74: OtsLYON19S_1_1796 | P74: OtsLYON19S_1_2066 | Q74: OtsLYON19S_1 | R74: 4 | S74: =IFERROR($S$3-R74,"U") -> 2019 | T74: FALL | U74: 1 | V74: LFHSO2 | W74: =VLOOKUP(Q74,'PBT Tag Rates'!$B$5:$E$44,4,FALSE) -> 0.95971981 | X74: 1 | Y74: =IFERROR(LOOKUP(H74,{30,43,48,53,58,63,68,73,78,83,88,93,97},{42,47,52,57,62,67,72,77,82,87,92,99,100}),999) -> 77 | Z74: =IF(D74<$D$3,X74/$Z$3,X74/$Z$4) -> 5.5555556 | AA74: =Z74*(1+$AA$4) -> 5.5555556 | AB74: =IF(D74<$D$3,AA74/$AB$3,AA74/$AB$4) -> 11.658098 | AC74: Blw
A75: OtsLGRF23S | B75: OtsLGRF23S_9883 | C75: C-09883 | D75: 45201 | E75: =IF(D75<=$D$6,70,18) -> 18 | F75: F | G75: 730 | H75: =G75/10 -> 73 | I75: AD | J75: 1 | K75: 3DD.003D7E4627 | L75: NA | M75: F | N75: =IF(M75="U",F75,M75) -> F | O75: OtsLYON18S_1_2339 | P75: OtsLYON18S_1_2496 | Q75: OtsLYON18S_1 | R75: 5 | S75: =IFERROR($S$3-R75,"U") -> 2018 | T75: FALL | U75: 1 | V75: LFYO | W75: =VLOOKUP(Q75,'PBT Tag Rates'!$B$5:$E$44,4,FALSE) -> 0.80551598 | X75: 1 | Y75: =IFERROR(LOOKUP(H75,{30,43,48,53,58,63,68,73,78,83,88,93,97},{42,47,52,57,62,67,72,77,82,87,92,99,100}),999) -> 77 | Z75: =IF(D75<$D$3,X75/$Z$3,X75/$Z$4) -> 5.5555556 | AA75: =Z75*(1+$AA$4) -> 5.5555556 | AB75: =IF(D75<$D$3,AA75/$AB$3,AA75/$AB$4) -> 11.658098 | AC75: Blw
A76: OtsLGRF23S | B76: OtsLGRF23S_9886 | C76: C-09886 | D76: 45201 | E76: =IF(D76<=$D$6,70,18) -> 18 | F76: F | G76: 750 | H76: =G76/10 -> 75 | I76: AD | J76: 1 | K76: 3DD.003D7E462F | L76: NA | M76: F | N76: =IF(M76="U",F76,M76) -> F | O76: OtsLYON19S_1_1343 | P76: OtsLYON19S_1_1259 | Q76: OtsLYON19S_1 | R76: 4 | S76: =IFERROR($S$3-R76,"U") -> 2019 | T76: FALL | U76: 1 | V76: LFYO | W76: =VLOOKUP(Q76,'PBT Tag Rates'!$B$5:$E$44,4,FALSE) -> 0.95971981 | X76: 1 | Y76: =IFERROR(LOOKUP(H76,{30,43,48,53,58,63,68,73,78,83,88,93,97},{42,47,52,57,62,67,72,77,82,87,92,99,100}),999) -> 77 | Z76: =IF(D76<$D$3,X76/$Z$3,X76/$Z$4) -> 5.5555556 | AA76: =Z76*(1+$AA$4) -> 5.5555556 | AB76: =IF(D76<$D$3,AA76/$AB$3,AA76/$AB$4) -> 11.658098 | AC76: Blw
A77: OtsLGRF23S | B77: OtsLGRF23S_9894 | C77: C-09894 | D77: 45201 | E77: =IF(D77<=$D$6,70,18) -> 18 | F77: F | G77: 740 | H77: =G77/10 -> 74 | I77: AI | J77: NA | K77: 3DD.003D7E461A | L77: NA | M77: F | N77: =IF(M77="U",F77,M77) -> F | O77: OtsLYON19S_1_2305 | P77: OtsLYON19S_1_2081 | Q77: OtsLYON19S_1 | R77: 4 | S77: =IFERROR($S$3-R77,"U") -> 2019 | T77: FALL | U77: 1 | V77: LFHSO2 | W77: =VLOOKUP(Q77,'PBT Tag Rates'!$B$5:$E$44,4,FALSE) -> 0.95971981 | X77: 1 | Y77: =IFERROR(LOOKUP(H77,{30,43,48,53,58,63,68,73,78,83,88,93,97},{42,47,52,57,62,67,72,77,82,87,92,99,100}),999) -> 77 | Z77: =IF(D77<$D$3,X77/$Z$3,X77/$Z$4) -> 5.5555556 | AA77: =Z77*(1+$AA$4) -> 5.5555556 | AB77: =IF(D77<$D$3,AA77/$AB$3,AA77/$AB$4) -> 11.658098 | AC77: Blw
A78: OtsLGRF23S | B78: OtsLGRF23S_10018 | C78: C-10018 | D78: 45204 | E78: =IF(D78<=$D$6,70,18) -> 18 | F78: F | G78: 720 | H78: =G78/10 -> 72 | I78: AD | J78: 1 | K78: 3DD.003D7E4656 | L78: NA | M78: F | N78: =IF(M78="U",F78,M78) -> F | O78: OtsLYON18S_1_2325 | P78: OtsLYON18S_1_2485 | Q78: OtsLYON18S_1 | R78: 5 | S78: =IFERROR($S$3-R78,"U") -> 2018 | T78: FALL | U78: 1 | V78: LFYO | W78: =VLOOKUP(Q78,'PBT Tag Rates'!$B$5:$E$44,4,FALSE) -> 0.80551598 | X78: 1 | Y78: =IFERROR(LOOKUP(H78,{30,43,48,53,58,63,68,73,78,83,88,93,97},{42,47,52,57,62,67,72,77,82,87,92,99,100}),999) -> 72 | Z78: =IF(D78<$D$3,X78/$Z$3,X78/$Z$4) -> 5.5555556 | AA78: =Z78*(1+$AA$4) -> 5.5555556 | AB78: =IF(D78<$D$3,AA78/$AB$3,AA78/$AB$4) -> 11.658098 | AC78: Blw
A79: OtsLGRF23S | B79: OtsLGRF23S_10020 | C79: C-10020 | D79: 45204 | E79: =IF(D79<=$D$6,70,18) -> 18 | F79: F | G79: 730 | H79: =G79/10 -> 73 | I79: AI | J79: NA | K79: 3DD.003D7E465D | L79: This sample is a duplicate with OtsLGRF23S_5557. | M79: F | N79: =IF(M79="U",F79,M79) -> F | O79: OtsLYON19S_1_0574 | P79: OtsLYON19S_1_0493 | Q79: OtsLYON19S_1 | R79: 4 | S79: =IFERROR($S$3-R79,"U") -> 2019 | T79: FALL | U79: 1 | V79: LFSO | W79: =VLOOKUP(Q79,'PBT Tag Rates'!$B$5:$E$44,4,FALSE) -> 0.95971981 | X79: 1 | Y79: =IFERROR(LOOKUP(H79,{30,43,48,53,58,63,68,73,78,83,88,93,97},{42,47,52,57,62,67,72,77,82,87,92,99,100}),999) -> 77 | Z79: =IF(D79<$D$3,X79/$Z$3,X79/$Z$4) -> 5.5555556 | AA79: =Z79*(1+$AA$4) -> 5.5555556 | AB79: =IF(D79<$D$3,AA79/$AB$3,AA79/$AB$4) -> 11.658098 | AC79: Blw
A80: OtsLGRF23S | B80: OtsLGRF23S_10021 | C80: C-10021 | D80: 45204 | E80: =IF(D80<=$D$6,70,18) -> 18 | F80: F | G80: 740 | H80: =G80/10 -> 74 | I80: AD | J80: 1 | K80: 3DD.003D7E4644 | L80: NA | M80: F | N80: =IF(M80="U",F80,M80) -> F | O80: OtsLYON18S_1_2360 | P80: OtsLYON18S_1_2751 | Q80: OtsLYON18S_1 | R80: 5 | S80: =IFERROR($S$3-R80,"U") -> 2018 | T80: FALL | U80: 1 | V80: LFYO | W80: =VLOOKUP(Q80,'PBT Tag Rates'!$B$5:$E$44,4,FALSE) -> 0.80551598 | X80: 1 | Y80: =IFERROR(LOOKUP(H80,{30,43,48,53,58,63,68,73,78,83,88,93,97},{42,47,52,57,62,67,72,77,82,87,92,99,100}),999) -> 77 | Z80: =IF(D80<$D$3,X80/$Z$3,X80/$Z$4) -> 5.5555556 | AA80: =Z80*(1+$AA$4) -> 5.5555556 | AB80: =IF(D80<$D$3,AA80/$AB$3,AA80/$AB$4) -> 11.658098 | AC80: Blw
A81: OtsLGRF23S | B81: OtsLGRF23S_10029 | C81: C-10029 | D81: 45204 | E81: =IF(D81<=$D$6,70,18) -> 18 | F81: F | G81: 750 | H81: =G81/10 -> 75 | I81: AI | J81: NA | K81: 3DD.003D7E4618 | L81: NA | M81: F | N81: =IF(M81="U",F81,M81) -> F | O81: OtsLYON19S_1_0518 | P81: OtsLYON19S_1_0335 | Q81: OtsLYON19S_1 | R81: 4 | S81: =IFERROR($S$3-R81,"U") -> 2019 | T81: FALL | U81: 1 | V81: BCA2 | W81: =VLOOKUP(Q81,'PBT Tag Rates'!$B$5:$E$44,4,FALSE) -> 0.95971981 | X81: 1 | Y81: =IFERROR(LOOKUP(H81,{30,43,48,53,58,63,68,73,78,83,88,93,97},{42,47,52,57,62,67,72,77,82,87,92,99,100}),999) -> 77 | Z81: =IF(D81<$D$3,X81/$Z$3,X81/$Z$4) -> 5.5555556 | AA81: =Z81*(1+$AA$4) -> 5.5555556 | AB81: =IF(D81<$D$3,AA81/$AB$3,AA81/$AB$4) -> 11.658098 | AC81: Abv
A82: OtsLGRF23S | B82: OtsLGRF23S_10030 | C82: C-10030 | D82: 45204 | E82: =IF(D82<=$D$6,70,18) -> 18 | F82: F | G82: 800 | H82: =G82/10 -> 80 | I82: AD | J82: 1 | K82: 3DD.003D7E465B | L82: NA | M82: F | N82: =IF(M82="U",F82,M82) -> F | O82: OtsLYON18S_1_1018 | P82: OtsLYON18S_1_1195 | Q82: OtsLYON18S_1 | R82: 5 | S82: =IFERROR($S$3-R82,"U") -> 2018 | T82: FALL | U82: 1 | V82: PLA2 | W82: =VLOOKUP(Q82,'PBT Tag Rates'!$B$5:$E$44,4,FALSE) -> 0.80551598 | X82: 1 | Y82: =IFERROR(LOOKUP(H82,{30,43,48,53,58,63,68,73,78,83,88,93,97},{42,47,52,57,62,67,72,77,82,87,92,99,100}),999) -> 82 | Z82: =IF(D82<$D$3,X82/$Z$3,X82/$Z$4) -> 5.5555556 | AA82: =Z82*(1+$AA$4) -> 5.5555556 | AB82: =IF(D82<$D$3,AA82/$AB$3,AA82/$AB$4) -> 11.658098 | AC82: Abv
A83: OtsLGRF23S | B83: OtsLGRF23S_10033 | C83: C-10033 | D83: 45204 | E83: =IF(D83<=$D$6,70,18) -> 18 | F83: F | G83: 770 | H83: =G83/10 -> 77 | I83: AI | J83: NA | K83: 3DD.003D7E462C | L83: NA | M83: F | N83: =IF(M83="U",F83,M83) -> F | O83: OtsLYON19S_1_1824 | P83: OtsLYON19S_1_1557 | Q83: OtsLYON19S_1 | R83: 4 | S83: =IFERROR($S$3-R83,"U") -> 2019 | T83: FALL | U83: 1 | V83: LFH UNK | W83: =VLOOKUP(Q83,'PBT Tag Rates'!$B$5:$E$44,4,FALSE) -> 0.95971981 | X83: 1 | Y83: =IFERROR(LOOKUP(H83,{30,43,48,53,58,63,68,73,78,83,88,93,97},{42,47,52,57,62,67,72,77,82,87,92,99,100}),999) -> 77 | Z83: =IF(D83<$D$3,X83/$Z$3,X83/$Z$4) -> 5.5555556 | AA83: =Z83*(1+$AA$4) -> 5.5555556 | AB83: =IF(D83<$D$3,AA83/$AB$3,AA83/$AB$4) -> 11.658098 | AC83: Blw
A84: OtsLGRF23S | B84: OtsLGRF23S_10044 | C84: C-10044 | D84: 45204 | E84: =IF(D84<=$D$6,70,18) -> 18 | F84: F | G84: 730 | H84: =G84/10 -> 73 | I84: AI | J84: NA | K84: 3DD.003D7E4654 | L84: NA | M84: F | N84: =IF(M84="U",F84,M84) -> F | O84: NA | P84: NA | Q84: Unassigned | R84: NA | S84: =IFERROR($S$3-R84,"U") -> U | T84: FALL | U84: 1 | V84: Unassigned | W84: =VLOOKUP(Q84,'PBT Tag Rates'!$B$5:$E$44,4,FALSE) -> #N/A | X84: 1 | Y84: =IFERROR(LOOKUP(H84,{30,43,48,53,58,63,68,73,78,83,88,93,97},{42,47,52,57,62,67,72,77,82,87,92,99,100}),999) -> 77 | Z84: =IF(D84<$D$3,X84/$Z$3,X84/$Z$4) -> 5.5555556 | AA84: =Z84*(1+$AA$4) -> 5.5555556 | AB84: =IF(D84<$D$3,AA84/$AB$3,AA84/$AB$4) -> 11.658098 | AC84: Abv
A85: OtsLGRF23S | B85: OtsLGRF23S_10059 | C85: C-10059 | D85: 45204 | E85: =IF(D85<=$D$6,70,18) -> 18 | F85: F | G85: 750 | H85: =G85/10 -> 75 | I85: AD | J85: 1 | K85: 3DD.003D7E4622 | L85: NA | M85: F | N85: =IF(M85="U",F85,M85) -> F | O85: OtsLYON19S_1_1119 | P85: OtsLYON19S_1_0962 | Q85: OtsLYON19S_1 | R85: 4 | S85: =IFERROR($S$3-R85,"U") -> 2019 | T85: FALL | U85: 1 | V85: PLA2 | W85: =VLOOKUP(Q85,'PBT Tag Rates'!$B$5:$E$44,4,FALSE) -> 0.95971981 | X85: 1 | Y85: =IFERROR(LOOKUP(H85,{30,43,48,53,58,63,68,73,78,83,88,93,97},{42,47,52,57,62,67,72,77,82,87,92,99,100}),999) -> 77 | Z85: =IF(D85<$D$3,X85/$Z$3,X85/$Z$4) -> 5.5555556 | AA85: =Z85*(1+$AA$4) -> 5.5555556 | AB85: =IF(D85<$D$3,AA85/$AB$3,AA85/$AB$4) -> 11.658098 | AC85: Abv
A86: OtsLGRF23S | B86: OtsLGRF23S_10060 | C86: C-10060 | D86: 45204 | E86: =IF(D86<=$D$6,70,18) -> 18 | F86: F | G86: 760 | H86: =G86/10 -> 76 | I86: AI | J86: NA | K86: 3DD.003D7E465C | L86: NA | M86: F | N86: =IF(M86="U",F86,M86) -> F | O86: OtsLYON19S_1_1862 | P86: OtsLYON19S_1_1629 | Q86: OtsLYON19S_1 | R86: 4 | S86: =IFERROR($S$3-R86,"U") -> 2019 | T86: FALL | U86: 1 | V86: IPCSR | W86: =VLOOKUP(Q86,'PBT Tag Rates'!$B$5:$E$44,4,FALSE) -> 0.95971981 | X86: 1 | Y86: =IFERROR(LOOKUP(H86,{30,43,48,53,58,63,68,73,78,83,88,93,97},{42,47,52,57,62,67,72,77,82,87,92,99,100}),999) -> 77 | Z86: =IF(D86<$D$3,X86/$Z$3,X86/$Z$4) -> 5.5555556 | AA86: =Z86*(1+$AA$4) -> 5.5555556 | AB86: =IF(D86<$D$3,AA86/$AB$3,AA86/$AB$4) -> 11.658098 | AC86: Abv
A87: OtsLGRF23S | B87: OtsLGRF23S_0003 | C87: C-00003 | D87: 45156 | E87: =IF(D87<=$D$3,70,18) -> 70 | F87: M | G87: 750 | H87: =G87/10 -> 75 | I87: AI | J87: NA | K87: 3DD.003D7E4EAF | L87: NA | M87: F | N87: =IF(M87="U",F87,M87) -> F | O87: OtsLYON19S_1_1722 | P87: OtsLYON19S_1_1939 | Q87: OtsLYON19S_1 | R87: 4 | S87: =IFERROR($S$3-R87,"U") -> 2019 | T87: FALL | U87: 1 | V87: IPCSR | W87: =VLOOKUP(Q87,'PBT Tag Rates'!$B$5:$E$44,4,FALSE) -> 0.95971981 | X87: 1 | Y87: =IFERROR(LOOKUP(H87,{30,43,48,53,58,63,68,73,78,83,88,93,97},{42,47,52,57,62,67,72,77,82,87,92,99,100}),999) -> 77 | Z87: =IF(D87<$D$3,X87/$Z$3,X87/$Z$4) -> 1.4285714 | AA87: =Z87*(1+$AA$4) -> 1.4285714 | AB87: =IF(D87<$D$3,AA87/$AB$3,AA87/$AB$4) -> 2.5183441 | AC87: Abv
A88: OtsLGRF23S | B88: OtsLGRF23S_0005 | C88: C-00005 | D88: 45156 | E88: =IF(D88<=$D$3,70,18) -> 70 | F88: M | G88: 770 | H88: =G88/10 -> 77 | I88: AI | J88: NA | K88: 3DD.003D7E4EA5 | L88: NA | M88: M | N88: =IF(M88="U",F88,M88) -> M | O88: OtsNPFH19S_1_1335 | P88: OtsNPFH19S_1_1084 | Q88: OtsNPFH19S_1 | R88: 4 | S88: =IFERROR($S$3-R88,"U") -> 2019 | T88: FALL | U88: 1 | V88: NPTH | W88: =VLOOKUP(Q88,'PBT Tag Rates'!$B$5:$E$44,4,FALSE) -> 0.99705232 | X88: 1 | Y88: =IFERROR(LOOKUP(H88,{30,43,48,53,58,63,68,73,78,83,88,93,97},{42,47,52,57,62,67,72,77,82,87,92,99,100}),999) -> 77 | Z88: =IF(D88<$D$3,X88/$Z$3,X88/$Z$4) -> 1.4285714 | AA88: =Z88*(1+$AA$4) -> 1.4285714 | AB88: =IF(D88<$D$3,AA88/$AB$3,AA88/$AB$4) -> 2.5183441 | AC88: Abv
A89: OtsLGRF23S | B89: OtsLGRF23S_0006 | C89: C-00006 | D89: 45156 | E89: =IF(D89<=$D$3,70,18) -> 70 | F89: F | G89: 870 | H89: =G89/10 -> 87 | I89: AI | J89: NA | K89: 3DD.003D7E4EDB | L89: NA | M89: F | N89: =IF(M89="U",F89,M89) -> F | O89: NA | P89: NA | Q89: Unassigned | R89: NA | S89: =IFERROR($S$3-R89,"U") -> U | T89: FALL | U89: 1 | V89: Unassigned | W89: =VLOOKUP(Q89,'PBT Tag Rates'!$B$5:$E$44,4,FALSE) -> #N/A | X89: 1 | Y89: =IFERROR(LOOKUP(H89,{30,43,48,53,58,63,68,73,78,83,88,93,97},{42,47,52,57,62,67,72,77,82,87,92,99,100}),999) -> 87 | Z89: =IF(D89<$D$3,X89/$Z$3,X89/$Z$4) -> 1.4285714 | AA89: =Z89*(1+$AA$4) -> 1.4285714 | AB89: =IF(D89<$D$3,AA89/$AB$3,AA89/$AB$4) -> 2.5183441 | AC89: Abv
A90: OtsLGRF23S | B90: OtsLGRF23S_0008 | C90: C-00008 | D90: 45156 | E90: =IF(D90<=$D$3,70,18) -> 70 | F90: M | G90: 870 | H90: =G90/10 -> 87 | I90: AI | J90: NA | K90: 3DD.003D7E4EA6 | L90: NA | M90: M | N90: =IF(M90="U",F90,M90) -> M | O90: OtsLYON18S_1_0702 | P90: OtsLYON18S_1_0515 | Q90: OtsLYON18S_1 | R90: 5 | S90: =IFERROR($S$3-R90,"U") -> 2018 | T90: FALL | U90: 1 | V90: BCA1 | W90: =VLOOKUP(Q90,'PBT Tag Rates'!$B$5:$E$44,4,FALSE) -> 0.80551598 | X90: 1 | Y90: =IFERROR(LOOKUP(H90,{30,43,48,53,58,63,68,73,78,83,88,93,97},{42,47,52,57,62,67,72,77,82,87,92,99,100}),999) -> 87 | Z90: =IF(D90<$D$3,X90/$Z$3,X90/$Z$4) -> 1.4285714 | AA90: =Z90*(1+$AA$4) -> 1.4285714 | AB90: =IF(D90<$D$3,AA90/$AB$3,AA90/$AB$4) -> 2.5183441 | AC90: Abv
A91: OtsLGRF23S | B91: OtsLGRF23S_0009 | C91: C-00009 | D91: 45156 | E91: =IF(D91<=$D$3,70,18) -> 70 | F91: F | G91: 800 | H91: =G91/10 -> 80 | I91: AI | J91: NA | K91: 3DD.003D7E4EDC | L91: NA | M91: F | N91: =IF(M91="U",F91,M91) -> F | O91: NA | P91: NA | Q91: Unassigned | R91: NA | S91: =IFERROR($S$3-R91,"U") -> U | T91: FALL | U91: 1 | V91: Unassigned | W91: =VLOOKUP(Q91,'PBT Tag Rates'!$B$5:$E$44,4,FALSE) -> #N/A | X91: 1 | Y91: =IFERROR(LOOKUP(H91,{30,43,48,53,58,63,68,73,78,83,88,93,97},{42,47,52,57,62,67,72,77,82,87,92,99,100}),999) -> 82 | Z91: =IF(D91<$D$3,X91/$Z$3,X91/$Z$4) -> 1.4285714 | AA91: =Z91*(1+$AA$4) -> 1.4285714 | AB91: =IF(D91<$D$3,AA91/$AB$3,AA91/$AB$4) -> 2.5183441 | AC91: Abv
A92: OtsLGRF23S | B92: OtsLGRF23S_0011 | C92: C-00011 | D92: 45156 | E92: =IF(D92<=$D$3,70,18) -> 70 | F92: M | G92: 650 | H92: =G92/10 -> 65 | I92: AD | J92: 1 | K92: NA | L92: NA | M92: M | N92: =IF(M92="U",F92,M92) -> M | O92: OtsLYON19S_1_0130 | P92: OtsLYON19S_1_0080 | Q92: OtsLYON19S_1 | R92: 4 | S92: =IFERROR($S$3-R92,"U") -> 2019 | T92: FALL | U92: 1 | V92: PLA1 | W92: =VLOOKUP(Q92,'PBT Tag Rates'!$B$5:$E$44,4,FALSE) -> 0.95971981 | X92: 1 | Y92: =IFERROR(LOOKUP(H92,{30,43,48,53,58,63,68,73,78,83,88,93,97},{42,47,52,57,62,67,72,77,82,87,92,99,100}),999) -> 67 | Z92: =IF(D92<$D$3,X92/$Z$3,X92/$Z$4) -> 1.4285714 | AA92: =Z92*(1+$AA$4) -> 1.4285714 | AB92: =IF(D92<$D$3,AA92/$AB$3,AA92/$AB$4) -> 2.5183441 | AC92: Abv
A93: OtsLGRF23S | B93: OtsLGRF23S_0012 | C93: C-00012 | D93: 45156 | E93: =IF(D93<=$D$3,70,18) -> 70 | F93: F | G93: 760 | H93: =G93/10 -> 76 | I93: AI | J93: NA | K93: NA | L93: NA | M93: F | N93: =IF(M93="U",F93,M93) -> F | O93: NA | P93: NA | Q93: Unassigned | R93: NA | S93: =IFERROR($S$3-R93,"U") -> U | T93: FALL | U93: 1 | V93: Unassigned | W93: =VLOOKUP(Q93,'PBT Tag Rates'!$B$5:$E$44,4,FALSE) -> #N/A | X93: 1 | Y93: =IFERROR(LOOKUP(H93,{30,43,48,53,58,63,68,73,78,83,88,93,97},{42,47,52,57,62,67,72,77,82,87,92,99,100}),999) -> 77 | Z93: =IF(D93<$D$3,X93/$Z$3,X93/$Z$4) -> 1.4285714 | AA93: =Z93*(1+$AA$4) -> 1.4285714 | AB93: =IF(D93<$D$3,AA93/$AB$3,AA93/$AB$4) -> 2.5183441 | AC93: Abv
A94: OtsLGRF23S | B94: OtsLGRF23S_0013 | C94: C-00013 | D94: 45156 | E94: =IF(D94<=$D$3,70,18) -> 70 | F94: M | G94: 750 | H94: =G94/10 -> 75 | I94: AI | J94: NA | K94: 3DD.003D7E4ED9 | L94: NA | M94: M | N94: =IF(M94="U",F94,M94) -> M | O94: OtsLYON19S_1_0102 | P94: OtsLYON19S_1_0002 | Q94: OtsLYON19S_1 | R94: 4 | S94: =IFERROR($S$3-R94,"U") -> 2019 | T94: FALL | U94: 1 | V94: PLA1 | W94: =VLOOKUP(Q94,'PBT Tag Rates'!$B$5:$E$44,4,FALSE) -> 0.95971981 | X94: 1 | Y94: =IFERROR(LOOKUP(H94,{30,43,48,53,58,63,68,73,78,83,88,93,97},{42,47,52,57,62,67,72,77,82,87,92,99,100}),999) -> 77 | Z94: =IF(D94<$D$3,X94/$Z$3,X94/$Z$4) -> 1.4285714 | AA94: =Z94*(1+$AA$4) -> 1.4285714 | AB94: =IF(D94<$D$3,AA94/$AB$3,AA94/$AB$4) -> 2.5183441 | AC94: Abv
A95: OtsLGRF23S | B95: OtsLGRF23S_0014 | C95: C-00014 | D95: 45156 | E95: =IF(D95<=$D$3,70,18) -> 70 | F95: F | G95: 900 | H95: =G95/10 -> 90 | I95: AD | J95: 1 | K95: 3DD.003D7E4EF5 | L95: This individual failed to genotype | M95: U | N95: =IF(M95="U",F95,M95) -> F | O95: NG | P95: NG | Q95: NG | R95: NA | S95: =IFERROR($S$3-R95,"U") -> U | T95: NA | U95: NA | V95: NG | W95: =VLOOKUP(Q95,'PBT Tag Rates'!$B$5:$E$44,4,FALSE) -> #N/A | X95: 1 | Y95: =IFERROR(LOOKUP(H95,{30,43,48,53,58,63,68,73,78,83,88,93,97},{42,47,52,57,62,67,72,77,82,87,92,99,100}),999) -> 92 | Z95: =IF(D95<$D$3,X95/$Z$3,X95/$Z$4) -> 1.4285714 | AA95: =Z95*(1+$AA$4) -> 1.4285714 | AB95: =IF(D95<$D$3,AA95/$AB$3,AA95/$AB$4) -> 2.5183441 | AC95: Abv
A96: OtsLGRF23S | B96: OtsLGRF23S_0015 | C96: C-00015 | D96: 45156 | E96: =IF(D96<=$D$3,70,18) -> 70 | F96: M | G96: 780 | H96: =G96/10 -> 78 | I96: AI | J96: NA | K96: 3DD.003D49D5C2 | L96: NA | M96: M | N96: =IF(M96="U",F96,M96) -> M | O96: OtsLYON19S_1_0135 | P96: OtsLYON19S_1_0092 | Q96: OtsLYON19S_1 | R96: 4 | S96: =IFERROR($S$3-R96,"U") -> 2019 | T96: FALL | U96: 1 | V96: PLA1 | W96: =VLOOKUP(Q96,'PBT Tag Rates'!$B$5:$E$44,4,FALSE) -> 0.95971981 | X96: 1 | Y96: =IFERROR(LOOKUP(H96,{30,43,48,53,58,63,68,73,78,83,88,93,97},{42,47,52,57,62,67,72,77,82,87,92,99,100}),999) -> 82 | Z96: =IF(D96<$D$3,X96/$Z$3,X96/$Z$4) -> 1.4285714 | AA96: =Z96*(1+$AA$4) -> 1.4285714 | AB96: =IF(D96<$D$3,AA96/$AB$3,AA96/$AB$4) -> 2.5183441 | AC96: Abv
A97: OtsLGRF23S | B97: OtsLGRF23S_0017 | C97: C-00017 | D97: 45156 | E97: =IF(D97<=$D$3,70,18) -> 70 | F97: F | G97: 810 | H97: =G97/10 -> 81 | I97: AI | J97: NA | K97: 3DD.003D7E4EF9 | L97: NA | M97: F | N97: =IF(M97="U",F97,M97) -> F | O97: NA | P97: NA | Q97: Unassigned | R97: NA | S97: =IFERROR($S$3-R97,"U") -> U | T97: FALL | U97: 1 | V97: Unassigned | W97: =VLOOKUP(Q97,'PBT Tag Rates'!$B$5:$E$44,4,FALSE) -> #N/A | X97: 1 | Y97: =IFERROR(LOOKUP(H97,{30,43,48,53,58,63,68,73,78,83,88,93,97},{42,47,52,57,62,67,72,77,82,87,92,99,100}),999) -> 82 | Z97: =IF(D97<$D$3,X97/$Z$3,X97/$Z$4) -> 1.4285714 | AA97: =Z97*(1+$AA$4) -> 1.4285714 | AB97: =IF(D97<$D$3,AA97/$AB$3,AA97/$AB$4) -> 2.5183441 | AC97: Abv
A98: OtsLGRF23S | B98: OtsLGRF23S_0019 | C98: C-00019 | D98: 45156 | E98: =IF(D98<=$D$3,70,18) -> 70 | F98: M | G98: 710 | H98: =G98/10 -> 71 | I98: AI | J98: NA | K98: 3DD.003D7E4ED6 | L98: NA | M98: F | N98: =IF(M98="U",F98,M98) -> F | O98: OtsLYON19S_1_0514 | P98: OtsLYON19S_1_0328 | Q98: OtsLYON19S_1 | R98: 4 | S98: =IFERROR($S$3-R98,"U") -> 2019 | T98: FALL | U98: 1 | V98: BCA1 | W98: =VLOOKUP(Q98,'PBT Tag Rates'!$B$5:$E$44,4,FALSE) -> 0.95971981 | X98: 1 | Y98: =IFERROR(LOOKUP(H98,{30,43,48,53,58,63,68,73,78,83,88,93,97},{42,47,52,57,62,67,72,77,82,87,92,99,100}),999) -> 72 | Z98: =IF(D98<$D$3,X98/$Z$3,X98/$Z$4) -> 1.4285714 | AA98: =Z98*(1+$AA$4) -> 1.4285714 | AB98: =IF(D98<$D$3,AA98/$AB$3,AA98/$AB$4) -> 2.5183441 | AC98: Abv
A99: OtsLGRF23S | B99: OtsLGRF23S_0021 | C99: C-00021 | D99: 45156 | E99: =IF(D99<=$D$3,70,18) -> 70 | F99: M | G99: 670 | H99: =G99/10 -> 67 | I99: AD | J99: 1 | K99: NA | L99: NA | M99: M | N99: =IF(M99="U",F99,M99) -> M | O99: OtsLYON20S_1_0409 | P99: OtsLYON20S_1_1071 | Q99: OtsLYON20S_1 | R99: 3 | S99: =IFERROR($S$3-R99,"U") -> 2020 | T99: FALL | U99: 1 | V99: CJA1 | W99: =VLOOKUP(Q99,'PBT Tag Rates'!$B$5:$E$44,4,FALSE) -> 0.98961046 | X99: 1 | Y99: =IFERROR(LOOKUP(H99,{30,43,48,53,58,63,68,73,78,83,88,93,97},{42,47,52,57,62,67,72,77,82,87,92,99,100}),999) -> 67 | Z99: =IF(D99<$D$3,X99/$Z$3,X99/$Z$4) -> 1.4285714 | AA99: =Z99*(1+$AA$4) -> 1.4285714 | AB99: =IF(D99<$D$3,AA99/$AB$3,AA99/$AB$4) -> 2.5183441 | AC99: Abv
A100: OtsLGRF23S | B100: OtsLGRF23S_0022 | C100: C-00022 | D100: 45156 | E100: =IF(D100<=$D$3,70,18) -> 70 | F100: M | G100: 710 | H100: =G100/10 -> 71 | I100: AI | J100: NA | K100: 3DD.003D7E4EE5 | L100: NA | M100: M | N100: =IF(M100="U",F100,M100) -> M | O100: NA | P100: NA | Q100: Unassigned | R100: NA | S100: =IFERROR($S$3-R100,"U") -> U | T100: FALL | U100: 1 | V100: Unassigned | W100: =VLOOKUP(Q100,'PBT Tag Rates'!$B$5:$E$44,4,FALSE) -> #N/A | X100: 1 | Y100: =IFERROR(LOOKUP(H100,{30,43,48,53,58,63,68,73,78,83,88,93,97},{42,47,52,57,62,67,72,77,82,87,92,99,100}),999) -> 72 | Z100: =IF(D100<$D$3,X100/$Z$3,X100/$Z$4) -> 1.4285714 | AA100: =Z100*(1+$AA$4) -> 1.4285714 | AB100: =IF(D100<$D$3,AA100/$AB$3,AA100/$AB$4) -> 2.5183441 | AC100: Abv
...

Sheet age-length prop
G1: sum check | I1: =SUM(D5:P6) -> 25613.294 | P1: =I1+I83 -> 50160.812 | T1: sum check | V1: =SUM(Q8:AC79) -> 25613.294 | AA1: =I1+I83 -> 50160.812 | AH1: sum check | AJ1: =SUM(AE8:AQ79) -> 22065.191 | AZ1: Fallback Reacension rate | BL1: sum check | BN1: =SUM(BI8:BU77) -> 1031.0367 | CB1: sum check | CD1: =SUM(BY8:CK61) -> 418.0756 | CH1: sum check | CJ1: =CD1+CR1 -> 965.23482 | CP1: sum check | CR1: =SUM(CM8:CY61) -> 547.15922
D2: proportion NG (no genotype) fish by FL | T2: all | V2: =SUM(Q8:AC79) -> 25613.294 | AA2: 2332 | AJ2: =AJ1-BN1 -> 21034.154 | AV2: run year | BA2: adlt | BB2: jack | BD2: Final estimates of hatchery assigned fish by release site | BW2: count of AD and AI fish to est % AD, known hat fish
A3: AD | B3: NG | D3: =SUMIFS('Individual Data'!$AB$6:$AB$5544,'Individual Data'!$V$6:$V$5544,'age-length prop'!$B3,'Individual Data'!$I$6:$I$5544,'age-length prop'!$A3,'Individual Data'!$Y$6:$Y$5544,'age-length prop'!D$7,'Individual Data'!$N$6:$N$5544,'age-length prop'!$B$6) -> 0 | E3: =SUMIFS('Individual Data'!$AB$6:$AB$5544,'Individual Data'!$V$6:$V$5544,'age-length prop'!$B3,'Individual Data'!$I$6:$I$5544,'age-length prop'!$A3,'Individual Data'!$Y$6:$Y$5544,'age-length prop'!E$7,'Individual Data'!$N$6:$N$5544,'age-length prop'!$B$6) -> 0 | F3: =SUMIFS('Individual Data'!$AB$6:$AB$5544,'Individual Data'!$V$6:$V$5544,'age-length prop'!$B3,'Individual Data'!$I$6:$I$5544,'age-length prop'!$A3,'Individual Data'!$Y$6:$Y$5544,'age-length prop'!F$7,'Individual Data'!$N$6:$N$5544,'age-length prop'!$B$6) -> 0 | G3: =SUMIFS('Individual Data'!$AB$6:$AB$5544,'Individual Data'!$V$6:$V$5544,'age-length prop'!$B3,'Individual Data'!$I$6:$I$5544,'age-length prop'!$A3,'Individual Data'!$Y$6:$Y$5544,'age-length prop'!G$7,'Individual Data'!$N$6:$N$5544,'age-length prop'!$B$6) -> 0 | H3: =SUMIFS('Individual Data'!$AB$6:$AB$5544,'Individual Data'!$V$6:$V$5544,'age-length prop'!$B3,'Individual Data'!$I$6:$I$5544,'age-length prop'!$A3,'Individual Data'!$Y$6:$Y$5544,'age-length prop'!H$7,'Individual Data'!$N$6:$N$5544,'age-length prop'!$B$6) -> 0 | I3: =SUMIFS('Individual Data'!$AB$6:$AB$5544,'Individual Data'!$V$6:$V$5544,'age-length prop'!$B3,'Individual Data'!$I$6:$I$5544,'age-length prop'!$A3,'Individual Data'!$Y$6:$Y$5544,'age-length prop'!I$7,'Individual Data'!$N$6:$N$5544,'age-length prop'!$B$6) -> 0 | J3: =SUMIFS('Individual Data'!$AB$6:$AB$5544,'Individual Data'!$V$6:$V$5544,'age-length prop'!$B3,'Individual Data'!$I$6:$I$5544,'age-length prop'!$A3,'Individual Data'!$Y$6:$Y$5544,'age-length prop'!J$7,'Individual Data'!$N$6:$N$5544,'age-length prop'!$B$6) -> 11.658098 | K3: =SUMIFS('Individual Data'!$AB$6:$AB$5544,'Individual Data'!$V$6:$V$5544,'age-length prop'!$B3,'Individual Data'!$I$6:$I$5544,'age-length prop'!$A3,'Individual Data'!$Y$6:$Y$5544,'age-length prop'!K$7,'Individual Data'!$N$6:$N$5544,'age-length prop'!$B$6) -> 14.176442 | ... P3: =SUMIFS('Individual Data'!$AB$6:$AB$5544,'Individual Data'!$V$6:$V$5544,'age-length prop'!$B3,'Individual Data'!$I$6:$I$5544,'age-length prop'!$A3,'Individual Data'!$Y$6:$Y$5544,'age-length prop'!P$7,'Individual Data'!$N$6:$N$5544,'age-length prop'!$B$6) -> 0 | T3: assign only | V3: =SUM(Q8:AC77) -> 21034.154 | AE3: Expand hatchery PBT groups by tag rate. Multiply totals by tag rate for each group | AS3: sum check | AV3: 2023 | AZ3: abv | BA3: ='Individual Data'!AG3 -> 0.025 | BB3: ='Individual Data'!AF3 -> 0.047 | BI3: subtract NG proportioned cells (col Q to AC) from tag rate expanded (col AE to AQ). This is the number of fish to subtract from unassigned AD and AI groups | BY3: number of fish to subtract from unassigned AD group by FL | CM3: number of fish to subtract from unassinged AI group by FL
A4: AI | B4: NG | D4: =SUMIFS('Individual Data'!$AB$6:$AB$5544,'Individual Data'!$V$6:$V$5544,'age-length prop'!$B4,'Individual Data'!$I$6:$I$5544,'age-length prop'!$A4,'Individual Data'!$Y$6:$Y$5544,'age-length prop'!D$7,'Individual Data'!$N$6:$N$5544,'age-length prop'!$B$6) -> 0 | E4: =SUMIFS('Individual Data'!$AB$6:$AB$5544,'Individual Data'!$V$6:$V$5544,'age-length prop'!$B4,'Individual Data'!$I$6:$I$5544,'age-length prop'!$A4,'Individual Data'!$Y$6:$Y$5544,'age-length prop'!E$7,'Individual Data'!$N$6:$N$5544,'age-length prop'!$B$6) -> 0 | F4: =SUMIFS('Individual Data'!$AB$6:$AB$5544,'Individual Data'!$V$6:$V$5544,'age-length prop'!$B4,'Individual Data'!$I$6:$I$5544,'age-length prop'!$A4,'Individual Data'!$Y$6:$Y$5544,'age-length prop'!F$7,'Individual Data'!$N$6:$N$5544,'age-length prop'!$B$6) -> 0 | G4: =SUMIFS('Individual Data'!$AB$6:$AB$5544,'Individual Data'!$V$6:$V$5544,'age-length prop'!$B4,'Individual Data'!$I$6:$I$5544,'age-length prop'!$A4,'Individual Data'!$Y$6:$Y$5544,'age-length prop'!G$7,'Individual Data'!$N$6:$N$5544,'age-length prop'!$B$6) -> 0 | H4: =SUMIFS('Individual Data'!$AB$6:$AB$5544,'Individual Data'!$V$6:$V$5544,'age-length prop'!$B4,'Individual Data'!$I$6:$I$5544,'age-length prop'!$A4,'Individual Data'!$Y$6:$Y$5544,'age-length prop'!H$7,'Individual Data'!$N$6:$N$5544,'age-length prop'!$B$6) -> 0 | I4: =SUMIFS('Individual Data'!$AB$6:$AB$5544,'Individual Data'!$V$6:$V$5544,'age-length prop'!$B4,'Individual Data'!$I$6:$I$5544,'age-length prop'!$A4,'Individual Data'!$Y$6:$Y$5544,'age-length prop'!I$7,'Individual Data'!$N$6:$N$5544,'age-length prop'!$B$6) -> 0 | J4: =SUMIFS('Individual Data'!$AB$6:$AB$5544,'Individual Data'!$V$6:$V$5544,'age-length prop'!$B4,'Individual Data'!$I$6:$I$5544,'age-length prop'!$A4,'Individual Data'!$Y$6:$Y$5544,'age-length prop'!J$7,'Individual Data'!$N$6:$N$5544,'age-length prop'!$B$6) -> 37.492637 | K4: =SUMIFS('Individual Data'!$AB$6:$AB$5544,'Individual Data'!$V$6:$V$5544,'age-length prop'!$B4,'Individual Data'!$I$6:$I$5544,'age-length prop'!$A4,'Individual Data'!$Y$6:$Y$5544,'age-length prop'!K$7,'Individual Data'!$N$6:$N$5544,'age-length prop'!$B$6) -> 75.918897 | ... P4: =SUMIFS('Individual Data'!$AB$6:$AB$5544,'Individual Data'!$V$6:$V$5544,'age-length prop'!$B4,'Individual Data'!$I$6:$I$5544,'age-length prop'!$A4,'Individual Data'!$Y$6:$Y$5544,'age-length prop'!P$7,'Individual Data'!$N$6:$N$5544,'age-length prop'!$B$6) -> 0 | Q4: NG fish proportioned to known hatchery and unassigned groups by FL | AS4: =AS6+AT6 -> 22065.191 | AV4: M&F | AZ4: blw | BA4: ='Individual Data'!AG4 -> 0.249 | BB4: ='Individual Data'!AF4 -> 0.292
B5: total NG | D5: =D3+D4 -> 0 | E5: =E3+E4 -> 0 | F5: =F3+F4 -> 0 | G5: =G3+G4 -> 0 | H5: =H3+H4 -> 0 | I5: =I3+I4 -> 0 | J5: =J3+J4 -> 49.150735 | K5: =K3+K4 -> 90.095339 | ... P5: =P3+P4 -> 0 | AE5: Apply tag rate expansion: tag expanded estimates of known hatchery groups | AV5: =AS4+AS86 -> 42057.18 | AZ5: =SUM(AZ8:AZ61) -> 21052.61 | BA5: =SUM(BA8:BA61) -> 16473.703 | BB5: =SUM(BB8:BB61) -> 1972.9602 | BD5: =SUM(BD8:BD77) -> 19906.247 | BE5: =SUM(BE8:BE77) -> 16345.24 | BF5: =SUM(BF8:BF77) -> 1715.0405 | BI5: count minus tag expanded, # to subtract from unassigned groups by clip | BV5: % AD clip | BY5: AD clipped fish to subract from unassigned AD group | CM5: AI fish to subtract from unassigned group
B6: F | C6: total by FL | D6: =SUM(D8:D79) -> 0 | E6: =SUM(E8:E79) -> 0 | F6: =SUM(F8:F79) -> 0 | G6: =SUM(G8:G79) -> 69.948586 | H6: =SUM(H8:H79) -> 352.26127 | I6: =SUM(I8:I79) -> 1502.3099 | J6: =SUM(J8:J79) -> 5624.0677 | K6: =SUM(K8:K79) -> 8847.1566 | ... P6: =SUM(P8:P79) -> 0 | AS6: =SUM(AS8:AS77) -> 0 | AT6: =SUM(AT8:AT77) -> 22065.191 | BA6: =AZ5+BA5+BB5 -> 39499.273 | BE6: =BD5+BE5+BF5 -> 37966.527 | BI6: =SUM(BI8:BI61) -> 0 | BJ6: =SUM(BJ8:BJ61) -> 0 | BK6: =SUM(BK8:BK61) -> 0 | BL6: =SUM(BL8:BL61) -> 1.7126862 | BM6: =SUM(BM8:BM61) -> 8.7340488 | BN6: =SUM(BN8:BN61) -> 41.082258 | BO6: =SUM(BO8:BO61) -> 205.03486 | BP6: =SUM(BP8:BP61) -> 343.01848 | ... BU6: =SUM(BU8:BU61) -> 0 | BV6: =BW6/(BW6+BX6) -> 0.32097689 | BW6: =SUM(BW8:BW77) -> 736 | BX6: =SUM(BX8:BX77) -> 1557 | BY6: =SUM(BY8:BY77) -> 0 | BZ6: =SUM(BZ8:BZ77) -> 0 | CA6: =SUM(CA8:CA77) -> 0 | CB6: =SUM(CB8:CB77) -> 1.3717663 | CC6: =SUM(CC8:CC77) -> 5.0972324 | CD6: =SUM(CD8:CD77) -> 23.996649 | ... CK6: =SUM(CK8:CK77) -> 0 | CM6: =SUM(CM8:CM77) -> 0 | CN6: =SUM(CN8:CN77) -> 0 | CO6: =SUM(CO8:CO77) -> 0 | CP6: =SUM(CP8:CP77) -> 0.34091989 | CQ6: =SUM(CQ8:CQ77) -> 3.6368163 | CR6: =SUM(CR8:CR77) -> 19.175543 | CS6: =SUM(CS8:CS77) -> 135.72645 | CT6: =SUM(CT8:CT77) -> 226.67706 | ... CY6: =SUM(CY8:CY77) -> 0
B7: Final group | C7: agePBT | D7: 42 | E7: 47 | F7: 52 | G7: 57 | H7: 62 | I7: 67 | J7: 72 | K7: 77 | L7: 82 | M7: 87 | N7: 92 | O7: 99 | P7: 100 | Q7: 42 | R7: 47 | S7: 52 | T7: 57 | U7: 62 | V7: 67 | W7: 72 | X7: 77 | Y7: 82 | Z7: 87 | AA7: 92 | AB7: 99 | AC7: 100 | AD7: tag rate | AE7: 42 | AF7: 47 | AG7: 52 | AH7: 57 | AI7: 62 | AJ7: 67 | AK7: 72 | AL7: 77 | AM7: 82 | AN7: 87 | AO7: 92 | AP7: 99 | AQ7: 100 | AS7: F jacks | AT7: Females | AV7: Brd Yr | AW7: grp | AX7: origin | AY7: CWT code | AZ7: Female | BA7: Males | BB7: jacks | BC7: rel loc | BD7: Female | BE7: Males | BF7: jacks | BI7: 42 | BJ7: 47 | BK7: 52 | BL7: 57 | BM7: 62 | BN7: 67 | BO7: 72 | BP7: 77 | BQ7: 82 | BR7: 87 | BS7: 92 | BT7: 99 | BU7: 100 | BV7: % AD | BW7: AD | BX7: AI | BY7: 42 | BZ7: 47 | CA7: 52 | CB7: 57 | CC7: 62 | CD7: 67 | CE7: 72 | CF7: 77 | CG7: 82 | CH7: 87 | CI7: 92 | CJ7: 99 | CK7: 100 | CM7: 42 | CN7: 47 | CO7: 52 | CP7: 57 | CQ7: 62 | CR7: 67 | CS7: 72 | CT7: 77 | CU7: 82 | CV7: 87 | CW7: 92 | CX7: 99 | CY7: 100
A8: OtsLYON18S_1 | B8: BCA1 | C8: 5 | D8: =SUMIFS('Individual Data'!$AB$6:$AB$5544,'Individual Data'!$V$6:$V$5544,'age-length prop'!$B8,'Individual Data'!$Y$6:$Y$5544,'age-length prop'!D$7,'Individual Data'!$R$6:$R$5544,'age-length prop'!$C8,'Individual Data'!$N$6:$N$5544,'age-length prop'!$B$6) -> 0 | E8: =SUMIFS('Individual Data'!$AB$6:$AB$5544,'Individual Data'!$V$6:$V$5544,'age-length prop'!$B8,'Individual Data'!$Y$6:$Y$5544,'age-length prop'!E$7,'Individual Data'!$R$6:$R$5544,'age-length prop'!$C8,'Individual Data'!$N$6:$N$5544,'age-length prop'!$B$6) -> 0 | F8: =SUMIFS('Individual Data'!$AB$6:$AB$5544,'Individual Data'!$V$6:$V$5544,'age-length prop'!$B8,'Individual Data'!$Y$6:$Y$5544,'age-length prop'!F$7,'Individual Data'!$R$6:$R$5544,'age-length prop'!$C8,'Individual Data'!$N$6:$N$5544,'age-length prop'!$B$6) -> 0 | G8: =SUMIFS('Individual Data'!$AB$6:$AB$5544,'Individual Data'!$V$6:$V$5544,'age-length prop'!$B8,'Individual Data'!$Y$6:$Y$5544,'age-length prop'!G$7,'Individual Data'!$R$6:$R$5544,'age-length prop'!$C8,'Individual Data'!$N$6:$N$5544,'age-length prop'!$B$6) -> 0 | H8: =SUMIFS('Individual Data'!$AB$6:$AB$5544,'Individual Data'!$V$6:$V$5544,'age-length prop'!$B8,'Individual Data'!$Y$6:$Y$5544,'age-length prop'!H$7,'Individual Data'!$R$6:$R$5544,'age-length prop'!$C8,'Individual Data'!$N$6:$N$5544,'age-length prop'!$B$6) -> 0 | I8: =SUMIFS('Individual Data'!$AB$6:$AB$5544,'Individual Data'!$V$6:$V$5544,'age-length prop'!$B8,'Individual Data'!$Y$6:$Y$5544,'age-length prop'!I$7,'Individual Data'!$R$6:$R$5544,'age-length prop'!$C8,'Individual Data'!$N$6:$N$5544,'age-length prop'!$B$6) -> 0 | J8: =SUMIFS('Individual Data'!$AB$6:$AB$5544,'Individual Data'!$V$6:$V$5544,'age-length prop'!$B8,'Individual Data'!$Y$6:$Y$5544,'age-length prop'!J$7,'Individual Data'!$R$6:$R$5544,'age-length prop'!$C8,'Individual Data'!$N$6:$N$5544,'age-length prop'!$B$6) -> 0 | K8: =SUMIFS('Individual Data'!$AB$6:$AB$5544,'Individual Data'!$V$6:$V$5544,'age-length prop'!$B8,'Individual Data'!$Y$6:$Y$5544,'age-length prop'!K$7,'Individual Data'!$R$6:$R$5544,'age-length prop'!$C8,'Individual Data'!$N$6:$N$5544,'age-length prop'!$B$6) -> 16.694786 | ... P8: =SUMIFS('Individual Data'!$AB$6:$AB$5544,'Individual Data'!$V$6:$V$5544,'age-length prop'!$B8,'Individual Data'!$Y$6:$Y$5544,'age-length prop'!P$7,'Individual Data'!$R$6:$R$5544,'age-length prop'!$C8,'Individual Data'!$N$6:$N$5544,'age-length prop'!$B$6) -> 0 | Q8: =IFERROR(D8+(D$5*(D8/D$6)),0) -> 0 | R8: =IFERROR(E8+(E$5*(E8/E$6)),0) -> 0 | S8: =IFERROR(F8+(F$5*(F8/F$6)),0) -> 0 | T8: =IFERROR(G8+(G$5*(G8/G$6)),0) -> 0 | U8: =IFERROR(H8+(H$5*(H8/H$6)),0) -> 0 | V8: =IFERROR(I8+(I$5*(I8/I$6)),0) -> 0 | W8: =IFERROR(J8+(J$5*(J8/J$6)),0) -> 0 | X8: =IFERROR(K8+(K$5*(K8/K$6)),0) -> 16.864798 | ... AC8: =IFERROR(P8+(P$5*(P8/P$6)),0) -> 0 | AD8: =VLOOKUP(A8,'PBT Tag Rates'!$B$5:$E$44,4,FALSE) -> 0.80551598 | AE8: =Q8/$AD8 -> 0 | AF8: =R8/$AD8 -> 0 | AG8: =S8/$AD8 -> 0 | AH8: =T8/$AD8 -> 0 | AI8: =U8/$AD8 -> 0 | AJ8: =V8/$AD8 -> 0 | AK8: =W8/$AD8 -> 0 | AL8: =X8/$AD8 -> 20.936639 | ... AQ8: =AC8/$AD8 -> 0 | AS8: =SUM(AE8:AG8) -> 0 | AT8: =SUM(AH8:AQ8) -> 72.439029 | AV8: =$AV$3-C8 -> 2018 | AW8: =B8 -> BCA1 | AX8: SR | AY8: =SUMIFS('cwt rel info'!$A$6:$A$317,'cwt rel info'!$D$6:$D$317,'age-length prop'!AV8,'cwt rel info'!$E$6:$E$317,'age-length prop'!AW8) -> 220511 | AZ8: =AS8+AT8 -> 72.439029 | BA8: =AT90 -> 48.45176 | BB8: =AS90 -> 0 | BC8: =VLOOKUP(AW8,'Individual Data'!$V$5:$AC$5544,8,FALSE) -> Abv | BD8: =IF(BC8="blw",AZ8*(1-$BA$4),AZ8*(1-$BA$3)) -> 70.628053 | BE8: =IF(BC8="blw",BA8*(1-$BA$4),BA8*(1-$BA$3)) -> 47.240466 | BF8: =IF(BC8="blw",BB8*(1-$BB$4),BB8*(1-$BB$3)) -> 0 | BI8: =AE8-Q8 -> 0 | BJ8: =AF8-R8 -> 0 | BK8: =AG8-S8 -> 0 | BL8: =AH8-T8 -> 0 | BM8: =AI8-U8 -> 0 | BN8: =AJ8-V8 -> 0 | BO8: =AK8-W8 -> 0 | BP8: =AL8-X8 -> 4.0718417 | ... BU8: =AQ8-AC8 -> 0 | BV8: =IFERROR(BW8/(BW8+BX8),0) -> 0.33333333 | BW8: =SUMIFS('Individual Data'!$X$6:$X$5544,'Individual Data'!$I$6:$I$5544,'age-length prop'!BW$7,'Individual Data'!$V$6:$V$5544,'age-length prop'!$B8,'Individual Data'!$R$6:$R$5544,'age-length prop'!$C8,'Individual Data'!$N$6:$N$5544,"F") -> 4 | BX8: =SUMIFS('Individual Data'!$X$6:$X$5544,'Individual Data'!$I$6:$I$5544,'age-length prop'!BX$7,'Individual Data'!$V$6:$V$5544,'age-length prop'!$B8,'Individual Data'!$R$6:$R$5544,'age-length prop'!$C8,'Individual Data'!$N$6:$N$5544,"F") -> 8 | BY8: =BI8*$BV8 -> 0 | BZ8: =BJ8*$BV8 -> 0 | CA8: =BK8*$BV8 -> 0 | CB8: =BL8*$BV8 -> 0 | CC8: =BM8*$BV8 -> 0 | CD8: =BN8*$BV8 -> 0 | CE8: =BO8*$BV8 -> 0 | CF8: =BP8*$BV8 -> 1.3572806 | ... CK8: =BU8*$BV8 -> 0 | CM8: =BI8*(1-$BV8) -> 0 | CN8: =BJ8*(1-$BV8) -> 0 | CO8: =BK8*(1-$BV8) -> 0 | CP8: =BL8*(1-$BV8) -> 0 | CQ8: =BM8*(1-$BV8) -> 0 | CR8: =BN8*(1-$BV8) -> 0 | CS8: =BO8*(1-$BV8) -> 0 | CT8: =BP8*(1-$BV8) -> 2.7145612 | ... CY8: =BU8*(1-$BV8) -> 0
A9: OtsLYON18S_1 | B9: BCA2 | C9: 5 | D9: =SUMIFS('Individual Data'!$AB$6:$AB$5544,'Individual Data'!$V$6:$V$5544,'age-length prop'!$B9,'Individual Data'!$Y$6:$Y$5544,'age-length prop'!D$7,'Individual Data'!$R$6:$R$5544,'age-length prop'!$C9,'Individual Data'!$N$6:$N$5544,'age-length prop'!$B$6) -> 0 | E9: =SUMIFS('Individual Data'!$AB$6:$AB$5544,'Individual Data'!$V$6:$V$5544,'age-length prop'!$B9,'Individual Data'!$Y$6:$Y$5544,'age-length prop'!E$7,'Individual Data'!$R$6:$R$5544,'age-length prop'!$C9,'Individual Data'!$N$6:$N$5544,'age-length prop'!$B$6) -> 0 | F9: =SUMIFS('Individual Data'!$AB$6:$AB$5544,'Individual Data'!$V$6:$V$5544,'age-length prop'!$B9,'Individual Data'!$Y$6:$Y$5544,'age-length prop'!F$7,'Individual Data'!$R$6:$R$5544,'age-length prop'!$C9,'Individual Data'!$N$6:$N$5544,'age-length prop'!$B$6) -> 0 | G9: =SUMIFS('Individual Data'!$AB$6:$AB$5544,'Individual Data'!$V$6:$V$5544,'age-length prop'!$B9,'Individual Data'!$Y$6:$Y$5544,'age-length prop'!G$7,'Individual Data'!$R$6:$R$5544,'age-length prop'!$C9,'Individual Data'!$N$6:$N$5544,'age-length prop'!$B$6) -> 0 | H9: =SUMIFS('Individual Data'!$AB$6:$AB$5544,'Individual Data'!$V$6:$V$5544,'age-length prop'!$B9,'Individual Data'!$Y$6:$Y$5544,'age-length prop'!H$7,'Individual Data'!$R$6:$R$5544,'age-length prop'!$C9,'Individual Data'!$N$6:$N$5544,'age-length prop'!$B$6) -> 0 | I9: =SUMIFS('Individual Data'!$AB$6:$AB$5544,'Individual Data'!$V$6:$V$5544,'age-length prop'!$B9,'Individual Data'!$Y$6:$Y$5544,'age-length prop'!I$7,'Individual Data'!$R$6:$R$5544,'age-length prop'!$C9,'Individual Data'!$N$6:$N$5544,'age-length prop'!$B$6) -> 0 | J9: =SUMIFS('Individual Data'!$AB$6:$AB$5544,'Individual Data'!$V$6:$V$5544,'age-length prop'!$B9,'Individual Data'!$Y$6:$Y$5544,'age-length prop'!J$7,'Individual Data'!$R$6:$R$5544,'age-length prop'!$C9,'Individual Data'!$N$6:$N$5544,'age-length prop'!$B$6) -> 0 | K9: =SUMIFS('Individual Data'!$AB$6:$AB$5544,'Individual Data'!$V$6:$V$5544,'age-length prop'!$B9,'Individual Data'!$Y$6:$Y$5544,'age-length prop'!K$7,'Individual Data'!$R$6:$R$5544,'age-length prop'!$C9,'Individual Data'!$N$6:$N$5544,'age-length prop'!$B$6) -> 11.658098 | ... P9: =SUMIFS('Individual Data'!$AB$6:$AB$5544,'Individual Data'!$V$6:$V$5544,'age-length prop'!$B9,'Individual Data'!$Y$6:$Y$5544,'age-length prop'!P$7,'Individual Data'!$R$6:$R$5544,'age-length prop'!$C9,'Individual Data'!$N$6:$N$5544,'age-length prop'!$B$6) -> 0 | Q9: =IFERROR(D9+(D$5*(D9/D$6)),0) -> 0 | R9: =IFERROR(E9+(E$5*(E9/E$6)),0) -> 0 | S9: =IFERROR(F9+(F$5*(F9/F$6)),0) -> 0 | T9: =IFERROR(G9+(G$5*(G9/G$6)),0) -> 0 | U9: =IFERROR(H9+(H$5*(H9/H$6)),0) -> 0 | V9: =IFERROR(I9+(I$5*(I9/I$6)),0) -> 0 | W9: =IFERROR(J9+(J$5*(J9/J$6)),0) -> 0 | X9: =IFERROR(K9+(K$5*(K9/K$6)),0) -> 11.776818 | ... AC9: =IFERROR(P9+(P$5*(P9/P$6)),0) -> 0 | AD9: =VLOOKUP(A9,'PBT Tag Rates'!$B$5:$E$44,4,FALSE) -> 0.80551598 | AE9: =Q9/$AD9 -> 0 | AF9: =R9/$AD9 -> 0 | AG9: =S9/$AD9 -> 0 | AH9: =T9/$AD9 -> 0 | AI9: =U9/$AD9 -> 0 | AJ9: =V9/$AD9 -> 0 | AK9: =W9/$AD9 -> 0 | AL9: =X9/$AD9 -> 14.620217 | ... AQ9: =AC9/$AD9 -> 0 | AS9: =SUM(AE9:AG9) -> 0 | AT9: =SUM(AH9:AQ9) -> 43.960603 | AV9: =$AV$3-C9 -> 2018 | AW9: =B9 -> BCA2 | AX9: SR | AY9: =SUMIFS('cwt rel info'!$A$6:$A$317,'cwt rel info'!$D$6:$D$317,'age-length prop'!AV9,'cwt rel info'!$E$6:$E$317,'age-length prop'!AW9) -> 220512 | AZ9: =AS9+AT9 -> 43.960603 | BA9: =AT91 -> 14.595584 | BB9: =AS91 -> 0 | BC9: =VLOOKUP(AW9,'Individual Data'!$V$5:$AC$5544,8,FALSE) -> Abv | BD9: =IF(BC9="blw",AZ9*(1-$BA$4),AZ9*(1-$BA$3)) -> 42.861588 | BE9: =IF(BC9="blw",BA9*(1-$BA$4),BA9*(1-$BA$3)) -> 14.230695 | BF9: =IF(BC9="blw",BB9*(1-$BB$4),BB9*(1-$BB$3)) -> 0 | BI9: =AE9-Q9 -> 0 | BJ9: =AF9-R9 -> 0 | BK9: =AG9-S9 -> 0 | BL9: =AH9-T9 -> 0 | BM9: =AI9-U9 -> 0 | BN9: =AJ9-V9 -> 0 | BO9: =AK9-W9 -> 0 | BP9: =AL9-X9 -> 2.8433985 | ... BU9: =AQ9-AC9 -> 0 | BV9: =IFERROR(BW9/(BW9+BX9),0) -> 0.66666667 | BW9: =SUMIFS('Individual Data'!$X$6:$X$5544,'Individual Data'!$I$6:$I$5544,'age-length prop'!BW$7,'Individual Data'!$V$6:$V$5544,'age-length prop'!$B9,'Individual Data'!$R$6:$R$5544,'age-length prop'!$C9,'Individual Data'!$N$6:$N$5544,"F") -> 2 | BX9: =SUMIFS('Individual Data'!$X$6:$X$5544,'Individual Data'!$I$6:$I$5544,'age-length prop'!BX$7,'Individual Data'!$V$6:$V$5544,'age-length prop'!$B9,'Individual Data'!$R$6:$R$5544,'age-length prop'!$C9,'Individual Data'!$N$6:$N$5544,"F") -> 1 | BY9: =BI9*$BV9 -> 0 | BZ9: =BJ9*$BV9 -> 0 | CA9: =BK9*$BV9 -> 0 | CB9: =BL9*$BV9 -> 0 | CC9: =BM9*$BV9 -> 0 | CD9: =BN9*$BV9 -> 0 | CE9: =BO9*$BV9 -> 0 | CF9: =BP9*$BV9 -> 1.895599 | ... CK9: =BU9*$BV9 -> 0 | CM9: =BI9*(1-$BV9) -> 0 | CN9: =BJ9*(1-$BV9) -> 0 | CO9: =BK9*(1-$BV9) -> 0 | CP9: =BL9*(1-$BV9) -> 0 | CQ9: =BM9*(1-$BV9) -> 0 | CR9: =BN9*(1-$BV9) -> 0 | CS9: =BO9*(1-$BV9) -> 0 | CT9: =BP9*(1-$BV9) -> 0.94779949 | ... CY9: =BU9*(1-$BV9) -> 0
A10: OtsLYON18S_1 | B10: CJA1 | C10: 5 | D10: =SUMIFS('Individual Data'!$AB$6:$AB$5544,'Individual Data'!$V$6:$V$5544,'age-length prop'!$B10,'Individual Data'!$Y$6:$Y$5544,'age-length prop'!D$7,'Individual Data'!$R$6:$R$5544,'age-length prop'!$C10,'Individual Data'!$N$6:$N$5544,'age-length prop'!$B$6) -> 0 | E10: =SUMIFS('Individual Data'!$AB$6:$AB$5544,'Individual Data'!$V$6:$V$5544,'age-length prop'!$B10,'Individual Data'!$Y$6:$Y$5544,'age-length prop'!E$7,'Individual Data'!$R$6:$R$5544,'age-length prop'!$C10,'Individual Data'!$N$6:$N$5544,'age-length prop'!$B$6) -> 0 | F10: =SUMIFS('Individual Data'!$AB$6:$AB$5544,'Individual Data'!$V$6:$V$5544,'age-length prop'!$B10,'Individual Data'!$Y$6:$Y$5544,'age-length prop'!F$7,'Individual Data'!$R$6:$R$5544,'age-length prop'!$C10,'Individual Data'!$N$6:$N$5544,'age-length prop'!$B$6) -> 0 | G10: =SUMIFS('Individual Data'!$AB$6:$AB$5544,'Individual Data'!$V$6:$V$5544,'age-length prop'!$B10,'Individual Data'!$Y$6:$Y$5544,'age-length prop'!G$7,'Individual Data'!$R$6:$R$5544,'age-length prop'!$C10,'Individual Data'!$N$6:$N$5544,'age-length prop'!$B$6) -> 0 | H10: =SUMIFS('Individual Data'!$AB$6:$AB$5544,'Individual Data'!$V$6:$V$5544,'age-length prop'!$B10,'Individual Data'!$Y$6:$Y$5544,'age-length prop'!H$7,'Individual Data'!$R$6:$R$5544,'age-length prop'!$C10,'Individual Data'!$N$6:$N$5544,'age-length prop'!$B$6) -> 0 | I10: =SUMIFS('Individual Data'!$AB$6:$AB$5544,'Individual Data'!$V$6:$V$5544,'age-length prop'!$B10,'Individual Data'!$Y$6:$Y$5544,'age-length prop'!I$7,'Individual Data'!$R$6:$R$5544,'age-length prop'!$C10,'Individual Data'!$N$6:$N$5544,'age-length prop'!$B$6) -> 0 | J10: =SUMIFS('Individual Data'!$AB$6:$AB$5544,'Individual Data'!$V$6:$V$5544,'age-length prop'!$B10,'Individual Data'!$Y$6:$Y$5544,'age-length prop'!J$7,'Individual Data'!$R$6:$R$5544,'age-length prop'!$C10,'Individual Data'!$N$6:$N$5544,'age-length prop'!$B$6) -> 0 | K10: =SUMIFS('Individual Data'!$AB$6:$AB$5544,'Individual Data'!$V$6:$V$5544,'age-length prop'!$B10,'Individual Data'!$Y$6:$Y$5544,'age-length prop'!K$7,'Individual Data'!$R$6:$R$5544,'age-length prop'!$C10,'Individual Data'!$N$6:$N$5544,'age-length prop'!$B$6) -> 25.834539 | ... P10: =SUMIFS('Individual Data'!$AB$6:$AB$5544,'Individual Data'!$V$6:$V$5544,'age-length prop'!$B10,'Individual Data'!$Y$6:$Y$5544,'age-length prop'!P$7,'Individual Data'!$R$6:$R$5544,'age-length prop'!$C10,'Individual Data'!$N$6:$N$5544,'age-length prop'!$B$6) -> 0 | Q10: =IFERROR(D10+(D$5*(D10/D$6)),0) -> 0 | R10: =IFERROR(E10+(E$5*(E10/E$6)),0) -> 0 | S10: =IFERROR(F10+(F$5*(F10/F$6)),0) -> 0 | T10: =IFERROR(G10+(G$5*(G10/G$6)),0) -> 0 | U10: =IFERROR(H10+(H$5*(H10/H$6)),0) -> 0 | V10: =IFERROR(I10+(I$5*(I10/I$6)),0) -> 0 | W10: =IFERROR(J10+(J$5*(J10/J$6)),0) -> 0 | X10: =IFERROR(K10+(K$5*(K10/K$6)),0) -> 26.097626 | ... AC10: =IFERROR(P10+(P$5*(P10/P$6)),0) -> 0 | AD10: =VLOOKUP(A10,'PBT Tag Rates'!$B$5:$E$44,4,FALSE) -> 0.80551598 | AE10: =Q10/$AD10 -> 0 | AF10: =R10/$AD10 -> 0 | AG10: =S10/$AD10 -> 0 | AH10: =T10/$AD10 -> 0 | AI10: =U10/$AD10 -> 0 | AJ10: =V10/$AD10 -> 0 | AK10: =W10/$AD10 -> 0 | AL10: =X10/$AD10 -> 32.398645 | ... AQ10: =AC10/$AD10 -> 0 | AS10: =SUM(AE10:AG10) -> 0 | AT10: =SUM(AH10:AQ10) -> 98.566022 | AV10: =$AV$3-C10 -> 2018 | AW10: =B10 -> CJA1 | AX10: SR | AY10: =SUMIFS('cwt rel info'!$A$6:$A$317,'cwt rel info'!$D$6:$D$317,'age-length prop'!AV10,'cwt rel info'!$E$6:$E$317,'age-length prop'!AW10) -> 220509 | AZ10: =AS10+AT10 -> 98.566022 | BA10: =AT92 -> 52.003388 | BB10: =AS92 -> 0 | BC10: =VLOOKUP(AW10,'Individual Data'!$V$5:$AC$5544,8,FALSE) -> Abv | BD10: =IF(BC10="blw",AZ10*(1-$BA$4),AZ10*(1-$BA$3)) -> 96.101871 | BE10: =IF(BC10="blw",BA10*(1-$BA$4),BA10*(1-$BA$3)) -> 50.703304 | BF10: =IF(BC10="blw",BB10*(1-$BB$4),BB10*(1-$BB$3)) -> 0 | BI10: =AE10-Q10 -> 0 | BJ10: =AF10-R10 -> 0 | BK10: =AG10-S10 -> 0 | BL10: =AH10-T10 -> 0 | BM10: =AI10-U10 -> 0 | BN10: =AJ10-V10 -> 0 | BO10: =AK10-W10 -> 0 | BP10: =AL10-X10 -> 6.3010186 | ... BU10: =AQ10-AC10 -> 0 | BV10: =IFERROR(BW10/(BW10+BX10),0) -> 0.30769231 | BW10: =SUMIFS('Individual Data'!$X$6:$X$5544,'Individual Data'!$I$6:$I$5544,'age-length prop'!BW$7,'Individual Data'!$V$6:$V$5544,'age-length prop'!$B10,'Individual Data'!$R$6:$R$5544,'age-length prop'!$C10,'Individual Data'!$N$6:$N$5544,"F") -> 4 | BX10: =SUMIFS('Individual Data'!$X$6:$X$5544,'Individual Data'!$I$6:$I$5544,'age-length prop'!BX$7,'Individual Data'!$V$6:$V$5544,'age-length prop'!$B10,'Individual Data'!$R$6:$R$5544,'age-length prop'!$C10,'Individual Data'!$N$6:$N$5544,"F") -> 9 | BY10: =BI10*$BV10 -> 0 | BZ10: =BJ10*$BV10 -> 0 | CA10: =BK10*$BV10 -> 0 | CB10: =BL10*$BV10 -> 0 | CC10: =BM10*$BV10 -> 0 | CD10: =BN10*$BV10 -> 0 | CE10: =BO10*$BV10 -> 0 | CF10: =BP10*$BV10 -> 1.938775 | ... CK10: =BU10*$BV10 -> 0 | CM10: =BI10*(1-$BV10) -> 0 | CN10: =BJ10*(1-$BV10) -> 0 | CO10: =BK10*(1-$BV10) -> 0 | CP10: =BL10*(1-$BV10) -> 0 | CQ10: =BM10*(1-$BV10) -> 0 | CR10: =BN10*(1-$BV10) -> 0 | CS10: =BO10*(1-$BV10) -> 0 | CT10: =BP10*(1-$BV10) -> 4.3622436 | ... CY10: =BU10*(1-$BV10) -> 0
A11: OtsLYON18S_1 | B11: CJA2 | C11: 5 | D11: =SUMIFS('Individual Data'!$AB$6:$AB$5544,'Individual Data'!$V$6:$V$5544,'age-length prop'!$B11,'Individual Data'!$Y$6:$Y$5544,'age-length prop'!D$7,'Individual Data'!$R$6:$R$5544,'age-length prop'!$C11,'Individual Data'!$N$6:$N$5544,'age-length prop'!$B$6) -> 0 | E11: =SUMIFS('Individual Data'!$AB$6:$AB$5544,'Individual Data'!$V$6:$V$5544,'age-length prop'!$B11,'Individual Data'!$Y$6:$Y$5544,'age-length prop'!E$7,'Individual Data'!$R$6:$R$5544,'age-length prop'!$C11,'Individual Data'!$N$6:$N$5544,'age-length prop'!$B$6) -> 0 | F11: =SUMIFS('Individual Data'!$AB$6:$AB$5544,'Individual Data'!$V$6:$V$5544,'age-length prop'!$B11,'Individual Data'!$Y$6:$Y$5544,'age-length prop'!F$7,'Individual Data'!$R$6:$R$5544,'age-length prop'!$C11,'Individual Data'!$N$6:$N$5544,'age-length prop'!$B$6) -> 0 | G11: =SUMIFS('Individual Data'!$AB$6:$AB$5544,'Individual Data'!$V$6:$V$5544,'age-length prop'!$B11,'Individual Data'!$Y$6:$Y$5544,'age-length prop'!G$7,'Individual Data'!$R$6:$R$5544,'age-length prop'!$C11,'Individual Data'!$N$6:$N$5544,'age-length prop'!$B$6) -> 0 | H11: =SUMIFS('Individual Data'!$AB$6:$AB$5544,'Individual Data'!$V$6:$V$5544,'age-length prop'!$B11,'Individual Data'!$Y$6:$Y$5544,'age-length prop'!H$7,'Individual Data'!$R$6:$R$5544,'age-length prop'!$C11,'Individual Data'!$N$6:$N$5544,'age-length prop'!$B$6) -> 0 | I11: =SUMIFS('Individual Data'!$AB$6:$AB$5544,'Individual Data'!$V$6:$V$5544,'age-length prop'!$B11,'Individual Data'!$Y$6:$Y$5544,'age-length prop'!I$7,'Individual Data'!$R$6:$R$5544,'age-length prop'!$C11,'Individual Data'!$N$6:$N$5544,'age-length prop'!$B$6) -> 0 | J11: =SUMIFS('Individual Data'!$AB$6:$AB$5544,'Individual Data'!$V$6:$V$5544,'age-length prop'!$B11,'Individual Data'!$Y$6:$Y$5544,'age-length prop'!J$7,'Individual Data'!$R$6:$R$5544,'age-length prop'!$C11,'Individual Data'!$N$6:$N$5544,'age-length prop'!$B$6) -> 0 | K11: =SUMIFS('Individual Data'!$AB$6:$AB$5544,'Individual Data'!$V$6:$V$5544,'age-length prop'!$B11,'Individual Data'!$Y$6:$Y$5544,'age-length prop'!K$7,'Individual Data'!$R$6:$R$5544,'age-length prop'!$C11,'Individual Data'!$N$6:$N$5544,'age-length prop'!$B$6) -> 0 | ... P11: =SUMIFS('Individual Data'!$AB$6:$AB$5544,'Individual Data'!$V$6:$V$5544,'age-length prop'!$B11,'Individual Data'!$Y$6:$Y$5544,'age-length prop'!P$7,'Individual Data'!$R$6:$R$5544,'age-length prop'!$C11,'Individual Data'!$N$6:$N$5544,'age-length prop'!$B$6) -> 0 | Q11: =IFERROR(D11+(D$5*(D11/D$6)),0) -> 0 | R11: =IFERROR(E11+(E$5*(E11/E$6)),0) -> 0 | S11: =IFERROR(F11+(F$5*(F11/F$6)),0) -> 0 | T11: =IFERROR(G11+(G$5*(G11/G$6)),0) -> 0 | U11: =IFERROR(H11+(H$5*(H11/H$6)),0) -> 0 | V11: =IFERROR(I11+(I$5*(I11/I$6)),0) -> 0 | W11: =IFERROR(J11+(J$5*(J11/J$6)),0) -> 0 | X11: =IFERROR(K11+(K$5*(K11/K$6)),0) -> 0 | ... AC11: =IFERROR(P11+(P$5*(P11/P$6)),0) -> 0 | AD11: =VLOOKUP(A11,'PBT Tag Rates'!$B$5:$E$44,4,FALSE) -> 0.80551598 | AE11: =Q11/$AD11 -> 0 | AF11: =R11/$AD11 -> 0 | AG11: =S11/$AD11 -> 0 | AH11: =T11/$AD11 -> 0 | AI11: =U11/$AD11 -> 0 | AJ11: =V11/$AD11 -> 0 | AK11: =W11/$AD11 -> 0 | AL11: =X11/$AD11 -> 0 | ... AQ11: =AC11/$AD11 -> 0 | AS11: =SUM(AE11:AG11) -> 0 | AT11: =SUM(AH11:AQ11) -> 14.670193 | AV11: =$AV$3-C11 -> 2018 | AW11: =B11 -> CJA2 | AX11: SR | AY11: =SUMIFS('cwt rel info'!$A$6:$A$317,'cwt rel info'!$D$6:$D$317,'age-length prop'!AV11,'cwt rel info'!$E$6:$E$317,'age-length prop'!AW11) -> 220510 | AZ11: =AS11+AT11 -> 14.670193 | BA11: =AT93 -> 0 | BB11: =AS93 -> 0 | BC11: =VLOOKUP(AW11,'Individual Data'!$V$5:$AC$5544,8,FALSE) -> Abv | BD11: =IF(BC11="blw",AZ11*(1-$BA$4),AZ11*(1-$BA$3)) -> 14.303438 | BE11: =IF(BC11="blw",BA11*(1-$BA$4),BA11*(1-$BA$3)) -> 0 | BF11: =IF(BC11="blw",BB11*(1-$BB$4),BB11*(1-$BB$3)) -> 0 | BI11: =AE11-Q11 -> 0 | BJ11: =AF11-R11 -> 0 | BK11: =AG11-S11 -> 0 | BL11: =AH11-T11 -> 0 | BM11: =AI11-U11 -> 0 | BN11: =AJ11-V11 -> 0 | BO11: =AK11-W11 -> 0 | BP11: =AL11-X11 -> 0 | ... BU11: =AQ11-AC11 -> 0 | BV11: =IFERROR(BW11/(BW11+BX11),0) -> 1 | BW11: =SUMIFS('Individual Data'!$X$6:$X$5544,'Individual Data'!$I$6:$I$5544,'age-length prop'!BW$7,'Individual Data'!$V$6:$V$5544,'age-length prop'!$B11,'Individual Data'!$R$6:$R$5544,'age-length prop'!$C11,'Individual Data'!$N$6:$N$5544,"F") -> 1 | BX11: =SUMIFS('Individual Data'!$X$6:$X$5544,'Individual Data'!$I$6:$I$5544,'age-length prop'!BX$7,'Individual Data'!$V$6:$V$5544,'age-length prop'!$B11,'Individual Data'!$R$6:$R$5544,'age-length prop'!$C11,'Individual Data'!$N$6:$N$5544,"F") -> 0 | BY11: =BI11*$BV11 -> 0 | BZ11: =BJ11*$BV11 -> 0 | CA11: =BK11*$BV11 -> 0 | CB11: =BL11*$BV11 -> 0 | CC11: =BM11*$BV11 -> 0 | CD11: =BN11*$BV11 -> 0 | CE11: =BO11*$BV11 -> 0 | CF11: =BP11*$BV11 -> 0 | ... CK11: =BU11*$BV11 -> 0 | CM11: =BI11*(1-$BV11) -> 0 | CN11: =BJ11*(1-$BV11) -> 0 | CO11: =BK11*(1-$BV11) -> 0 | CP11: =BL11*(1-$BV11) -> 0 | CQ11: =BM11*(1-$BV11) -> 0 | CR11: =BN11*(1-$BV11) -> 0 | CS11: =BO11*(1-$BV11) -> 0 | CT11: =BP11*(1-$BV11) -> 0 | ... CY11: =BU11*(1-$BV11) -> 0
A12: OtsLYON18S_1 | B12: LFH UNK | C12: 5 | D12: =SUMIFS('Individual Data'!$AB$6:$AB$5544,'Individual Data'!$V$6:$V$5544,'age-length prop'!$B12,'Individual Data'!$Y$6:$Y$5544,'age-length prop'!D$7,'Individual Data'!$R$6:$R$5544,'age-length prop'!$C12,'Individual Data'!$N$6:$N$5544,'age-length prop'!$B$6) -> 0 | E12: =SUMIFS('Individual Data'!$AB$6:$AB$5544,'Individual Data'!$V$6:$V$5544,'age-length prop'!$B12,'Individual Data'!$Y$6:$Y$5544,'age-length prop'!E$7,'Individual Data'!$R$6:$R$5544,'age-length prop'!$C12,'Individual Data'!$N$6:$N$5544,'age-length prop'!$B$6) -> 0 | F12: =SUMIFS('Individual Data'!$AB$6:$AB$5544,'Individual Data'!$V$6:$V$5544,'age-length prop'!$B12,'Individual Data'!$Y$6:$Y$5544,'age-length prop'!F$7,'Individual Data'!$R$6:$R$5544,'age-length prop'!$C12,'Individual Data'!$N$6:$N$5544,'age-length prop'!$B$6) -> 0 | G12: =SUMIFS('Individual Data'!$AB$6:$AB$5544,'Individual Data'!$V$6:$V$5544,'age-length prop'!$B12,'Individual Data'!$Y$6:$Y$5544,'age-length prop'!G$7,'Individual Data'!$R$6:$R$5544,'age-length prop'!$C12,'Individual Data'!$N$6:$N$5544,'age-length prop'!$B$6) -> 0 | H12: =SUMIFS('Individual Data'!$AB$6:$AB$5544,'Individual Data'!$V$6:$V$5544,'age-length prop'!$B12,'Individual Data'!$Y$6:$Y$5544,'age-length prop'!H$7,'Individual Data'!$R$6:$R$5544,'age-length prop'!$C12,'Individual Data'!$N$6:$N$5544,'age-length prop'!$B$6) -> 0 | I12: =SUMIFS('Individual Data'!$AB$6:$AB$5544,'Individual Data'!$V$6:$V$5544,'age-length prop'!$B12,'Individual Data'!$Y$6:$Y$5544,'age-length prop'!I$7,'Individual Data'!$R$6:$R$5544,'age-length prop'!$C12,'Individual Data'!$N$6:$N$5544,'age-length prop'!$B$6) -> 0 | J12: =SUMIFS('Individual Data'!$AB$6:$AB$5544,'Individual Data'!$V$6:$V$5544,'age-length prop'!$B12,'Individual Data'!$Y$6:$Y$5544,'age-length prop'!J$7,'Individual Data'!$R$6:$R$5544,'age-length prop'!$C12,'Individual Data'!$N$6:$N$5544,'age-length prop'!$B$6) -> 11.658098 | K12: =SUMIFS('Individual Data'!$AB$6:$AB$5544,'Individual Data'!$V$6:$V$5544,'age-length prop'!$B12,'Individual Data'!$Y$6:$Y$5544,'age-length prop'!K$7,'Individual Data'!$R$6:$R$5544,'age-length prop'!$C12,'Individual Data'!$N$6:$N$5544,'age-length prop'!$B$6) -> 16.694786 | ... P12: =SUMIFS('Individual Data'!$AB$6:$AB$5544,'Individual Data'!$V$6:$V$5544,'age-length prop'!$B12,'Individual Data'!$Y$6:$Y$5544,'age-length prop'!P$7,'Individual Data'!$R$6:$R$5544,'age-length prop'!$C12,'Individual Data'!$N$6:$N$5544,'age-length prop'!$B$6) -> 0 | Q12: =IFERROR(D12+(D$5*(D12/D$6)),0) -> 0 | R12: =IFERROR(E12+(E$5*(E12/E$6)),0) -> 0 | S12: =IFERROR(F12+(F$5*(F12/F$6)),0) -> 0 | T12: =IFERROR(G12+(G$5*(G12/G$6)),0) -> 0 | U12: =IFERROR(H12+(H$5*(H12/H$6)),0) -> 0 | V12: =IFERROR(I12+(I$5*(I12/I$6)),0) -> 0 | W12: =IFERROR(J12+(J$5*(J12/J$6)),0) -> 11.759982 | X12: =IFERROR(K12+(K$5*(K12/K$6)),0) -> 16.864798 | ... AC12: =IFERROR(P12+(P$5*(P12/P$6)),0) -> 0 | AD12: =VLOOKUP(A12,'PBT Tag Rates'!$B$5:$E$44,4,FALSE) -> 0.80551598 | AE12: =Q12/$AD12 -> 0 | AF12: =R12/$AD12 -> 0 | AG12: =S12/$AD12 -> 0 | AH12: =T12/$AD12 -> 0 | AI12: =U12/$AD12 -> 0 | AJ12: =V12/$AD12 -> 0 | AK12: =W12/$AD12 -> 14.599315 | AL12: =X12/$AD12 -> 20.936639 | ... AQ12: =AC12/$AD12 -> 0 | AS12: =SUM(AE12:AG12) -> 0 | AT12: =SUM(AH12:AQ12) -> 121.37566 | AV12: =$AV$3-C12 -> 2018 | AW12: =B12 -> LFH UNK | AX12: SR | AY12: =SUMIFS('cwt rel info'!$A$6:$A$317,'cwt rel info'!$D$6:$D$317,'age-length prop'!AV12,'cwt rel info'!$E$6:$E$317,'age-length prop'!AW12) -> 0 | AZ12: =AS12+AT12 -> 121.37566 | BA12: =AT94 -> 126.64477 | BB12: =AS94 -> 0 | BC12: =VLOOKUP(AW12,'Individual Data'!$V$5:$AC$5544,8,FALSE) -> Blw | BD12: =IF(BC12="blw",AZ12*(1-$BA$4),AZ12*(1-$BA$3)) -> 91.153119 | BE12: =IF(BC12="blw",BA12*(1-$BA$4),BA12*(1-$BA$3)) -> 95.110224 | BF12: =IF(BC12="blw",BB12*(1-$BB$4),BB12*(1-$BB$3)) -> 0 | BI12: =AE12-Q12 -> 0 | BJ12: =AF12-R12 -> 0 | BK12: =AG12-S12 -> 0 | BL12: =AH12-T12 -> 0 | BM12: =AI12-U12 -> 0 | BN12: =AJ12-V12 -> 0 | BO12: =AK12-W12 -> 2.8393335 | BP12: =AL12-X12 -> 4.0718417 | ... BU12: =AQ12-AC12 -> 0 | BV12: =IFERROR(BW12/(BW12+BX12),0) -> 0.15384615 | BW12: =SUMIFS('Individual Data'!$X$6:$X$5544,'Individual Data'!$I$6:$I$5544,'age-length prop'!BW$7,'Individual Data'!$V$6:$V$5544,'age-length prop'!$B12,'Individual Data'!$R$6:$R$5544,'age-length prop'!$C12,'Individual Data'!$N$6:$N$5544,"F") -> 2 | BX12: =SUMIFS('Individual Data'!$X$6:$X$5544,'Individual Data'!$I$6:$I$5544,'age-length prop'!BX$7,'Individual Data'!$V$6:$V$5544,'age-length prop'!$B12,'Individual Data'!$R$6:$R$5544,'age-length prop'!$C12,'Individual Data'!$N$6:$N$5544,"F") -> 11 | BY12: =BI12*$BV12 -> 0 | BZ12: =BJ12*$BV12 -> 0 | CA12: =BK12*$BV12 -> 0 | CB12: =BL12*$BV12 -> 0 | CC12: =BM12*$BV12 -> 0 | CD12: =BN12*$BV12 -> 0 | CE12: =BO12*$BV12 -> 0.43682054 | CF12: =BP12*$BV12 -> 0.62643719 | ... CK12: =BU12*$BV12 -> 0 | CM12: =BI12*(1-$BV12) -> 0 | CN12: =BJ12*(1-$BV12) -> 0 | CO12: =BK12*(1-$BV12) -> 0 | CP12: =BL12*(1-$BV12) -> 0 | CQ12: =BM12*(1-$BV12) -> 0 | CR12: =BN12*(1-$BV12) -> 0 | CS12: =BO12*(1-$BV12) -> 2.402513 | CT12: =BP12*(1-$BV12) -> 3.4454045 | ... CY12: =BU12*(1-$BV12) -> 0
A13: OtsLYON18S_1 | B13: LFHSO2 | C13: 5 | D13: =SUMIFS('Individual Data'!$AB$6:$AB$5544,'Individual Data'!$V$6:$V$5544,'age-length prop'!$B13,'Individual Data'!$Y$6:$Y$5544,'age-length prop'!D$7,'Individual Data'!$R$6:$R$5544,'age-length prop'!$C13,'Individual Data'!$N$6:$N$5544,'age-length prop'!$B$6) -> 0 | E13: =SUMIFS('Individual Data'!$AB$6:$AB$5544,'Individual Data'!$V$6:$V$5544,'age-length prop'!$B13,'Individual Data'!$Y$6:$Y$5544,'age-length prop'!E$7,'Individual Data'!$R$6:$R$5544,'age-length prop'!$C13,'Individual Data'!$N$6:$N$5544,'age-length prop'!$B$6) -> 0 | F13: =SUMIFS('Individual Data'!$AB$6:$AB$5544,'Individual Data'!$V$6:$V$5544,'age-length prop'!$B13,'Individual Data'!$Y$6:$Y$5544,'age-length prop'!F$7,'Individual Data'!$R$6:$R$5544,'age-length prop'!$C13,'Individual Data'!$N$6:$N$5544,'age-length prop'!$B$6) -> 0 | G13: =SUMIFS('Individual Data'!$AB$6:$AB$5544,'Individual Data'!$V$6:$V$5544,'age-length prop'!$B13,'Individual Data'!$Y$6:$Y$5544,'age-length prop'!G$7,'Individual Data'!$R$6:$R$5544,'age-length prop'!$C13,'Individual Data'!$N$6:$N$5544,'age-length prop'!$B$6) -> 0 | H13: =SUMIFS('Individual Data'!$AB$6:$AB$5544,'Individual Data'!$V$6:$V$5544,'age-length prop'!$B13,'Individual Data'!$Y$6:$Y$5544,'age-length prop'!H$7,'Individual Data'!$R$6:$R$5544,'age-length prop'!$C13,'Individual Data'!$N$6:$N$5544,'age-length prop'!$B$6) -> 0 | I13: =SUMIFS('Individual Data'!$AB$6:$AB$5544,'Individual Data'!$V$6:$V$5544,'age-length prop'!$B13,'Individual Data'!$Y$6:$Y$5544,'age-length prop'!I$7,'Individual Data'!$R$6:$R$5544,'age-length prop'!$C13,'Individual Data'!$N$6:$N$5544,'age-length prop'!$B$6) -> 0 | J13: =SUMIFS('Individual Data'!$AB$6:$AB$5544,'Individual Data'!$V$6:$V$5544,'age-length prop'!$B13,'Individual Data'!$Y$6:$Y$5544,'age-length prop'!J$7,'Individual Data'!$R$6:$R$5544,'age-length prop'!$C13,'Individual Data'!$N$6:$N$5544,'age-length prop'!$B$6) -> 2.5183441 | K13: =SUMIFS('Individual Data'!$AB$6:$AB$5544,'Individual Data'!$V$6:$V$5544,'age-length prop'!$B13,'Individual Data'!$Y$6:$Y$5544,'age-length prop'!K$7,'Individual Data'!$R$6:$R$5544,'age-length prop'!$C13,'Individual Data'!$N$6:$N$5544,'age-length prop'!$B$6) -> 5.0366881 | ... P13: =SUMIFS('Individual Data'!$AB$6:$AB$5544,'Individual Data'!$V$6:$V$5544,'age-length prop'!$B13,'Individual Data'!$Y$6:$Y$5544,'age-length prop'!P$7,'Individual Data'!$R$6:$R$5544,'age-length prop'!$C13,'Individual Data'!$N$6:$N$5544,'age-length prop'!$B$6) -> 0 | Q13: =IFERROR(D13+(D$5*(D13/D$6)),0) -> 0 | R13: =IFERROR(E13+(E$5*(E13/E$6)),0) -> 0 | S13: =IFERROR(F13+(F$5*(F13/F$6)),0) -> 0 | T13: =IFERROR(G13+(G$5*(G13/G$6)),0) -> 0 | U13: =IFERROR(H13+(H$5*(H13/H$6)),0) -> 0 | V13: =IFERROR(I13+(I$5*(I13/I$6)),0) -> 0 | W13: =IFERROR(J13+(J$5*(J13/J$6)),0) -> 2.5403528 | X13: =IFERROR(K13+(K$5*(K13/K$6)),0) -> 5.0879794 | ... AC13: =IFERROR(P13+(P$5*(P13/P$6)),0) -> 0 | AD13: =VLOOKUP(A13,'PBT Tag Rates'!$B$5:$E$44,4,FALSE) -> 0.80551598 | AE13: =Q13/$AD13 -> 0 | AF13: =R13/$AD13 -> 0 | AG13: =S13/$AD13 -> 0 | AH13: =T13/$AD13 -> 0 | AI13: =U13/$AD13 -> 0 | AJ13: =V13/$AD13 -> 0 | AK13: =W13/$AD13 -> 3.1536963 | AL13: =X13/$AD13 -> 6.3164226 | ... AQ13: =AC13/$AD13 -> 0 | AS13: =SUM(AE13:AG13) -> 0 | AT13: =SUM(AH13:AQ13) -> 12.637146 | AV13: =$AV$3-C13 -> 2018 | AW13: =B13 -> LFHSO2 | AX13: SR | AY13: =SUMIFS('cwt rel info'!$A$6:$A$317,'cwt rel info'!$D$6:$D$317,'age-length prop'!AV13,'cwt rel info'!$E$6:$E$317,'age-length prop'!AW13) -> 0 | AZ13: =AS13+AT13 -> 12.637146 | BA13: =AT95 -> 0 | BB13: =AS95 -> 0 | BC13: =VLOOKUP(AW13,'Individual Data'!$V$5:$AC$5544,8,FALSE) -> Blw | BD13: =IF(BC13="blw",AZ13*(1-$BA$4),AZ13*(1-$BA$3)) -> 9.4904966 | BE13: =IF(BC13="blw",BA13*(1-$BA$4),BA13*(1-$BA$3)) -> 0 | BF13: =IF(BC13="blw",BB13*(1-$BB$4),BB13*(1-$BB$3)) -> 0 | BI13: =AE13-Q13 -> 0 | BJ13: =AF13-R13 -> 0 | BK13: =AG13-S13 -> 0 | BL13: =AH13-T13 -> 0 | BM13: =AI13-U13 -> 0 | BN13: =AJ13-V13 -> 0 | BO13: =AK13-W13 -> 0.61334352 | BP13: =AL13-X13 -> 1.2284432 | ... BU13: =AQ13-AC13 -> 0 | BV13: =IFERROR(BW13/(BW13+BX13),0) -> 0 | BW13: =SUMIFS('Individual Data'!$X$6:$X$5544,'Individual Data'!$I$6:$I$5544,'age-length prop'!BW$7,'Individual Data'!$V$6:$V$5544,'age-length prop'!$B13,'Individual Data'!$R$6:$R$5544,'age-length prop'!$C13,'Individual Data'!$N$6:$N$5544,"F") -> 0 | BX13: =SUMIFS('Individual Data'!$X$6:$X$5544,'Individual Data'!$I$6:$I$5544,'age-length prop'!BX$7,'Individual Data'!$V$6:$V$5544,'age-length prop'!$B13,'Individual Data'!$R$6:$R$5544,'age-length prop'!$C13,'Individual Data'!$N$6:$N$5544,"F") -> 4 | BY13: =BI13*$BV13 -> 0 | BZ13: =BJ13*$BV13 -> 0 | CA13: =BK13*$BV13 -> 0 | CB13: =BL13*$BV13 -> 0 | CC13: =BM13*$BV13 -> 0 | CD13: =BN13*$BV13 -> 0 | CE13: =BO13*$BV13 -> 0 | CF13: =BP13*$BV13 -> 0 | ... CK13: =BU13*$BV13 -> 0 | CM13: =BI13*(1-$BV13) -> 0 | CN13: =BJ13*(1-$BV13) -> 0 | CO13: =BK13*(1-$BV13) -> 0 | CP13: =BL13*(1-$BV13) -> 0 | CQ13: =BM13*(1-$BV13) -> 0 | CR13: =BN13*(1-$BV13) -> 0 | CS13: =BO13*(1-$BV13) -> 0.61334352 | CT13: =BP13*(1-$BV13) -> 1.2284432 | ... CY13: =BU13*(1-$BV13) -> 0
A14: OtsLYON18S_1 | B14: LFSO | C14: 5 | D14: =SUMIFS('Individual Data'!$AB$6:$AB$5544,'Individual Data'!$V$6:$V$5544,'age-length prop'!$B14,'Individual Data'!$Y$6:$Y$5544,'age-length prop'!D$7,'Individual Data'!$R$6:$R$5544,'age-length prop'!$C14,'Individual Data'!$N$6:$N$5544,'age-length prop'!$B$6) -> 0 | E14: =SUMIFS('Individual Data'!$AB$6:$AB$5544,'Individual Data'!$V$6:$V$5544,'age-length prop'!$B14,'Individual Data'!$Y$6:$Y$5544,'age-length prop'!E$7,'Individual Data'!$R$6:$R$5544,'age-length prop'!$C14,'Individual Data'!$N$6:$N$5544,'age-length prop'!$B$6) -> 0 | F14: =SUMIFS('Individual Data'!$AB$6:$AB$5544,'Individual Data'!$V$6:$V$5544,'age-length prop'!$B14,'Individual Data'!$Y$6:$Y$5544,'age-length prop'!F$7,'Individual Data'!$R$6:$R$5544,'age-length prop'!$C14,'Individual Data'!$N$6:$N$5544,'age-length prop'!$B$6) -> 0 | G14: =SUMIFS('Individual Data'!$AB$6:$AB$5544,'Individual Data'!$V$6:$V$5544,'age-length prop'!$B14,'Individual Data'!$Y$6:$Y$5544,'age-length prop'!G$7,'Individual Data'!$R$6:$R$5544,'age-length prop'!$C14,'Individual Data'!$N$6:$N$5544,'age-length prop'!$B$6) -> 0 | H14: =SUMIFS('Individual Data'!$AB$6:$AB$5544,'Individual Data'!$V$6:$V$5544,'age-length prop'!$B14,'Individual Data'!$Y$6:$Y$5544,'age-length prop'!H$7,'Individual Data'!$R$6:$R$5544,'age-length prop'!$C14,'Individual Data'!$N$6:$N$5544,'age-length prop'!$B$6) -> 0 | I14: =SUMIFS('Individual Data'!$AB$6:$AB$5544,'Individual Data'!$V$6:$V$5544,'age-length prop'!$B14,'Individual Data'!$Y$6:$Y$5544,'age-length prop'!I$7,'Individual Data'!$R$6:$R$5544,'age-length prop'!$C14,'Individual Data'!$N$6:$N$5544,'age-length prop'!$B$6) -> 0 | J14: =SUMIFS('Individual Data'!$AB$6:$AB$5544,'Individual Data'!$V$6:$V$5544,'age-length prop'!$B14,'Individual Data'!$Y$6:$Y$5544,'age-length prop'!J$7,'Individual Data'!$R$6:$R$5544,'age-length prop'!$C14,'Individual Data'!$N$6:$N$5544,'age-length prop'!$B$6) -> 0 | K14: =SUMIFS('Individual Data'!$AB$6:$AB$5544,'Individual Data'!$V$6:$V$5544,'age-length prop'!$B14,'Individual Data'!$Y$6:$Y$5544,'age-length prop'!K$7,'Individual Data'!$R$6:$R$5544,'age-length prop'!$C14,'Individual Data'!$N$6:$N$5544,'age-length prop'!$B$6) -> 23.316195 | ... P14: =SUMIFS('Individual Data'!$AB$6:$AB$5544,'Individual Data'!$V$6:$V$5544,'age-length prop'!$B14,'Individual Data'!$Y$6:$Y$5544,'age-length prop'!P$7,'Individual Data'!$R$6:$R$5544,'age-length prop'!$C14,'Individual Data'!$N$6:$N$5544,'age-length prop'!$B$6) -> 0 | Q14: =IFERROR(D14+(D$5*(D14/D$6)),0) -> 0 | R14: =IFERROR(E14+(E$5*(E14/E$6)),0) -> 0 | S14: =IFERROR(F14+(F$5*(F14/F$6)),0) -> 0 | T14: =IFERROR(G14+(G$5*(G14/G$6)),0) -> 0 | U14: =IFERROR(H14+(H$5*(H14/H$6)),0) -> 0 | V14: =IFERROR(I14+(I$5*(I14/I$6)),0) -> 0 | W14: =IFERROR(J14+(J$5*(J14/J$6)),0) -> 0 | X14: =IFERROR(K14+(K$5*(K14/K$6)),0) -> 23.553637 | ... AC14: =IFERROR(P14+(P$5*(P14/P$6)),0) -> 0 | AD14: =VLOOKUP(A14,'PBT Tag Rates'!$B$5:$E$44,4,FALSE) -> 0.80551598 | AE14: =Q14/$AD14 -> 0 | AF14: =R14/$AD14 -> 0 | AG14: =S14/$AD14 -> 0 | AH14: =T14/$AD14 -> 0 | AI14: =U14/$AD14 -> 0 | AJ14: =V14/$AD14 -> 0 | AK14: =W14/$AD14 -> 0 | AL14: =X14/$AD14 -> 29.240434 | ... AQ14: =AC14/$AD14 -> 0 | AS14: =SUM(AE14:AG14) -> 0 | AT14: =SUM(AH14:AQ14) -> 59.740556 | AV14: =$AV$3-C14 -> 2018 | AW14: =B14 -> LFSO | AX14: SR | AY14: =SUMIFS('cwt rel info'!$A$6:$A$317,'cwt rel info'!$D$6:$D$317,'age-length prop'!AV14,'cwt rel info'!$E$6:$E$317,'age-length prop'!AW14) -> 637422 | AZ14: =AS14+AT14 -> 59.740556 | BA14: =AT96 -> 47.548095 | BB14: =AS96 -> 0 | BC14: =VLOOKUP(AW14,'Individual Data'!$V$5:$AC$5544,8,FALSE) -> Blw | BD14: =IF(BC14="blw",AZ14*(1-$BA$4),AZ14*(1-$BA$3)) -> 44.865158 | BE14: =IF(BC14="blw",BA14*(1-$BA$4),BA14*(1-$BA$3)) -> 35.708619 | BF14: =IF(BC14="blw",BB14*(1-$BB$4),BB14*(1-$BB$3)) -> 0 | BI14: =AE14-Q14 -> 0 | BJ14: =AF14-R14 -> 0 | BK14: =AG14-S14 -> 0 | BL14: =AH14-T14 -> 0 | BM14: =AI14-U14 -> 0 | BN14: =AJ14-V14 -> 0 | BO14: =AK14-W14 -> 0 | BP14: =AL14-X14 -> 5.686797 | ... BU14: =AQ14-AC14 -> 0 | BV14: =IFERROR(BW14/(BW14+BX14),0) -> 0.5 | BW14: =SUMIFS('Individual Data'!$X$6:$X$5544,'Individual Data'!$I$6:$I$5544,'age-length prop'!BW$7,'Individual Data'!$V$6:$V$5544,'age-length prop'!$B14,'Individual Data'!$R$6:$R$5544,'age-length prop'!$C14,'Individual Data'!$N$6:$N$5544,"F") -> 4 | BX14: =SUMIFS('Individual Data'!$X$6:$X$5544,'Individual Data'!$I$6:$I$5544,'age-length prop'!BX$7,'Individual Data'!$V$6:$V$5544,'age-length prop'!$B14,'Individual Data'!$R$6:$R$5544,'age-length prop'!$C14,'Individual Data'!$N$6:$N$5544,"F") -> 4 | BY14: =BI14*$BV14 -> 0 | BZ14: =BJ14*$BV14 -> 0 | CA14: =BK14*$BV14 -> 0 | CB14: =BL14*$BV14 -> 0 | CC14: =BM14*$BV14 -> 0 | CD14: =BN14*$BV14 -> 0 | CE14: =BO14*$BV14 -> 0 | CF14: =BP14*$BV14 -> 2.8433985 | ... CK14: =BU14*$BV14 -> 0 | CM14: =BI14*(1-$BV14) -> 0 | CN14: =BJ14*(1-$BV14) -> 0 | CO14: =BK14*(1-$BV14) -> 0 | CP14: =BL14*(1-$BV14) -> 0 | CQ14: =BM14*(1-$BV14) -> 0 | CR14: =BN14*(1-$BV14) -> 0 | CS14: =BO14*(1-$BV14) -> 0 | CT14: =BP14*(1-$BV14) -> 2.8433985 | ... CY14: =BU14*(1-$BV14) -> 0
A15: OtsLYON18S_1 | B15: LFYO | C15: 5 | D15: =SUMIFS('Individual Data'!$AB$6:$AB$5544,'Individual Data'!$V$6:$V$5544,'age-length prop'!$B15,'Individual Data'!$Y$6:$Y$5544,'age-length prop'!D$7,'Individual Data'!$R$6:$R$5544,'age-length prop'!$C15,'Individual Data'!$N$6:$N$5544,'age-length prop'!$B$6) -> 0 | E15: =SUMIFS('Individual Data'!$AB$6:$AB$5544,'Individual Data'!$V$6:$V$5544,'age-length prop'!$B15,'Individual Data'!$Y$6:$Y$5544,'age-length prop'!E$7,'Individual Data'!$R$6:$R$5544,'age-length prop'!$C15,'Individual Data'!$N$6:$N$5544,'age-length prop'!$B$6) -> 0 | F15: =SUMIFS('Individual Data'!$AB$6:$AB$5544,'Individual Data'!$V$6:$V$5544,'age-length prop'!$B15,'Individual Data'!$Y$6:$Y$5544,'age-length prop'!F$7,'Individual Data'!$R$6:$R$5544,'age-length prop'!$C15,'Individual Data'!$N$6:$N$5544,'age-length prop'!$B$6) -> 0 | G15: =SUMIFS('Individual Data'!$AB$6:$AB$5544,'Individual Data'!$V$6:$V$5544,'age-length prop'!$B15,'Individual Data'!$Y$6:$Y$5544,'age-length prop'!G$7,'Individual Data'!$R$6:$R$5544,'age-length prop'!$C15,'Individual Data'!$N$6:$N$5544,'age-length prop'!$B$6) -> 0 | H15: =SUMIFS('Individual Data'!$AB$6:$AB$5544,'Individual Data'!$V$6:$V$5544,'age-length prop'!$B15,'Individual Data'!$Y$6:$Y$5544,'age-length prop'!H$7,'Individual Data'!$R$6:$R$5544,'age-length prop'!$C15,'Individual Data'!$N$6:$N$5544,'age-length prop'!$B$6) -> 0 | I15: =SUMIFS('Individual Data'!$AB$6:$AB$5544,'Individual Data'!$V$6:$V$5544,'age-length prop'!$B15,'Individual Data'!$Y$6:$Y$5544,'age-length prop'!I$7,'Individual Data'!$R$6:$R$5544,'age-length prop'!$C15,'Individual Data'!$N$6:$N$5544,'age-length prop'!$B$6) -> 23.316195 | J15: =SUMIFS('Individual Data'!$AB$6:$AB$5544,'Individual Data'!$V$6:$V$5544,'age-length prop'!$B15,'Individual Data'!$Y$6:$Y$5544,'age-length prop'!J$7,'Individual Data'!$R$6:$R$5544,'age-length prop'!$C15,'Individual Data'!$N$6:$N$5544,'age-length prop'!$B$6) -> 139.89717 | K15: =SUMIFS('Individual Data'!$AB$6:$AB$5544,'Individual Data'!$V$6:$V$5544,'age-length prop'!$B15,'Individual Data'!$Y$6:$Y$5544,'age-length prop'!K$7,'Individual Data'!$R$6:$R$5544,'age-length prop'!$C15,'Individual Data'!$N$6:$N$5544,'age-length prop'!$B$6) -> 233.16195 | ... P15: =SUMIFS('Individual Data'!$AB$6:$AB$5544,'Individual Data'!$V$6:$V$5544,'age-length prop'!$B15,'Individual Data'!$Y$6:$Y$5544,'age-length prop'!P$7,'Individual Data'!$R$6:$R$5544,'age-length prop'!$C15,'Individual Data'!$N$6:$N$5544,'age-length prop'!$B$6) -> 0 | Q15: =IFERROR(D15+(D$5*(D15/D$6)),0) -> 0 | R15: =IFERROR(E15+(E$5*(E15/E$6)),0) -> 0 | S15: =IFERROR(F15+(F$5*(F15/F$6)),0) -> 0 | T15: =IFERROR(G15+(G$5*(G15/G$6)),0) -> 0 | U15: =IFERROR(H15+(H$5*(H15/H$6)),0) -> 0 | V15: =IFERROR(I15+(I$5*(I15/I$6)),0) -> 23.316195 | W15: =IFERROR(J15+(J$5*(J15/J$6)),0) -> 141.11978 | X15: =IFERROR(K15+(K$5*(K15/K$6)),0) -> 235.53637 | ... AC15: =IFERROR(P15+(P$5*(P15/P$6)),0) -> 0 | AD15: =VLOOKUP(A15,'PBT Tag Rates'!$B$5:$E$44,4,FALSE) -> 0.80551598 | AE15: =Q15/$AD15 -> 0 | AF15: =R15/$AD15 -> 0 | AG15: =S15/$AD15 -> 0 | AH15: =T15/$AD15 -> 0 | AI15: =U15/$AD15 -> 0 | AJ15: =V15/$AD15 -> 28.945664 | AK15: =W15/$AD15 -> 175.19179 | AL15: =X15/$AD15 -> 292.40434 | ... AQ15: =AC15/$AD15 -> 0 | AS15: =SUM(AE15:AG15) -> 0 | AT15: =SUM(AH15:AQ15) -> 927.26116 | AV15: =$AV$3-C15 -> 2018 | AW15: =B15 -> LFYO | AX15: SR | AY15: =SUMIFS('cwt rel info'!$A$6:$A$317,'cwt rel info'!$D$6:$D$317,'age-length prop'!AV15,'cwt rel info'!$E$6:$E$317,'age-length prop'!AW15) -> 637603 | AZ15: =AS15+AT15 -> 927.26116 | BA15: =AT97 -> 385.50063 | BB15: =AS97 -> 0 | BC15: =VLOOKUP(AW15,'Individual Data'!$V$5:$AC$5544,8,FALSE) -> Blw | BD15: =IF(BC15="blw",AZ15*(1-$BA$4),AZ15*(1-$BA$3)) -> 696.37313 | BE15: =IF(BC15="blw",BA15*(1-$BA$4),BA15*(1-$BA$3)) -> 289.51098 | BF15: =IF(BC15="blw",BB15*(1-$BB$4),BB15*(1-$BB$3)) -> 0 | BI15: =AE15-Q15 -> 0 | BJ15: =AF15-R15 -> 0 | BK15: =AG15-S15 -> 0 | BL15: =AH15-T15 -> 0 | BM15: =AI15-U15 -> 0 | BN15: =AJ15-V15 -> 5.6294691 | BO15: =AK15-W15 -> 34.072002 | BP15: =AL15-X15 -> 56.86797 | ... BU15: =AQ15-AC15 -> 0 | BV15: =IFERROR(BW15/(BW15+BX15),0) -> 0.98611111 | BW15: =SUMIFS('Individual Data'!$X$6:$X$5544,'Individual Data'!$I$6:$I$5544,'age-length prop'!BW$7,'Individual Data'!$V$6:$V$5544,'age-length prop'!$B15,'Individual Data'!$R$6:$R$5544,'age-length prop'!$C15,'Individual Data'!$N$6:$N$5544,"F") -> 71 | BX15: =SUMIFS('Individual Data'!$X$6:$X$5544,'Individual Data'!$I$6:$I$5544,'age-length prop'!BX$7,'Individual Data'!$V$6:$V$5544,'age-length prop'!$B15,'Individual Data'!$R$6:$R$5544,'age-length prop'!$C15,'Individual Data'!$N$6:$N$5544,"F") -> 1 | BY15: =BI15*$BV15 -> 0 | BZ15: =BJ15*$BV15 -> 0 | CA15: =BK15*$BV15 -> 0 | CB15: =BL15*$BV15 -> 0 | CC15: =BM15*$BV15 -> 0 | CD15: =BN15*$BV15 -> 5.551282 | CE15: =BO15*$BV15 -> 33.59878 | CF15: =BP15*$BV15 -> 56.078137 | ... CK15: =BU15*$BV15 -> 0 | CM15: =BI15*(1-$BV15) -> 0 | CN15: =BJ15*(1-$BV15) -> 0 | CO15: =BK15*(1-$BV15) -> 0 | CP15: =BL15*(1-$BV15) -> 0 | CQ15: =BM15*(1-$BV15) -> 0 | CR15: =BN15*(1-$BV15) -> 0.07818707 | CS15: =BO15*(1-$BV15) -> 0.47322225 | CT15: =BP15*(1-$BV15) -> 0.78983291 | ... CY15: =BU15*(1-$BV15) -> 0
A16: OtsLYON18S_1 | B16: PLA1 | C16: 5 | D16: =SUMIFS('Individual Data'!$AB$6:$AB$5544,'Individual Data'!$V$6:$V$5544,'age-length prop'!$B16,'Individual Data'!$Y$6:$Y$5544,'age-length prop'!D$7,'Individual Data'!$R$6:$R$5544,'age-length prop'!$C16,'Individual Data'!$N$6:$N$5544,'age-length prop'!$B$6) -> 0 | E16: =SUMIFS('Individual Data'!$AB$6:$AB$5544,'Individual Data'!$V$6:$V$5544,'age-length prop'!$B16,'Individual Data'!$Y$6:$Y$5544,'age-length prop'!E$7,'Individual Data'!$R$6:$R$5544,'age-length prop'!$C16,'Individual Data'!$N$6:$N$5544,'age-length prop'!$B$6) -> 0 | F16: =SUMIFS('Individual Data'!$AB$6:$AB$5544,'Individual Data'!$V$6:$V$5544,'age-length prop'!$B16,'Individual Data'!$Y$6:$Y$5544,'age-length prop'!F$7,'Individual Data'!$R$6:$R$5544,'age-length prop'!$C16,'Individual Data'!$N$6:$N$5544,'age-length prop'!$B$6) -> 0 | G16: =SUMIFS('Individual Data'!$AB$6:$AB$5544,'Individual Data'!$V$6:$V$5544,'age-length prop'!$B16,'Individual Data'!$Y$6:$Y$5544,'age-length prop'!G$7,'Individual Data'!$R$6:$R$5544,'age-length prop'!$C16,'Individual Data'!$N$6:$N$5544,'age-length prop'!$B$6) -> 0 | H16: =SUMIFS('Individual Data'!$AB$6:$AB$5544,'Individual Data'!$V$6:$V$5544,'age-length prop'!$B16,'Individual Data'!$Y$6:$Y$5544,'age-length prop'!H$7,'Individual Data'!$R$6:$R$5544,'age-length prop'!$C16,'Individual Data'!$N$6:$N$5544,'age-length prop'!$B$6) -> 0 | I16: =SUMIFS('Individual Data'!$AB$6:$AB$5544,'Individual Data'!$V$6:$V$5544,'age-length prop'!$B16,'Individual Data'!$Y$6:$Y$5544,'age-length prop'!I$7,'Individual Data'!$R$6:$R$5544,'age-length prop'!$C16,'Individual Data'!$N$6:$N$5544,'age-length prop'!$B$6) -> 0 | J16: =SUMIFS('Individual Data'!$AB$6:$AB$5544,'Individual Data'!$V$6:$V$5544,'age-length prop'!$B16,'Individual Data'!$Y$6:$Y$5544,'age-length prop'!J$7,'Individual Data'!$R$6:$R$5544,'age-length prop'!$C16,'Individual Data'!$N$6:$N$5544,'age-length prop'!$B$6) -> 11.658098 | K16: =SUMIFS('Individual Data'!$AB$6:$AB$5544,'Individual Data'!$V$6:$V$5544,'age-length prop'!$B16,'Individual Data'!$Y$6:$Y$5544,'age-length prop'!K$7,'Individual Data'!$R$6:$R$5544,'age-length prop'!$C16,'Individual Data'!$N$6:$N$5544,'age-length prop'!$B$6) -> 11.658098 | ... P16: =SUMIFS('Individual Data'!$AB$6:$AB$5544,'Individual Data'!$V$6:$V$5544,'age-length prop'!$B16,'Individual Data'!$Y$6:$Y$5544,'age-length prop'!P$7,'Individual Data'!$R$6:$R$5544,'age-length prop'!$C16,'Individual Data'!$N$6:$N$5544,'age-length prop'!$B$6) -> 0 | Q16: =IFERROR(D16+(D$5*(D16/D$6)),0) -> 0 | R16: =IFERROR(E16+(E$5*(E16/E$6)),0) -> 0 | S16: =IFERROR(F16+(F$5*(F16/F$6)),0) -> 0 | T16: =IFERROR(G16+(G$5*(G16/G$6)),0) -> 0 | U16: =IFERROR(H16+(H$5*(H16/H$6)),0) -> 0 | V16: =IFERROR(I16+(I$5*(I16/I$6)),0) -> 0 | W16: =IFERROR(J16+(J$5*(J16/J$6)),0) -> 11.759982 | X16: =IFERROR(K16+(K$5*(K16/K$6)),0) -> 11.776818 | ... AC16: =IFERROR(P16+(P$5*(P16/P$6)),0) -> 0 | AD16: =VLOOKUP(A16,'PBT Tag Rates'!$B$5:$E$44,4,FALSE) -> 0.80551598 | AE16: =Q16/$AD16 -> 0 | AF16: =R16/$AD16 -> 0 | AG16: =S16/$AD16 -> 0 | AH16: =T16/$AD16 -> 0 | AI16: =U16/$AD16 -> 0 | AJ16: =V16/$AD16 -> 0 | AK16: =W16/$AD16 -> 14.599315 | AL16: =X16/$AD16 -> 14.620217 | ... AQ16: =AC16/$AD16 -> 0 | AS16: =SUM(AE16:AG16) -> 0 | AT16: =SUM(AH16:AQ16) -> 106.87893 | AV16: =$AV$3-C16 -> 2018 | AW16: =B16 -> PLA1 | AX16: SR | AY16: =SUMIFS('cwt rel info'!$A$6:$A$317,'cwt rel info'!$D$6:$D$317,'age-length prop'!AV16,'cwt rel info'!$E$6:$E$317,'age-length prop'!AW16) -> 220513 | AZ16: =AS16+AT16 -> 106.87893 | BA16: =AT98 -> 84.292052 | BB16: =AS98 -> 0 | BC16: =VLOOKUP(AW16,'Individual Data'!$V$5:$AC$5544,8,FALSE) -> Abv | BD16: =IF(BC16="blw",AZ16*(1-$BA$4),AZ16*(1-$BA$3)) -> 104.20696 | BE16: =IF(BC16="blw",BA16*(1-$BA$4),BA16*(1-$BA$3)) -> 82.184751 | BF16: =IF(BC16="blw",BB16*(1-$BB$4),BB16*(1-$BB$3)) -> 0 | BI16: =AE16-Q16 -> 0 | BJ16: =AF16-R16 -> 0 | BK16: =AG16-S16 -> 0 | BL16: =AH16-T16 -> 0 | BM16: =AI16-U16 -> 0 | BN16: =AJ16-V16 -> 0 | BO16: =AK16-W16 -> 2.8393335 | BP16: =AL16-X16 -> 2.8433985 | ... BU16: =AQ16-AC16 -> 0 | BV16: =IFERROR(BW16/(BW16+BX16),0) -> 0.33333333 | BW16: =SUMIFS('Individual Data'!$X$6:$X$5544,'Individual Data'!$I$6:$I$5544,'age-length prop'!BW$7,'Individual Data'!$V$6:$V$5544,'age-length prop'!$B16,'Individual Data'!$R$6:$R$5544,'age-length prop'!$C16,'Individual Data'!$N$6:$N$5544,"F") -> 4 | BX16: =SUMIFS('Individual Data'!$X$6:$X$5544,'Individual Data'!$I$6:$I$5544,'age-length prop'!BX$7,'Individual Data'!$V$6:$V$5544,'age-length prop'!$B16,'Individual Data'!$R$6:$R$5544,'age-length prop'!$C16,'Individual Data'!$N$6:$N$5544,"F") -> 8 | BY16: =BI16*$BV16 -> 0 | BZ16: =BJ16*$BV16 -> 0 | CA16: =BK16*$BV16 -> 0 | CB16: =BL16*$BV16 -> 0 | CC16: =BM16*$BV16 -> 0 | CD16: =BN16*$BV16 -> 0 | CE16: =BO16*$BV16 -> 0.9464445 | CF16: =BP16*$BV16 -> 0.94779949 | ... CK16: =BU16*$BV16 -> 0 | CM16: =BI16*(1-$BV16) -> 0 | CN16: =BJ16*(1-$BV16) -> 0 | CO16: =BK16*(1-$BV16) -> 0 | CP16: =BL16*(1-$BV16) -> 0 | CQ16: =BM16*(1-$BV16) -> 0 | CR16: =BN16*(1-$BV16) -> 0 | CS16: =BO16*(1-$BV16) -> 1.892889 | CT16: =BP16*(1-$BV16) -> 1.895599 | ... CY16: =BU16*(1-$BV16) -> 0
A17: OtsLYON18S_1 | B17: PLA2 | C17: 5 | D17: =SUMIFS('Individual Data'!$AB$6:$AB$5544,'Individual Data'!$V$6:$V$5544,'age-length prop'!$B17,'Individual Data'!$Y$6:$Y$5544,'age-length prop'!D$7,'Individual Data'!$R$6:$R$5544,'age-length prop'!$C17,'Individual Data'!$N$6:$N$5544,'age-length prop'!$B$6) -> 0 | E17: =SUMIFS('Individual Data'!$AB$6:$AB$5544,'Individual Data'!$V$6:$V$5544,'age-length prop'!$B17,'Individual Data'!$Y$6:$Y$5544,'age-length prop'!E$7,'Individual Data'!$R$6:$R$5544,'age-length prop'!$C17,'Individual Data'!$N$6:$N$5544,'age-length prop'!$B$6) -> 0 | F17: =SUMIFS('Individual Data'!$AB$6:$AB$5544,'Individual Data'!$V$6:$V$5544,'age-length prop'!$B17,'Individual Data'!$Y$6:$Y$5544,'age-length prop'!F$7,'Individual Data'!$R$6:$R$5544,'age-length prop'!$C17,'Individual Data'!$N$6:$N$5544,'age-length prop'!$B$6) -> 0 | G17: =SUMIFS('Individual Data'!$AB$6:$AB$5544,'Individual Data'!$V$6:$V$5544,'age-length prop'!$B17,'Individual Data'!$Y$6:$Y$5544,'age-length prop'!G$7,'Individual Data'!$R$6:$R$5544,'age-length prop'!$C17,'Individual Data'!$N$6:$N$5544,'age-length prop'!$B$6) -> 0 | H17: =SUMIFS('Individual Data'!$AB$6:$AB$5544,'Individual Data'!$V$6:$V$5544,'age-length prop'!$B17,'Individual Data'!$Y$6:$Y$5544,'age-length prop'!H$7,'Individual Data'!$R$6:$R$5544,'age-length prop'!$C17,'Individual Data'!$N$6:$N$5544,'age-length prop'!$B$6) -> 0 | I17: =SUMIFS('Individual Data'!$AB$6:$AB$5544,'Individual Data'!$V$6:$V$5544,'age-length prop'!$B17,'Individual Data'!$Y$6:$Y$5544,'age-length prop'!I$7,'Individual Data'!$R$6:$R$5544,'age-length prop'!$C17,'Individual Data'!$N$6:$N$5544,'age-length prop'!$B$6) -> 0 | J17: =SUMIFS('Individual Data'!$AB$6:$AB$5544,'Individual Data'!$V$6:$V$5544,'age-length prop'!$B17,'Individual Data'!$Y$6:$Y$5544,'age-length prop'!J$7,'Individual Data'!$R$6:$R$5544,'age-length prop'!$C17,'Individual Data'!$N$6:$N$5544,'age-length prop'!$B$6) -> 0 | K17: =SUMIFS('Individual Data'!$AB$6:$AB$5544,'Individual Data'!$V$6:$V$5544,'age-length prop'!$B17,'Individual Data'!$Y$6:$Y$5544,'age-length prop'!K$7,'Individual Data'!$R$6:$R$5544,'age-length prop'!$C17,'Individual Data'!$N$6:$N$5544,'age-length prop'!$B$6) -> 0 | ... P17: =SUMIFS('Individual Data'!$AB$6:$AB$5544,'Individual Data'!$V$6:$V$5544,'age-length prop'!$B17,'Individual Data'!$Y$6:$Y$5544,'age-length prop'!P$7,'Individual Data'!$R$6:$R$5544,'age-length prop'!$C17,'Individual Data'!$N$6:$N$5544,'age-length prop'!$B$6) -> 0 | Q17: =IFERROR(D17+(D$5*(D17/D$6)),0) -> 0 | R17: =IFERROR(E17+(E$5*(E17/E$6)),0) -> 0 | S17: =IFERROR(F17+(F$5*(F17/F$6)),0) -> 0 | T17: =IFERROR(G17+(G$5*(G17/G$6)),0) -> 0 | U17: =IFERROR(H17+(H$5*(H17/H$6)),0) -> 0 | V17: =IFERROR(I17+(I$5*(I17/I$6)),0) -> 0 | W17: =IFERROR(J17+(J$5*(J17/J$6)),0) -> 0 | X17: =IFERROR(K17+(K$5*(K17/K$6)),0) -> 0 | ... AC17: =IFERROR(P17+(P$5*(P17/P$6)),0) -> 0 | AD17: =VLOOKUP(A17,'PBT Tag Rates'!$B$5:$E$44,4,FALSE) -> 0.80551598 | AE17: =Q17/$AD17 -> 0 | AF17: =R17/$AD17 -> 0 | AG17: =S17/$AD17 -> 0 | AH17: =T17/$AD17 -> 0 | AI17: =U17/$AD17 -> 0 | AJ17: =V17/$AD17 -> 0 | AK17: =W17/$AD17 -> 0 | AL17: =X17/$AD17 -> 0 | ... AQ17: =AC17/$AD17 -> 0 | AS17: =SUM(AE17:AG17) -> 0 | AT17: =SUM(AH17:AQ17) -> 20.997061 | AV17: =$AV$3-C17 -> 2018 | AW17: =B17 -> PLA2 | AX17: SR | AY17: =SUMIFS('cwt rel info'!$A$6:$A$317,'cwt rel info'!$D$6:$D$317,'age-length prop'!AV17,'cwt rel info'!$E$6:$E$317,'age-length prop'!AW17) -> 220514 | AZ17: =AS17+AT17 -> 20.997061 | BA17: =AT99 -> 0 | BB17: =AS99 -> 0 | BC17: =VLOOKUP(AW17,'Individual Data'!$V$5:$AC$5544,8,FALSE) -> Abv | BD17: =IF(BC17="blw",AZ17*(1-$BA$4),AZ17*(1-$BA$3)) -> 20.472135 | BE17: =IF(BC17="blw",BA17*(1-$BA$4),BA17*(1-$BA$3)) -> 0 | BF17: =IF(BC17="blw",BB17*(1-$BB$4),BB17*(1-$BB$3)) -> 0 | BI17: =AE17-Q17 -> 0 | BJ17: =AF17-R17 -> 0 | BK17: =AG17-S17 -> 0 | BL17: =AH17-T17 -> 0 | BM17: =AI17-U17 -> 0 | BN17: =AJ17-V17 -> 0 | BO17: =AK17-W17 -> 0 | BP17: =AL17-X17 -> 0 | ... BU17: =AQ17-AC17 -> 0 | BV17: =IFERROR(BW17/(BW17+BX17),0) -> 1 | BW17: =SUMIFS('Individual Data'!$X$6:$X$5544,'Individual Data'!$I$6:$I$5544,'age-length prop'!BW$7,'Individual Data'!$V$6:$V$5544,'age-length prop'!$B17,'Individual Data'!$R$6:$R$5544,'age-length prop'!$C17,'Individual Data'!$N$6:$N$5544,"F") -> 3 | BX17: =SUMIFS('Individual Data'!$X$6:$X$5544,'Individual Data'!$I$6:$I$5544,'age-length prop'!BX$7,'Individual Data'!$V$6:$V$5544,'age-length prop'!$B17,'Individual Data'!$R$6:$R$5544,'age-length prop'!$C17,'Individual Data'!$N$6:$N$5544,"F") -> 0 | BY17: =BI17*$BV17 -> 0 | BZ17: =BJ17*$BV17 -> 0 | CA17: =BK17*$BV17 -> 0 | CB17: =BL17*$BV17 -> 0 | CC17: =BM17*$BV17 -> 0 | CD17: =BN17*$BV17 -> 0 | CE17: =BO17*$BV17 -> 0 | CF17: =BP17*$BV17 -> 0 | ... CK17: =BU17*$BV17 -> 0 | CM17: =BI17*(1-$BV17) -> 0 | CN17: =BJ17*(1-$BV17) -> 0 | CO17: =BK17*(1-$BV17) -> 0 | CP17: =BL17*(1-$BV17) -> 0 | CQ17: =BM17*(1-$BV17) -> 0 | CR17: =BN17*(1-$BV17) -> 0 | CS17: =BO17*(1-$BV17) -> 0 | CT17: =BP17*(1-$BV17) -> 0 | ... CY17: =BU17*(1-$BV17) -> 0
A18: OtsLYON19S_1 | B18: BCA1 | C18: 4 | D18: =SUMIFS('Individual Data'!$AB$6:$AB$5544,'Individual Data'!$V$6:$V$5544,'age-length prop'!$B18,'Individual Data'!$Y$6:$Y$5544,'age-length prop'!D$7,'Individual Data'!$R$6:$R$5544,'age-length prop'!$C18,'Individual Data'!$N$6:$N$5544,'age-length prop'!$B$6) -> 0 | E18: =SUMIFS('Individual Data'!$AB$6:$AB$5544,'Individual Data'!$V$6:$V$5544,'age-length prop'!$B18,'Individual Data'!$Y$6:$Y$5544,'age-length prop'!E$7,'Individual Data'!$R$6:$R$5544,'age-length prop'!$C18,'Individual Data'!$N$6:$N$5544,'age-length prop'!$B$6) -> 0 | F18: =SUMIFS('Individual Data'!$AB$6:$AB$5544,'Individual Data'!$V$6:$V$5544,'age-length prop'!$B18,'Individual Data'!$Y$6:$Y$5544,'age-length prop'!F$7,'Individual Data'!$R$6:$R$5544,'age-length prop'!$C18,'Individual Data'!$N$6:$N$5544,'age-length prop'!$B$6) -> 0 | G18: =SUMIFS('Individual Data'!$AB$6:$AB$5544,'Individual Data'!$V$6:$V$5544,'age-length prop'!$B18,'Individual Data'!$Y$6:$Y$5544,'age-length prop'!G$7,'Individual Data'!$R$6:$R$5544,'age-length prop'!$C18,'Individual Data'!$N$6:$N$5544,'age-length prop'!$B$6) -> 0 | H18: =SUMIFS('Individual Data'!$AB$6:$AB$5544,'Individual Data'!$V$6:$V$5544,'age-length prop'!$B18,'Individual Data'!$Y$6:$Y$5544,'age-length prop'!H$7,'Individual Data'!$R$6:$R$5544,'age-length prop'!$C18,'Individual Data'!$N$6:$N$5544,'age-length prop'!$B$6) -> 0 | I18: =SUMIFS('Individual Data'!$AB$6:$AB$5544,'Individual Data'!$V$6:$V$5544,'age-length prop'!$B18,'Individual Data'!$Y$6:$Y$5544,'age-length prop'!I$7,'Individual Data'!$R$6:$R$5544,'age-length prop'!$C18,'Individual Data'!$N$6:$N$5544,'age-length prop'!$B$6) -> 34.974293 | J18: =SUMIFS('Individual Data'!$AB$6:$AB$5544,'Individual Data'!$V$6:$V$5544,'age-length prop'!$B18,'Individual Data'!$Y$6:$Y$5544,'age-length prop'!J$7,'Individual Data'!$R$6:$R$5544,'age-length prop'!$C18,'Individual Data'!$N$6:$N$5544,'age-length prop'!$B$6) -> 335.84901 | K18: =SUMIFS('Individual Data'!$AB$6:$AB$5544,'Individual Data'!$V$6:$V$5544,'age-length prop'!$B18,'Individual Data'!$Y$6:$Y$5544,'age-length prop'!K$7,'Individual Data'!$R$6:$R$5544,'age-length prop'!$C18,'Individual Data'!$N$6:$N$5544,'age-length prop'!$B$6) -> 455.88196 | ... P18: =SUMIFS('Individual Data'!$AB$6:$AB$5544,'Individual Data'!$V$6:$V$5544,'age-length prop'!$B18,'Individual Data'!$Y$6:$Y$5544,'age-length prop'!P$7,'Individual Data'!$R$6:$R$5544,'age-length prop'!$C18,'Individual Data'!$N$6:$N$5544,'age-length prop'!$B$6) -> 0 | Q18: =IFERROR(D18+(D$5*(D18/D$6)),0) -> 0 | R18: =IFERROR(E18+(E$5*(E18/E$6)),0) -> 0 | S18: =IFERROR(F18+(F$5*(F18/F$6)),0) -> 0 | T18: =IFERROR(G18+(G$5*(G18/G$6)),0) -> 0 | U18: =IFERROR(H18+(H$5*(H18/H$6)),0) -> 0 | V18: =IFERROR(I18+(I$5*(I18/I$6)),0) -> 34.974293 | W18: =IFERROR(J18+(J$5*(J18/J$6)),0) -> 338.78412 | X18: =IFERROR(K18+(K$5*(K18/K$6)),0) -> 460.52445 | ... AC18: =IFERROR(P18+(P$5*(P18/P$6)),0) -> 0 | AD18: =VLOOKUP(A18,'PBT Tag Rates'!$B$5:$E$44,4,FALSE) -> 0.95971981 | AE18: =Q18/$AD18 -> 0 | AF18: =R18/$AD18 -> 0 | AG18: =S18/$AD18 -> 0 | AH18: =T18/$AD18 -> 0 | AI18: =U18/$AD18 -> 0 | AJ18: =V18/$AD18 -> 36.442191 | AK18: =W18/$AD18 -> 353.00315 | AL18: =X18/$AD18 -> 479.85302 | ... AQ18: =AC18/$AD18 -> 0 | AS18: =SUM(AE18:AG18) -> 0 | AT18: =SUM(AH18:AQ18) -> 1212.8341 | AV18: =$AV$3-C18 -> 2019 | AW18: =B18 -> BCA1 | AX18: SR | AY18: =SUMIFS('cwt rel info'!$A$6:$A$317,'cwt rel info'!$D$6:$D$317,'age-length prop'!AV18,'cwt rel info'!$E$6:$E$317,'age-length prop'!AW18) -> 220197 | AZ18: =AS18+AT18 -> 1212.8341 | BA18: =AT100 -> 1049.1138 | BB18: =AS100 -> 0 | BC18: =VLOOKUP(AW18,'Individual Data'!$V$5:$AC$5544,8,FALSE) -> Abv | BD18: =IF(BC18="blw",AZ18*(1-$BA$4),AZ18*(1-$BA$3)) -> 1182.5133 | BE18: =IF(BC18="blw",BA18*(1-$BA$4),BA18*(1-$BA$3)) -> 1022.886 | BF18: =IF(BC18="blw",BB18*(1-$BB$4),BB18*(1-$BB$3)) -> 0 | BI18: =AE18-Q18 -> 0 | BJ18: =AF18-R18 -> 0 | BK18: =AG18-S18 -> 0 | BL18: =AH18-T18 -> 0 | BM18: =AI18-U18 -> 0 | BN18: =AJ18-V18 -> 1.4678984 | BO18: =AK18-W18 -> 14.219034 | BP18: =AL18-X18 -> 19.328571 | ... BU18: =AQ18-AC18 -> 0 | BV18: =IFERROR(BW18/(BW18+BX18),0) -> 0.2147651 | BW18: =SUMIFS('Individual Data'!$X$6:$X$5544,'Individual Data'!$I$6:$I$5544,'age-length prop'!BW$7,'Individual Data'!$V$6:$V$5544,'age-length prop'!$B18,'Individual Data'!$R$6:$R$5544,'age-length prop'!$C18,'Individual Data'!$N$6:$N$5544,"F") -> 32 | BX18: =SUMIFS('Individual Data'!$X$6:$X$5544,'Individual Data'!$I$6:$I$5544,'age-length prop'!BX$7,'Individual Data'!$V$6:$V$5544,'age-length prop'!$B18,'Individual Data'!$R$6:$R$5544,'age-length prop'!$C18,'Individual Data'!$N$6:$N$5544,"F") -> 117 | BY18: =BI18*$BV18 -> 0 | BZ18: =BJ18*$BV18 -> 0 | CA18: =BK18*$BV18 -> 0 | CB18: =BL18*$BV18 -> 0 | CC18: =BM18*$BV18 -> 0 | CD18: =BN18*$BV18 -> 0.31525335 | CE18: =BO18*$BV18 -> 3.0537523 | CF18: =BP18*$BV18 -> 4.1511025 | ... CK18: =BU18*$BV18 -> 0 | CM18: =BI18*(1-$BV18) -> 0 | CN18: =BJ18*(1-$BV18) -> 0 | CO18: =BK18*(1-$BV18) -> 0 | CP18: =BL18*(1-$BV18) -> 0 | CQ18: =BM18*(1-$BV18) -> 0 | CR18: =BN18*(1-$BV18) -> 1.1526451 | CS18: =BO18*(1-$BV18) -> 11.165282 | CT18: =BP18*(1-$BV18) -> 15.177469 | ... CY18: =BU18*(1-$BV18) -> 0
A19: OtsLYON19S_1 | B19: BCA2 | C19: 4 | D19: =SUMIFS('Individual Data'!$AB$6:$AB$5544,'Individual Data'!$V$6:$V$5544,'age-length prop'!$B19,'Individual Data'!$Y$6:$Y$5544,'age-length prop'!D$7,'Individual Data'!$R$6:$R$5544,'age-length prop'!$C19,'Individual Data'!$N$6:$N$5544,'age-length prop'!$B$6) -> 0 | E19: =SUMIFS('Individual Data'!$AB$6:$AB$5544,'Individual Data'!$V$6:$V$5544,'age-length prop'!$B19,'Individual Data'!$Y$6:$Y$5544,'age-length prop'!E$7,'Individual Data'!$R$6:$R$5544,'age-length prop'!$C19,'Individual Data'!$N$6:$N$5544,'age-length prop'!$B$6) -> 0 | F19: =SUMIFS('Individual Data'!$AB$6:$AB$5544,'Individual Data'!$V$6:$V$5544,'age-length prop'!$B19,'Individual Data'!$Y$6:$Y$5544,'age-length prop'!F$7,'Individual Data'!$R$6:$R$5544,'age-length prop'!$C19,'Individual Data'!$N$6:$N$5544,'age-length prop'!$B$6) -> 0 | G19: =SUMIFS('Individual Data'!$AB$6:$AB$5544,'Individual Data'!$V$6:$V$5544,'age-length prop'!$B19,'Individual Data'!$Y$6:$Y$5544,'age-length prop'!G$7,'Individual Data'!$R$6:$R$5544,'age-length prop'!$C19,'Individual Data'!$N$6:$N$5544,'age-length prop'!$B$6) -> 0 | H19: =SUMIFS('Individual Data'!$AB$6:$AB$5544,'Individual Data'!$V$6:$V$5544,'age-length prop'!$B19,'Individual Data'!$Y$6:$Y$5544,'age-length prop'!H$7,'Individual Data'!$R$6:$R$5544,'age-length prop'!$C19,'Individual Data'!$N$6:$N$5544,'age-length prop'!$B$6) -> 0 | I19: =SUMIFS('Individual Data'!$AB$6:$AB$5544,'Individual Data'!$V$6:$V$5544,'age-length prop'!$B19,'Individual Data'!$Y$6:$Y$5544,'age-length prop'!I$7,'Individual Data'!$R$6:$R$5544,'age-length prop'!$C19,'Individual Data'!$N$6:$N$5544,'age-length prop'!$B$6) -> 11.658098 | J19: =SUMIFS('Individual Data'!$AB$6:$AB$5544,'Individual Data'!$V$6:$V$5544,'age-length prop'!$B19,'Individual Data'!$Y$6:$Y$5544,'age-length prop'!J$7,'Individual Data'!$R$6:$R$5544,'age-length prop'!$C19,'Individual Data'!$N$6:$N$5544,'age-length prop'!$B$6) -> 25.834539 | K19: =SUMIFS('Individual Data'!$AB$6:$AB$5544,'Individual Data'!$V$6:$V$5544,'age-length prop'!$B19,'Individual Data'!$Y$6:$Y$5544,'age-length prop'!K$7,'Individual Data'!$R$6:$R$5544,'age-length prop'!$C19,'Individual Data'!$N$6:$N$5544,'age-length prop'!$B$6) -> 58.290488 | ... P19: =SUMIFS('Individual Data'!$AB$6:$AB$5544,'Individual Data'!$V$6:$V$5544,'age-length prop'!$B19,'Individual Data'!$Y$6:$Y$5544,'age-length prop'!P$7,'Individual Data'!$R$6:$R$5544,'age-length prop'!$C19,'Individual Data'!$N$6:$N$5544,'age-length prop'!$B$6) -> 0 | Q19: =IFERROR(D19+(D$5*(D19/D$6)),0) -> 0 | R19: =IFERROR(E19+(E$5*(E19/E$6)),0) -> 0 | S19: =IFERROR(F19+(F$5*(F19/F$6)),0) -> 0 | T19: =IFERROR(G19+(G$5*(G19/G$6)),0) -> 0 | U19: =IFERROR(H19+(H$5*(H19/H$6)),0) -> 0 | V19: =IFERROR(I19+(I$5*(I19/I$6)),0) -> 11.658098 | W19: =IFERROR(J19+(J$5*(J19/J$6)),0) -> 26.060317 | X19: =IFERROR(K19+(K$5*(K19/K$6)),0) -> 58.884092 | ... AC19: =IFERROR(P19+(P$5*(P19/P$6)),0) -> 0 | AD19: =VLOOKUP(A19,'PBT Tag Rates'!$B$5:$E$44,4,FALSE) -> 0.95971981 | AE19: =Q19/$AD19 -> 0 | AF19: =R19/$AD19 -> 0 | AG19: =S19/$AD19 -> 0 | AH19: =T19/$AD19 -> 0 | AI19: =U19/$AD19 -> 0 | AJ19: =V19/$AD19 -> 12.147397 | AK19: =W19/$AD19 -> 27.154089 | AL19: =X19/$AD19 -> 61.355503 | ... AQ19: =AC19/$AD19 -> 0 | AS19: =SUM(AE19:AG19) -> 0 | AT19: =SUM(AH19:AQ19) -> 174.5045 | AV19: =$AV$3-C19 -> 2019 | AW19: =B19 -> BCA2 | AX19: SR | AY19: =SUMIFS('cwt rel info'!$A$6:$A$317,'cwt rel info'!$D$6:$D$317,'age-length prop'!AV19,'cwt rel info'!$E$6:$E$317,'age-length prop'!AW19) -> 220198 | AZ19: =AS19+AT19 -> 174.5045 | BA19: =AT101 -> 86.041359 | BB19: =AS101 -> 0 | BC19: =VLOOKUP(AW19,'Individual Data'!$V$5:$AC$5544,8,FALSE) -> Abv | BD19: =IF(BC19="blw",AZ19*(1-$BA$4),AZ19*(1-$BA$3)) -> 170.14189 | BE19: =IF(BC19="blw",BA19*(1-$BA$4),BA19*(1-$BA$3)) -> 83.890325 | BF19: =IF(BC19="blw",BB19*(1-$BB$4),BB19*(1-$BB$3)) -> 0 | BI19: =AE19-Q19 -> 0 | BJ19: =AF19-R19 -> 0 | BK19: =AG19-S19 -> 0 | BL19: =AH19-T19 -> 0 | BM19: =AI19-U19 -> 0 | BN19: =AJ19-V19 -> 0.48929948 | BO19: =AK19-W19 -> 1.0937719 | BP19: =AL19-X19 -> 2.4714114 | ... BU19: =AQ19-AC19 -> 0 | BV19: =IFERROR(BW19/(BW19+BX19),0) -> 0.73333333 | BW19: =SUMIFS('Individual Data'!$X$6:$X$5544,'Individual Data'!$I$6:$I$5544,'age-length prop'!BW$7,'Individual Data'!$V$6:$V$5544,'age-length prop'!$B19,'Individual Data'!$R$6:$R$5544,'age-length prop'!$C19,'Individual Data'!$N$6:$N$5544,"F") -> 11 | BX19: =SUMIFS('Individual Data'!$X$6:$X$5544,'Individual Data'!$I$6:$I$5544,'age-length prop'!BX$7,'Individual Data'!$V$6:$V$5544,'age-length prop'!$B19,'Individual Data'!$R$6:$R$5544,'age-length prop'!$C19,'Individual Data'!$N$6:$N$5544,"F") -> 4 | BY19: =BI19*$BV19 -> 0 | BZ19: =BJ19*$BV19 -> 0 | CA19: =BK19*$BV19 -> 0 | CB19: =BL19*$BV19 -> 0 | CC19: =BM19*$BV19 -> 0 | CD19: =BN19*$BV19 -> 0.35881962 | CE19: =BO19*$BV19 -> 0.80209937 | CF19: =BP19*$BV19 -> 1.8123683 | ... CK19: =BU19*$BV19 -> 0 | CM19: =BI19*(1-$BV19) -> 0 | CN19: =BJ19*(1-$BV19) -> 0 | CO19: =BK19*(1-$BV19) -> 0 | CP19: =BL19*(1-$BV19) -> 0 | CQ19: =BM19*(1-$BV19) -> 0 | CR19: =BN19*(1-$BV19) -> 0.13047986 | CS19: =BO19*(1-$BV19) -> 0.2916725 | CT19: =BP19*(1-$BV19) -> 0.65904304 | ... CY19: =BU19*(1-$BV19) -> 0
... A48: OtsLYON21S_1 | B48: LFSO | C48: 2 | D48: =SUMIFS('Individual Data'!$AB$6:$AB$5544,'Individual Data'!$V$6:$V$5544,'age-length prop'!$B48,'Individual Data'!$Y$6:$Y$5544,'age-length prop'!D$7,'Individual Data'!$R$6:$R$5544,'age-length prop'!$C48,'Individual Data'!$N$6:$N$5544,'age-length prop'!$B$6) -> 0 | E48: =SUMIFS('Individual Data'!$AB$6:$AB$5544,'Individual Data'!$V$6:$V$5544,'age-length prop'!$B48,'Individual Data'!$Y$6:$Y$5544,'age-length prop'!E$7,'Individual Data'!$R$6:$R$5544,'age-length prop'!$C48,'Individual Data'!$N$6:$N$5544,'age-length prop'!$B$6) -> 0 | F48: =SUMIFS('Individual Data'!$AB$6:$AB$5544,'Individual Data'!$V$6:$V$5544,'age-length prop'!$B48,'Individual Data'!$Y$6:$Y$5544,'age-length prop'!F$7,'Individual Data'!$R$6:$R$5544,'age-length prop'!$C48,'Individual Data'!$N$6:$N$5544,'age-length prop'!$B$6) -> 0 | G48: =SUMIFS('Individual Data'!$AB$6:$AB$5544,'Individual Data'!$V$6:$V$5544,'age-length prop'!$B48,'Individual Data'!$Y$6:$Y$5544,'age-length prop'!G$7,'Individual Data'!$R$6:$R$5544,'age-length prop'!$C48,'Individual Data'!$N$6:$N$5544,'age-length prop'!$B$6) -> 0 | H48: =SUMIFS('Individual Data'!$AB$6:$AB$5544,'Individual Data'!$V$6:$V$5544,'age-length prop'!$B48,'Individual Data'!$Y$6:$Y$5544,'age-length prop'!H$7,'Individual Data'!$R$6:$R$5544,'age-length prop'!$C48,'Individual Data'!$N$6:$N$5544,'age-length prop'!$B$6) -> 0 | I48: =SUMIFS('Individual Data'!$AB$6:$AB$5544,'Individual Data'!$V$6:$V$5544,'age-length prop'!$B48,'Individual Data'!$Y$6:$Y$5544,'age-length prop'!I$7,'Individual Data'!$R$6:$R$5544,'age-length prop'!$C48,'Individual Data'!$N$6:$N$5544,'age-length prop'!$B$6) -> 0 | J48: =SUMIFS('Individual Data'!$AB$6:$AB$5544,'Individual Data'!$V$6:$V$5544,'age-length prop'!$B48,'Individual Data'!$Y$6:$Y$5544,'age-length prop'!J$7,'Individual Data'!$R$6:$R$5544,'age-length prop'!$C48,'Individual Data'!$N$6:$N$5544,'age-length prop'!$B$6) -> 0 | K48: =SUMIFS('Individual Data'!$AB$6:$AB$5544,'Individual Data'!$V$6:$V$5544,'age-length prop'!$B48,'Individual Data'!$Y$6:$Y$5544,'age-length prop'!K$7,'Individual Data'!$R$6:$R$5544,'age-length prop'!$C48,'Individual Data'!$N$6:$N$5544,'age-length prop'!$B$6) -> 0 | ... P48: =SUMIFS('Individual Data'!$AB$6:$AB$5544,'Individual Data'!$V$6:$V$5544,'age-length prop'!$B48,'Individual Data'!$Y$6:$Y$5544,'age-length prop'!P$7,'Individual Data'!$R$6:$R$5544,'age-length prop'!$C48,'Individual Data'!$N$6:$N$5544,'age-length prop'!$B$6) -> 0 | Q48: =IFERROR(D48+(D$5*(D48/D$6)),0) -> 0 | R48: =IFERROR(E48+(E$5*(E48/E$6)),0) -> 0 | S48: =IFERROR(F48+(F$5*(F48/F$6)),0) -> 0 | T48: =IFERROR(G48+(G$5*(G48/G$6)),0) -> 0 | U48: =IFERROR(H48+(H$5*(H48/H$6)),0) -> 0 | V48: =IFERROR(I48+(I$5*(I48/I$6)),0) -> 0 | W48: =IFERROR(J48+(J$5*(J48/J$6)),0) -> 0 | X48: =IFERROR(K48+(K$5*(K48/K$6)),0) -> 0 | ... AC48: =IFERROR(P48+(P$5*(P48/P$6)),0) -> 0 | AD48: =VLOOKUP(A48,'PBT Tag Rates'!$B$5:$E$44,4,FALSE) -> 0.9814 | AE48: =Q48/$AD48 -> 0 | AF48: =R48/$AD48 -> 0 | AG48: =S48/$AD48 -> 0 | AH48: =T48/$AD48 -> 0 | AI48: =U48/$AD48 -> 0 | AJ48: =V48/$AD48 -> 0 | AK48: =W48/$AD48 -> 0 | AL48: =X48/$AD48 -> 0 | ... AQ48: =AC48/$AD48 -> 0 | AS48: =SUM(AE48:AG48) -> 0 | AT48: =SUM(AH48:AQ48) -> 0 | AV48: =$AV$3-C48 -> 2021 | AW48: =B48 -> LFSO | AX48: SR | AY48: =SUMIFS('cwt rel info'!$A$6:$A$317,'cwt rel info'!$D$6:$D$317,'age-length prop'!AV48,'cwt rel info'!$E$6:$E$317,'age-length prop'!AW48) -> 638056 | AZ48: =AS48+AT48 -> 0 | BA48: =AT130 -> 59.964559 | BB48: =AS130 -> 356.37144 | BC48: =VLOOKUP(AW48,'Individual Data'!$V$5:$AC$5544,8,FALSE) -> Blw | BD48: =IF(BC48="blw",AZ48*(1-$BA$4),AZ48*(1-$BA$3)) -> 0 | BE48: =IF(BC48="blw",BA48*(1-$BA$4),BA48*(1-$BA$3)) -> 45.033384 | BF48: =IF(BC48="blw",BB48*(1-$BB$4),BB48*(1-$BB$3)) -> 252.31098 | BI48: =AE48-Q48 -> 0 | BJ48: =AF48-R48 -> 0 | BK48: =AG48-S48 -> 0 | BL48: =AH48-T48 -> 0 | BM48: =AI48-U48 -> 0 | BN48: =AJ48-V48 -> 0 | BO48: =AK48-W48 -> 0 | BP48: =AL48-X48 -> 0 | ... BU48: =AQ48-AC48 -> 0 | BV48: =IFERROR(BW48/(BW48+BX48),0) -> 0 | BW48: =SUMIFS('Individual Data'!$X$6:$X$5544,'Individual Data'!$I$6:$I$5544,'age-length prop'!BW$7,'Individual Data'!$V$6:$V$5544,'age-length prop'!$B48,'Individual Data'!$R$6:$R$5544,'age-length prop'!$C48,'Individual Data'!$N$6:$N$5544,"F") -> 0 | BX48: =SUMIFS('Individual Data'!$X$6:$X$5544,'Individual Data'!$I$6:$I$5544,'age-length prop'!BX$7,'Individual Data'!$V$6:$V$5544,'age-length prop'!$B48,'Individual Data'!$R$6:$R$5544,'age-length prop'!$C48,'Individual Data'!$N$6:$N$5544,"F") -> 0 | BY48: =BI48*$BV48 -> 0 | BZ48: =BJ48*$BV48 -> 0 | CA48: =BK48*$BV48 -> 0 | CB48: =BL48*$BV48 -> 0 | CC48: =BM48*$BV48 -> 0 | CD48: =BN48*$BV48 -> 0 | CE48: =BO48*$BV48 -> 0 | CF48: =BP48*$BV48 -> 0 | ... CK48: =BU48*$BV48 -> 0 | CM48: =BI48*(1-$BV48) -> 0 | CN48: =BJ48*(1-$BV48) -> 0 | CO48: =BK48*(1-$BV48) -> 0 | CP48: =BL48*(1-$BV48) -> 0 | CQ48: =BM48*(1-$BV48) -> 0 | CR48: =BN48*(1-$BV48) -> 0 | CS48: =BO48*(1-$BV48) -> 0 | CT48: =BP48*(1-$BV48) -> 0 | ... CY48: =BU48*(1-$BV48) -> 0
A49: OtsLYON21S_1 | B49: LFYO | C49: 2 | D49: =SUMIFS('Individual Data'!$AB$6:$AB$5544,'Individual Data'!$V$6:$V$5544,'age-length prop'!$B49,'Individual Data'!$Y$6:$Y$5544,'age-length prop'!D$7,'Individual Data'!$R$6:$R$5544,'age-length prop'!$C49,'Individual Data'!$N$6:$N$5544,'age-length prop'!$B$6) -> 0 | E49: =SUMIFS('Individual Data'!$AB$6:$AB$5544,'Individual Data'!$V$6:$V$5544,'age-length prop'!$B49,'Individual Data'!$Y$6:$Y$5544,'age-length prop'!E$7,'Individual Data'!$R$6:$R$5544,'age-length prop'!$C49,'Individual Data'!$N$6:$N$5544,'age-length prop'!$B$6) -> 0 | F49: =SUMIFS('Individual Data'!$AB$6:$AB$5544,'Individual Data'!$V$6:$V$5544,'age-length prop'!$B49,'Individual Data'!$Y$6:$Y$5544,'age-length prop'!F$7,'Individual Data'!$R$6:$R$5544,'age-length prop'!$C49,'Individual Data'!$N$6:$N$5544,'age-length prop'!$B$6) -> 0 | G49: =SUMIFS('Individual Data'!$AB$6:$AB$5544,'Individual Data'!$V$6:$V$5544,'age-length prop'!$B49,'Individual Data'!$Y$6:$Y$5544,'age-length prop'!G$7,'Individual Data'!$R$6:$R$5544,'age-length prop'!$C49,'Individual Data'!$N$6:$N$5544,'age-length prop'!$B$6) -> 0 | H49: =SUMIFS('Individual Data'!$AB$6:$AB$5544,'Individual Data'!$V$6:$V$5544,'age-length prop'!$B49,'Individual Data'!$Y$6:$Y$5544,'age-length prop'!H$7,'Individual Data'!$R$6:$R$5544,'age-length prop'!$C49,'Individual Data'!$N$6:$N$5544,'age-length prop'!$B$6) -> 0 | I49: =SUMIFS('Individual Data'!$AB$6:$AB$5544,'Individual Data'!$V$6:$V$5544,'age-length prop'!$B49,'Individual Data'!$Y$6:$Y$5544,'age-length prop'!I$7,'Individual Data'!$R$6:$R$5544,'age-length prop'!$C49,'Individual Data'!$N$6:$N$5544,'age-length prop'!$B$6) -> 0 | J49: =SUMIFS('Individual Data'!$AB$6:$AB$5544,'Individual Data'!$V$6:$V$5544,'age-length prop'!$B49,'Individual Data'!$Y$6:$Y$5544,'age-length prop'!J$7,'Individual Data'!$R$6:$R$5544,'age-length prop'!$C49,'Individual Data'!$N$6:$N$5544,'age-length prop'!$B$6) -> 0 | K49: =SUMIFS('Individual Data'!$AB$6:$AB$5544,'Individual Data'!$V$6:$V$5544,'age-length prop'!$B49,'Individual Data'!$Y$6:$Y$5544,'age-length prop'!K$7,'Individual Data'!$R$6:$R$5544,'age-length prop'!$C49,'Individual Data'!$N$6:$N$5544,'age-length prop'!$B$6) -> 0 | ... P49: =SUMIFS('Individual Data'!$AB$6:$AB$5544,'Individual Data'!$V$6:$V$5544,'age-length prop'!$B49,'Individual Data'!$Y$6:$Y$5544,'age-length prop'!P$7,'Individual Data'!$R$6:$R$5544,'age-length prop'!$C49,'Individual Data'!$N$6:$N$5544,'age-length prop'!$B$6) -> 0 | Q49: =IFERROR(D49+(D$5*(D49/D$6)),0) -> 0 | R49: =IFERROR(E49+(E$5*(E49/E$6)),0) -> 0 | S49: =IFERROR(F49+(F$5*(F49/F$6)),0) -> 0 | T49: =IFERROR(G49+(G$5*(G49/G$6)),0) -> 0 | U49: =IFERROR(H49+(H$5*(H49/H$6)),0) -> 0 | V49: =IFERROR(I49+(I$5*(I49/I$6)),0) -> 0 | W49: =IFERROR(J49+(J$5*(J49/J$6)),0) -> 0 | X49: =IFERROR(K49+(K$5*(K49/K$6)),0) -> 0 | ... AC49: =IFERROR(P49+(P$5*(P49/P$6)),0) -> 0 | AD49: =VLOOKUP(A49,'PBT Tag Rates'!$B$5:$E$44,4,FALSE) -> 0.9814 | AE49: =Q49/$AD49 -> 0 | AF49: =R49/$AD49 -> 0 | AG49: =S49/$AD49 -> 0 | AH49: =T49/$AD49 -> 0 | AI49: =U49/$AD49 -> 0 | AJ49: =V49/$AD49 -> 0 | AK49: =W49/$AD49 -> 0 | AL49: =X49/$AD49 -> 0 | ... AQ49: =AC49/$AD49 -> 0 | AS49: =SUM(AE49:AG49) -> 0 | AT49: =SUM(AH49:AQ49) -> 0 | AV49: =$AV$3-C49 -> 2021 | AW49: =B49 -> LFYO | AX49: SR | AY49: =SUMIFS('cwt rel info'!$A$6:$A$317,'cwt rel info'!$D$6:$D$317,'age-length prop'!AV49,'cwt rel info'!$E$6:$E$317,'age-length prop'!AW49) -> 638417 | AZ49: =AS49+AT49 -> 0 | BA49: =AT131 -> 0 | BB49: =AS131 -> 487.04097 | BC49: =VLOOKUP(AW49,'Individual Data'!$V$5:$AC$5544,8,FALSE) -> Blw | BD49: =IF(BC49="blw",AZ49*(1-$BA$4),AZ49*(1-$BA$3)) -> 0 | BE49: =IF(BC49="blw",BA49*(1-$BA$4),BA49*(1-$BA$3)) -> 0 | BF49: =IF(BC49="blw",BB49*(1-$BB$4),BB49*(1-$BB$3)) -> 344.825 | BG49: =BF49/BB49 -> 0.708 | BI49: =AE49-Q49 -> 0 | BJ49: =AF49-R49 -> 0 | BK49: =AG49-S49 -> 0 | BL49: =AH49-T49 -> 0 | BM49: =AI49-U49 -> 0 | BN49: =AJ49-V49 -> 0 | BO49: =AK49-W49 -> 0 | BP49: =AL49-X49 -> 0 | ... BU49: =AQ49-AC49 -> 0 | BV49: =IFERROR(BW49/(BW49+BX49),0) -> 0 | BW49: =SUMIFS('Individual Data'!$X$6:$X$5544,'Individual Data'!$I$6:$I$5544,'age-length prop'!BW$7,'Individual Data'!$V$6:$V$5544,'age-length prop'!$B49,'Individual Data'!$R$6:$R$5544,'age-length prop'!$C49,'Individual Data'!$N$6:$N$5544,"F") -> 0 | BX49: =SUMIFS('Individual Data'!$X$6:$X$5544,'Individual Data'!$I$6:$I$5544,'age-length prop'!BX$7,'Individual Data'!$V$6:$V$5544,'age-length prop'!$B49,'Individual Data'!$R$6:$R$5544,'age-length prop'!$C49,'Individual Data'!$N$6:$N$5544,"F") -> 0 | BY49: =BI49*$BV49 -> 0 | BZ49: =BJ49*$BV49 -> 0 | CA49: =BK49*$BV49 -> 0 | CB49: =BL49*$BV49 -> 0 | CC49: =BM49*$BV49 -> 0 | CD49: =BN49*$BV49 -> 0 | CE49: =BO49*$BV49 -> 0 | CF49: =BP49*$BV49 -> 0 | ... CK49: =BU49*$BV49 -> 0 | CM49: =BI49*(1-$BV49) -> 0 | CN49: =BJ49*(1-$BV49) -> 0 | CO49: =BK49*(1-$BV49) -> 0 | CP49: =BL49*(1-$BV49) -> 0 | CQ49: =BM49*(1-$BV49) -> 0 | CR49: =BN49*(1-$BV49) -> 0 | CS49: =BO49*(1-$BV49) -> 0 | CT49: =BP49*(1-$BV49) -> 0 | ... CY49: =BU49*(1-$BV49) -> 0
A50: OtsLYON21S_1 | B50: PLA1 | C50: 2 | D50: =SUMIFS('Individual Data'!$AB$6:$AB$5544,'Individual Data'!$V$6:$V$5544,'age-length prop'!$B50,'Individual Data'!$Y$6:$Y$5544,'age-length prop'!D$7,'Individual Data'!$R$6:$R$5544,'age-length prop'!$C50,'Individual Data'!$N$6:$N$5544,'age-length prop'!$B$6) -> 0 | E50: =SUMIFS('Individual Data'!$AB$6:$AB$5544,'Individual Data'!$V$6:$V$5544,'age-length prop'!$B50,'Individual Data'!$Y$6:$Y$5544,'age-length prop'!E$7,'Individual Data'!$R$6:$R$5544,'age-length prop'!$C50,'Individual Data'!$N$6:$N$5544,'age-length prop'!$B$6) -> 0 | F50: =SUMIFS('Individual Data'!$AB$6:$AB$5544,'Individual Data'!$V$6:$V$5544,'age-length prop'!$B50,'Individual Data'!$Y$6:$Y$5544,'age-length prop'!F$7,'Individual Data'!$R$6:$R$5544,'age-length prop'!$C50,'Individual Data'!$N$6:$N$5544,'age-length prop'!$B$6) -> 0 | G50: =SUMIFS('Individual Data'!$AB$6:$AB$5544,'Individual Data'!$V$6:$V$5544,'age-length prop'!$B50,'Individual Data'!$Y$6:$Y$5544,'age-length prop'!G$7,'Individual Data'!$R$6:$R$5544,'age-length prop'!$C50,'Individual Data'!$N$6:$N$5544,'age-length prop'!$B$6) -> 0 | H50: =SUMIFS('Individual Data'!$AB$6:$AB$5544,'Individual Data'!$V$6:$V$5544,'age-length prop'!$B50,'Individual Data'!$Y$6:$Y$5544,'age-length prop'!H$7,'Individual Data'!$R$6:$R$5544,'age-length prop'!$C50,'Individual Data'!$N$6:$N$5544,'age-length prop'!$B$6) -> 0 | I50: =SUMIFS('Individual Data'!$AB$6:$AB$5544,'Individual Data'!$V$6:$V$5544,'age-length prop'!$B50,'Individual Data'!$Y$6:$Y$5544,'age-length prop'!I$7,'Individual Data'!$R$6:$R$5544,'age-length prop'!$C50,'Individual Data'!$N$6:$N$5544,'age-length prop'!$B$6) -> 0 | J50: =SUMIFS('Individual Data'!$AB$6:$AB$5544,'Individual Data'!$V$6:$V$5544,'age-length prop'!$B50,'Individual Data'!$Y$6:$Y$5544,'age-length prop'!J$7,'Individual Data'!$R$6:$R$5544,'age-length prop'!$C50,'Individual Data'!$N$6:$N$5544,'age-length prop'!$B$6) -> 0 | K50: =SUMIFS('Individual Data'!$AB$6:$AB$5544,'Individual Data'!$V$6:$V$5544,'age-length prop'!$B50,'Individual Data'!$Y$6:$Y$5544,'age-length prop'!K$7,'Individual Data'!$R$6:$R$5544,'age-length prop'!$C50,'Individual Data'!$N$6:$N$5544,'age-length prop'!$B$6) -> 0 | ... P50: =SUMIFS('Individual Data'!$AB$6:$AB$5544,'Individual Data'!$V$6:$V$5544,'age-length prop'!$B50,'Individual Data'!$Y$6:$Y$5544,'age-length prop'!P$7,'Individual Data'!$R$6:$R$5544,'age-length prop'!$C50,'Individual Data'!$N$6:$N$5544,'age-length prop'!$B$6) -> 0 | Q50: =IFERROR(D50+(D$5*(D50/D$6)),0) -> 0 | R50: =IFERROR(E50+(E$5*(E50/E$6)),0) -> 0 | S50: =IFERROR(F50+(F$5*(F50/F$6)),0) -> 0 | T50: =IFERROR(G50+(G$5*(G50/G$6)),0) -> 0 | U50: =IFERROR(H50+(H$5*(H50/H$6)),0) -> 0 | V50: =IFERROR(I50+(I$5*(I50/I$6)),0) -> 0 | W50: =IFERROR(J50+(J$5*(J50/J$6)),0) -> 0 | X50: =IFERROR(K50+(K$5*(K50/K$6)),0) -> 0 | ... AC50: =IFERROR(P50+(P$5*(P50/P$6)),0) -> 0 | AD50: =VLOOKUP(A50,'PBT Tag Rates'!$B$5:$E$44,4,FALSE) -> 0.9814 | AE50: =Q50/$AD50 -> 0 | AF50: =R50/$AD50 -> 0 | AG50: =S50/$AD50 -> 0 | AH50: =T50/$AD50 -> 0 | AI50: =U50/$AD50 -> 0 | AJ50: =V50/$AD50 -> 0 | AK50: =W50/$AD50 -> 0 | AL50: =X50/$AD50 -> 0 | ... AQ50: =AC50/$AD50 -> 0 | AS50: =SUM(AE50:AG50) -> 0 | AT50: =SUM(AH50:AQ50) -> 0 | AV50: =$AV$3-C50 -> 2021 | AW50: =B50 -> PLA1 | AX50: SR | AY50: =SUMIFS('cwt rel info'!$A$6:$A$317,'cwt rel info'!$D$6:$D$317,'age-length prop'!AV50,'cwt rel info'!$E$6:$E$317,'age-length prop'!AW50) -> 220403 | AZ50: =AS50+AT50 -> 0 | BA50: =AT132 -> 23.97574 | BB50: =AS132 -> 166.30667 | BC50: =VLOOKUP(AW50,'Individual Data'!$V$5:$AC$5544,8,FALSE) -> Abv | BD50: =IF(BC50="blw",AZ50*(1-$BA$4),AZ50*(1-$BA$3)) -> 0 | BE50: =IF(BC50="blw",BA50*(1-$BA$4),BA50*(1-$BA$3)) -> 23.376347 | BF50: =IF(BC50="blw",BB50*(1-$BB$4),BB50*(1-$BB$3)) -> 158.49026 | BI50: =AE50-Q50 -> 0 | BJ50: =AF50-R50 -> 0 | BK50: =AG50-S50 -> 0 | BL50: =AH50-T50 -> 0 | BM50: =AI50-U50 -> 0 | BN50: =AJ50-V50 -> 0 | BO50: =AK50-W50 -> 0 | BP50: =AL50-X50 -> 0 | ... BU50: =AQ50-AC50 -> 0 | BV50: =IFERROR(BW50/(BW50+BX50),0) -> 0 | BW50: =SUMIFS('Individual Data'!$X$6:$X$5544,'Individual Data'!$I$6:$I$5544,'age-length prop'!BW$7,'Individual Data'!$V$6:$V$5544,'age-length prop'!$B50,'Individual Data'!$R$6:$R$5544,'age-length prop'!$C50,'Individual Data'!$N$6:$N$5544,"F") -> 0 | BX50: =SUMIFS('Individual Data'!$X$6:$X$5544,'Individual Data'!$I$6:$I$5544,'age-length prop'!BX$7,'Individual Data'!$V$6:$V$5544,'age-length prop'!$B50,'Individual Data'!$R$6:$R$5544,'age-length prop'!$C50,'Individual Data'!$N$6:$N$5544,"F") -> 0 | BY50: =BI50*$BV50 -> 0 | BZ50: =BJ50*$BV50 -> 0 | CA50: =BK50*$BV50 -> 0 | CB50: =BL50*$BV50 -> 0 | CC50: =BM50*$BV50 -> 0 | CD50: =BN50*$BV50 -> 0 | CE50: =BO50*$BV50 -> 0 | CF50: =BP50*$BV50 -> 0 | ... CK50: =BU50*$BV50 -> 0 | CM50: =BI50*(1-$BV50) -> 0 | CN50: =BJ50*(1-$BV50) -> 0 | CO50: =BK50*(1-$BV50) -> 0 | CP50: =BL50*(1-$BV50) -> 0 | CQ50: =BM50*(1-$BV50) -> 0 | CR50: =BN50*(1-$BV50) -> 0 | CS50: =BO50*(1-$BV50) -> 0 | CT50: =BP50*(1-$BV50) -> 0 | ... CY50: =BU50*(1-$BV50) -> 0
A51: OtsLYON21S_1 | B51: PLA2 | C51: 2 | D51: =SUMIFS('Individual Data'!$AB$6:$AB$5544,'Individual Data'!$V$6:$V$5544,'age-length prop'!$B51,'Individual Data'!$Y$6:$Y$5544,'age-length prop'!D$7,'Individual Data'!$R$6:$R$5544,'age-length prop'!$C51,'Individual Data'!$N$6:$N$5544,'age-length prop'!$B$6) -> 0 | E51: =SUMIFS('Individual Data'!$AB$6:$AB$5544,'Individual Data'!$V$6:$V$5544,'age-length prop'!$B51,'Individual Data'!$Y$6:$Y$5544,'age-length prop'!E$7,'Individual Data'!$R$6:$R$5544,'age-length prop'!$C51,'Individual Data'!$N$6:$N$5544,'age-length prop'!$B$6) -> 0 | F51: =SUMIFS('Individual Data'!$AB$6:$AB$5544,'Individual Data'!$V$6:$V$5544,'age-length prop'!$B51,'Individual Data'!$Y$6:$Y$5544,'age-length prop'!F$7,'Individual Data'!$R$6:$R$5544,'age-length prop'!$C51,'Individual Data'!$N$6:$N$5544,'age-length prop'!$B$6) -> 0 | G51: =SUMIFS('Individual Data'!$AB$6:$AB$5544,'Individual Data'!$V$6:$V$5544,'age-length prop'!$B51,'Individual Data'!$Y$6:$Y$5544,'age-length prop'!G$7,'Individual Data'!$R$6:$R$5544,'age-length prop'!$C51,'Individual Data'!$N$6:$N$5544,'age-length prop'!$B$6) -> 0 | H51: =SUMIFS('Individual Data'!$AB$6:$AB$5544,'Individual Data'!$V$6:$V$5544,'age-length prop'!$B51,'Individual Data'!$Y$6:$Y$5544,'age-length prop'!H$7,'Individual Data'!$R$6:$R$5544,'age-length prop'!$C51,'Individual Data'!$N$6:$N$5544,'age-length prop'!$B$6) -> 0 | I51: =SUMIFS('Individual Data'!$AB$6:$AB$5544,'Individual Data'!$V$6:$V$5544,'age-length prop'!$B51,'Individual Data'!$Y$6:$Y$5544,'age-length prop'!I$7,'Individual Data'!$R$6:$R$5544,'age-length prop'!$C51,'Individual Data'!$N$6:$N$5544,'age-length prop'!$B$6) -> 0 | J51: =SUMIFS('Individual Data'!$AB$6:$AB$5544,'Individual Data'!$V$6:$V$5544,'age-length prop'!$B51,'Individual Data'!$Y$6:$Y$5544,'age-length prop'!J$7,'Individual Data'!$R$6:$R$5544,'age-length prop'!$C51,'Individual Data'!$N$6:$N$5544,'age-length prop'!$B$6) -> 0 | K51: =SUMIFS('Individual Data'!$AB$6:$AB$5544,'Individual Data'!$V$6:$V$5544,'age-length prop'!$B51,'Individual Data'!$Y$6:$Y$5544,'age-length prop'!K$7,'Individual Data'!$R$6:$R$5544,'age-length prop'!$C51,'Individual Data'!$N$6:$N$5544,'age-length prop'!$B$6) -> 0 | ... P51: =SUMIFS('Individual Data'!$AB$6:$AB$5544,'Individual Data'!$V$6:$V$5544,'age-length prop'!$B51,'Individual Data'!$Y$6:$Y$5544,'age-length prop'!P$7,'Individual Data'!$R$6:$R$5544,'age-length prop'!$C51,'Individual Data'!$N$6:$N$5544,'age-length prop'!$B$6) -> 0 | Q51: =IFERROR(D51+(D$5*(D51/D$6)),0) -> 0 | R51: =IFERROR(E51+(E$5*(E51/E$6)),0) -> 0 | S51: =IFERROR(F51+(F$5*(F51/F$6)),0) -> 0 | T51: =IFERROR(G51+(G$5*(G51/G$6)),0) -> 0 | U51: =IFERROR(H51+(H$5*(H51/H$6)),0) -> 0 | V51: =IFERROR(I51+(I$5*(I51/I$6)),0) -> 0 | W51: =IFERROR(J51+(J$5*(J51/J$6)),0) -> 0 | X51: =IFERROR(K51+(K$5*(K51/K$6)),0) -> 0 | ... AC51: =IFERROR(P51+(P$5*(P51/P$6)),0) -> 0 | AD51: =VLOOKUP(A51,'PBT Tag Rates'!$B$5:$E$44,4,FALSE) -> 0.9814 | AE51: =Q51/$AD51 -> 0 | AF51: =R51/$AD51 -> 0 | AG51: =S51/$AD51 -> 0 | AH51: =T51/$AD51 -> 0 | AI51: =U51/$AD51 -> 0 | AJ51: =V51/$AD51 -> 0 | AK51: =W51/$AD51 -> 0 | AL51: =X51/$AD51 -> 0 | ... AQ51: =AC51/$AD51 -> 0 | AS51: =SUM(AE51:AG51) -> 0 | AT51: =SUM(AH51:AQ51) -> 0 | AV51: =$AV$3-C51 -> 2021 | AW51: =B51 -> PLA2 | AX51: SR | AY51: =SUMIFS('cwt rel info'!$A$6:$A$317,'cwt rel info'!$D$6:$D$317,'age-length prop'!AV51,'cwt rel info'!$E$6:$E$317,'age-length prop'!AW51) -> 220404 | AZ51: =AS51+AT51 -> 0 | BA51: =AT133 -> 0 | BB51: =AS133 -> 121.35655 | BC51: =VLOOKUP(AW51,'Individual Data'!$V$5:$AC$5544,8,FALSE) -> Abv | BD51: =IF(BC51="blw",AZ51*(1-$BA$4),AZ51*(1-$BA$3)) -> 0 | BE51: =IF(BC51="blw",BA51*(1-$BA$4),BA51*(1-$BA$3)) -> 0 | BF51: =IF(BC51="blw",BB51*(1-$BB$4),BB51*(1-$BB$3)) -> 115.65279 | BI51: =AE51-Q51 -> 0 | BJ51: =AF51-R51 -> 0 | BK51: =AG51-S51 -> 0 | BL51: =AH51-T51 -> 0 | BM51: =AI51-U51 -> 0 | BN51: =AJ51-V51 -> 0 | BO51: =AK51-W51 -> 0 | BP51: =AL51-X51 -> 0 | ... BU51: =AQ51-AC51 -> 0 | BV51: =IFERROR(BW51/(BW51+BX51),0) -> 0 | BW51: =SUMIFS('Individual Data'!$X$6:$X$5544,'Individual Data'!$I$6:$I$5544,'age-length prop'!BW$7,'Individual Data'!$V$6:$V$5544,'age-length prop'!$B51,'Individual Data'!$R$6:$R$5544,'age-length prop'!$C51,'Individual Data'!$N$6:$N$5544,"F") -> 0 | BX51: =SUMIFS('Individual Data'!$X$6:$X$5544,'Individual Data'!$I$6:$I$5544,'age-length prop'!BX$7,'Individual Data'!$V$6:$V$5544,'age-length prop'!$B51,'Individual Data'!$R$6:$R$5544,'age-length prop'!$C51,'Individual Data'!$N$6:$N$5544,"F") -> 0 | BY51: =BI51*$BV51 -> 0 | BZ51: =BJ51*$BV51 -> 0 | CA51: =BK51*$BV51 -> 0 | CB51: =BL51*$BV51 -> 0 | CC51: =BM51*$BV51 -> 0 | CD51: =BN51*$BV51 -> 0 | CE51: =BO51*$BV51 -> 0 | CF51: =BP51*$BV51 -> 0 | ... CK51: =BU51*$BV51 -> 0 | CM51: =BI51*(1-$BV51) -> 0 | CN51: =BJ51*(1-$BV51) -> 0 | CO51: =BK51*(1-$BV51) -> 0 | CP51: =BL51*(1-$BV51) -> 0 | CQ51: =BM51*(1-$BV51) -> 0 | CR51: =BN51*(1-$BV51) -> 0 | CS51: =BO51*(1-$BV51) -> 0 | CT51: =BP51*(1-$BV51) -> 0 | ... CY51: =BU51*(1-$BV51) -> 0
A52: OtsNPFH18S_1 | B52: CFA | C52: 5 | D52: =SUMIFS('Individual Data'!$AB$6:$AB$5544,'Individual Data'!$V$6:$V$5544,'age-length prop'!$B52,'Individual Data'!$Y$6:$Y$5544,'age-length prop'!D$7,'Individual Data'!$R$6:$R$5544,'age-length prop'!$C52,'Individual Data'!$N$6:$N$5544,'age-length prop'!$B$6) -> 0 | E52: =SUMIFS('Individual Data'!$AB$6:$AB$5544,'Individual Data'!$V$6:$V$5544,'age-length prop'!$B52,'Individual Data'!$Y$6:$Y$5544,'age-length prop'!E$7,'Individual Data'!$R$6:$R$5544,'age-length prop'!$C52,'Individual Data'!$N$6:$N$5544,'age-length prop'!$B$6) -> 0 | F52: =SUMIFS('Individual Data'!$AB$6:$AB$5544,'Individual Data'!$V$6:$V$5544,'age-length prop'!$B52,'Individual Data'!$Y$6:$Y$5544,'age-length prop'!F$7,'Individual Data'!$R$6:$R$5544,'age-length prop'!$C52,'Individual Data'!$N$6:$N$5544,'age-length prop'!$B$6) -> 0 | G52: =SUMIFS('Individual Data'!$AB$6:$AB$5544,'Individual Data'!$V$6:$V$5544,'age-length prop'!$B52,'Individual Data'!$Y$6:$Y$5544,'age-length prop'!G$7,'Individual Data'!$R$6:$R$5544,'age-length prop'!$C52,'Individual Data'!$N$6:$N$5544,'age-length prop'!$B$6) -> 0 | H52: =SUMIFS('Individual Data'!$AB$6:$AB$5544,'Individual Data'!$V$6:$V$5544,'age-length prop'!$B52,'Individual Data'!$Y$6:$Y$5544,'age-length prop'!H$7,'Individual Data'!$R$6:$R$5544,'age-length prop'!$C52,'Individual Data'!$N$6:$N$5544,'age-length prop'!$B$6) -> 0 | I52: =SUMIFS('Individual Data'!$AB$6:$AB$5544,'Individual Data'!$V$6:$V$5544,'age-length prop'!$B52,'Individual Data'!$Y$6:$Y$5544,'age-length prop'!I$7,'Individual Data'!$R$6:$R$5544,'age-length prop'!$C52,'Individual Data'!$N$6:$N$5544,'age-length prop'!$B$6) -> 0 | J52: =SUMIFS('Individual Data'!$AB$6:$AB$5544,'Individual Data'!$V$6:$V$5544,'age-length prop'!$B52,'Individual Data'!$Y$6:$Y$5544,'age-length prop'!J$7,'Individual Data'!$R$6:$R$5544,'age-length prop'!$C52,'Individual Data'!$N$6:$N$5544,'age-length prop'!$B$6) -> 0 | K52: =SUMIFS('Individual Data'!$AB$6:$AB$5544,'Individual Data'!$V$6:$V$5544,'age-length prop'!$B52,'Individual Data'!$Y$6:$Y$5544,'age-length prop'!K$7,'Individual Data'!$R$6:$R$5544,'age-length prop'!$C52,'Individual Data'!$N$6:$N$5544,'age-length prop'!$B$6) -> 2.5183441 | ... P52: =SUMIFS('Individual Data'!$AB$6:$AB$5544,'Individual Data'!$V$6:$V$5544,'age-length prop'!$B52,'Individual Data'!$Y$6:$Y$5544,'age-length prop'!P$7,'Individual Data'!$R$6:$R$5544,'age-length prop'!$C52,'Individual Data'!$N$6:$N$5544,'age-length prop'!$B$6) -> 0 | Q52: =IFERROR(D52+(D$5*(D52/D$6)),0) -> 0 | R52: =IFERROR(E52+(E$5*(E52/E$6)),0) -> 0 | S52: =IFERROR(F52+(F$5*(F52/F$6)),0) -> 0 | T52: =IFERROR(G52+(G$5*(G52/G$6)),0) -> 0 | U52: =IFERROR(H52+(H$5*(H52/H$6)),0) -> 0 | V52: =IFERROR(I52+(I$5*(I52/I$6)),0) -> 0 | W52: =IFERROR(J52+(J$5*(J52/J$6)),0) -> 0 | X52: =IFERROR(K52+(K$5*(K52/K$6)),0) -> 2.5439897 | ... AC52: =IFERROR(P52+(P$5*(P52/P$6)),0) -> 0 | AD52: =VLOOKUP(A52,'PBT Tag Rates'!$B$5:$E$44,4,FALSE) -> 0.96828397 | AE52: =Q52/$AD52 -> 0 | AF52: =R52/$AD52 -> 0 | AG52: =S52/$AD52 -> 0 | AH52: =T52/$AD52 -> 0 | AI52: =U52/$AD52 -> 0 | AJ52: =V52/$AD52 -> 0 | AK52: =W52/$AD52 -> 0 | AL52: =X52/$AD52 -> 2.6273178 | ... AQ52: =AC52/$AD52 -> 0 | AS52: =SUM(AE52:AG52) -> 0 | AT52: =SUM(AH52:AQ52) -> 10.521551 | AV52: =$AV$3-C52 -> 2018 | AW52: =B52 -> CFA | AX52: SR | AY52: =SUMIFS('cwt rel info'!$A$6:$A$317,'cwt rel info'!$D$6:$D$317,'age-length prop'!AV52,'cwt rel info'!$E$6:$E$317,'age-length prop'!AW52) -> 220267 | AZ52: =AS52+AT52 -> 10.521551 | BA52: =AT134 -> 14.90851 | BB52: =AS134 -> 0 | BC52: =VLOOKUP(AW52,'Individual Data'!$V$5:$AC$5544,8,FALSE) -> Abv | BD52: =IF(BC52="blw",AZ52*(1-$BA$4),AZ52*(1-$BA$3)) -> 10.258513 | BE52: =IF(BC52="blw",BA52*(1-$BA$4),BA52*(1-$BA$3)) -> 14.535797 | BF52: =IF(BC52="blw",BB52*(1-$BB$4),BB52*(1-$BB$3)) -> 0 | BI52: =AE52-Q52 -> 0 | BJ52: =AF52-R52 -> 0 | BK52: =AG52-S52 -> 0 | BL52: =AH52-T52 -> 0 | BM52: =AI52-U52 -> 0 | BN52: =AJ52-V52 -> 0 | BO52: =AK52-W52 -> 0 | BP52: =AL52-X52 -> 0.083328103 | ... BU52: =AQ52-AC52 -> 0 | BV52: =IFERROR(BW52/(BW52+BX52),0) -> 0 | BW52: =SUMIFS('Individual Data'!$X$6:$X$5544,'Individual Data'!$I$6:$I$5544,'age-length prop'!BW$7,'Individual Data'!$V$6:$V$5544,'age-length prop'!$B52,'Individual Data'!$R$6:$R$5544,'age-length prop'!$C52,'Individual Data'!$N$6:$N$5544,"F") -> 0 | BX52: =SUMIFS('Individual Data'!$X$6:$X$5544,'Individual Data'!$I$6:$I$5544,'age-length prop'!BX$7,'Individual Data'!$V$6:$V$5544,'age-length prop'!$B52,'Individual Data'!$R$6:$R$5544,'age-length prop'!$C52,'Individual Data'!$N$6:$N$5544,"F") -> 4 | BY52: =BI52*$BV52 -> 0 | BZ52: =BJ52*$BV52 -> 0 | CA52: =BK52*$BV52 -> 0 | CB52: =BL52*$BV52 -> 0 | CC52: =BM52*$BV52 -> 0 | CD52: =BN52*$BV52 -> 0 | CE52: =BO52*$BV52 -> 0 | CF52: =BP52*$BV52 -> 0 | ... CK52: =BU52*$BV52 -> 0 | CM52: =BI52*(1-$BV52) -> 0 | CN52: =BJ52*(1-$BV52) -> 0 | CO52: =BK52*(1-$BV52) -> 0 | CP52: =BL52*(1-$BV52) -> 0 | CQ52: =BM52*(1-$BV52) -> 0 | CR52: =BN52*(1-$BV52) -> 0 | CS52: =BO52*(1-$BV52) -> 0 | CT52: =BP52*(1-$BV52) -> 0.083328103 | ... CY52: =BU52*(1-$BV52) -> 0
A53: OtsNPFH18S_1 | B53: LGA | C53: 5 | D53: =SUMIFS('Individual Data'!$AB$6:$AB$5544,'Individual Data'!$V$6:$V$5544,'age-length prop'!$B53,'Individual Data'!$Y$6:$Y$5544,'age-length prop'!D$7,'Individual Data'!$R$6:$R$5544,'age-length prop'!$C53,'Individual Data'!$N$6:$N$5544,'age-length prop'!$B$6) -> 0 | E53: =SUMIFS('Individual Data'!$AB$6:$AB$5544,'Individual Data'!$V$6:$V$5544,'age-length prop'!$B53,'Individual Data'!$Y$6:$Y$5544,'age-length prop'!E$7,'Individual Data'!$R$6:$R$5544,'age-length prop'!$C53,'Individual Data'!$N$6:$N$5544,'age-length prop'!$B$6) -> 0 | F53: =SUMIFS('Individual Data'!$AB$6:$AB$5544,'Individual Data'!$V$6:$V$5544,'age-length prop'!$B53,'Individual Data'!$Y$6:$Y$5544,'age-length prop'!F$7,'Individual Data'!$R$6:$R$5544,'age-length prop'!$C53,'Individual Data'!$N$6:$N$5544,'age-length prop'!$B$6) -> 0 | G53: =SUMIFS('Individual Data'!$AB$6:$AB$5544,'Individual Data'!$V$6:$V$5544,'age-length prop'!$B53,'Individual Data'!$Y$6:$Y$5544,'age-length prop'!G$7,'Individual Data'!$R$6:$R$5544,'age-length prop'!$C53,'Individual Data'!$N$6:$N$5544,'age-length prop'!$B$6) -> 0 | H53: =SUMIFS('Individual Data'!$AB$6:$AB$5544,'Individual Data'!$V$6:$V$5544,'age-length prop'!$B53,'Individual Data'!$Y$6:$Y$5544,'age-length prop'!H$7,'Individual Data'!$R$6:$R$5544,'age-length prop'!$C53,'Individual Data'!$N$6:$N$5544,'age-length prop'!$B$6) -> 0 | I53: =SUMIFS('Individual Data'!$AB$6:$AB$5544,'Individual Data'!$V$6:$V$5544,'age-length prop'!$B53,'Individual Data'!$Y$6:$Y$5544,'age-length prop'!I$7,'Individual Data'!$R$6:$R$5544,'age-length prop'!$C53,'Individual Data'!$N$6:$N$5544,'age-length prop'!$B$6) -> 0 | J53: =SUMIFS('Individual Data'!$AB$6:$AB$5544,'Individual Data'!$V$6:$V$5544,'age-length prop'!$B53,'Individual Data'!$Y$6:$Y$5544,'age-length prop'!J$7,'Individual Data'!$R$6:$R$5544,'age-length prop'!$C53,'Individual Data'!$N$6:$N$5544,'age-length prop'!$B$6) -> 0 | K53: =SUMIFS('Individual Data'!$AB$6:$AB$5544,'Individual Data'!$V$6:$V$5544,'age-length prop'!$B53,'Individual Data'!$Y$6:$Y$5544,'age-length prop'!K$7,'Individual Data'!$R$6:$R$5544,'age-length prop'!$C53,'Individual Data'!$N$6:$N$5544,'age-length prop'!$B$6) -> 0 | ... P53: =SUMIFS('Individual Data'!$AB$6:$AB$5544,'Individual Data'!$V$6:$V$5544,'age-length prop'!$B53,'Individual Data'!$Y$6:$Y$5544,'age-length prop'!P$7,'Individual Data'!$R$6:$R$5544,'age-length prop'!$C53,'Individual Data'!$N$6:$N$5544,'age-length prop'!$B$6) -> 0 | Q53: =IFERROR(D53+(D$5*(D53/D$6)),0) -> 0 | R53: =IFERROR(E53+(E$5*(E53/E$6)),0) -> 0 | S53: =IFERROR(F53+(F$5*(F53/F$6)),0) -> 0 | T53: =IFERROR(G53+(G$5*(G53/G$6)),0) -> 0 | U53: =IFERROR(H53+(H$5*(H53/H$6)),0) -> 0 | V53: =IFERROR(I53+(I$5*(I53/I$6)),0) -> 0 | W53: =IFERROR(J53+(J$5*(J53/J$6)),0) -> 0 | X53: =IFERROR(K53+(K$5*(K53/K$6)),0) -> 0 | ... AC53: =IFERROR(P53+(P$5*(P53/P$6)),0) -> 0 | AD53: =VLOOKUP(A53,'PBT Tag Rates'!$B$5:$E$44,4,FALSE) -> 0.96828397 | AE53: =Q53/$AD53 -> 0 | AF53: =R53/$AD53 -> 0 | AG53: =S53/$AD53 -> 0 | AH53: =T53/$AD53 -> 0 | AI53: =U53/$AD53 -> 0 | AJ53: =V53/$AD53 -> 0 | AK53: =W53/$AD53 -> 0 | AL53: =X53/$AD53 -> 0 | ... AQ53: =AC53/$AD53 -> 0 | AS53: =SUM(AE53:AG53) -> 0 | AT53: =SUM(AH53:AQ53) -> 75.716124 | AV53: =$AV$3-C53 -> 2018 | AW53: =B53 -> LGA | AX53: SR | AY53: =SUMIFS('cwt rel info'!$A$6:$A$317,'cwt rel info'!$D$6:$D$317,'age-length prop'!AV53,'cwt rel info'!$E$6:$E$317,'age-length prop'!AW53) -> 220269 | AZ53: =AS53+AT53 -> 75.716124 | BA53: =AT135 -> 2.6582297 | BB53: =AS135 -> 0 | BC53: =VLOOKUP(AW53,'Individual Data'!$V$5:$AC$5544,8,FALSE) -> Abv | BD53: =IF(BC53="blw",AZ53*(1-$BA$4),AZ53*(1-$BA$3)) -> 73.823221 | BE53: =IF(BC53="blw",BA53*(1-$BA$4),BA53*(1-$BA$3)) -> 2.591774 | BF53: =IF(BC53="blw",BB53*(1-$BB$4),BB53*(1-$BB$3)) -> 0 | BI53: =AE53-Q53 -> 0 | BJ53: =AF53-R53 -> 0 | BK53: =AG53-S53 -> 0 | BL53: =AH53-T53 -> 0 | BM53: =AI53-U53 -> 0 | BN53: =AJ53-V53 -> 0 | BO53: =AK53-W53 -> 0 | BP53: =AL53-X53 -> 0 | ... BU53: =AQ53-AC53 -> 0 | BV53: =IFERROR(BW53/(BW53+BX53),0) -> 0.42857143 | BW53: =SUMIFS('Individual Data'!$X$6:$X$5544,'Individual Data'!$I$6:$I$5544,'age-length prop'!BW$7,'Individual Data'!$V$6:$V$5544,'age-length prop'!$B53,'Individual Data'!$R$6:$R$5544,'age-length prop'!$C53,'Individual Data'!$N$6:$N$5544,"F") -> 3 | BX53: =SUMIFS('Individual Data'!$X$6:$X$5544,'Individual Data'!$I$6:$I$5544,'age-length prop'!BX$7,'Individual Data'!$V$6:$V$5544,'age-length prop'!$B53,'Individual Data'!$R$6:$R$5544,'age-length prop'!$C53,'Individual Data'!$N$6:$N$5544,"F") -> 4 | BY53: =BI53*$BV53 -> 0 | BZ53: =BJ53*$BV53 -> 0 | CA53: =BK53*$BV53 -> 0 | CB53: =BL53*$BV53 -> 0 | CC53: =BM53*$BV53 -> 0 | CD53: =BN53*$BV53 -> 0 | CE53: =BO53*$BV53 -> 0 | CF53: =BP53*$BV53 -> 0 | ... CK53: =BU53*$BV53 -> 0 | CM53: =BI53*(1-$BV53) -> 0 | CN53: =BJ53*(1-$BV53) -> 0 | CO53: =BK53*(1-$BV53) -> 0 | CP53: =BL53*(1-$BV53) -> 0 | CQ53: =BM53*(1-$BV53) -> 0 | CR53: =BN53*(1-$BV53) -> 0 | CS53: =BO53*(1-$BV53) -> 0 | CT53: =BP53*(1-$BV53) -> 0 | ... CY53: =BU53*(1-$BV53) -> 0
A54: OtsNPFH18S_1 | B54: NLVA | C54: 5 | D54: =SUMIFS('Individual Data'!$AB$6:$AB$5544,'Individual Data'!$V$6:$V$5544,'age-length prop'!$B54,'Individual Data'!$Y$6:$Y$5544,'age-length prop'!D$7,'Individual Data'!$R$6:$R$5544,'age-length prop'!$C54,'Individual Data'!$N$6:$N$5544,'age-length prop'!$B$6) -> 0 | E54: =SUMIFS('Individual Data'!$AB$6:$AB$5544,'Individual Data'!$V$6:$V$5544,'age-length prop'!$B54,'Individual Data'!$Y$6:$Y$5544,'age-length prop'!E$7,'Individual Data'!$R$6:$R$5544,'age-length prop'!$C54,'Individual Data'!$N$6:$N$5544,'age-length prop'!$B$6) -> 0 | F54: =SUMIFS('Individual Data'!$AB$6:$AB$5544,'Individual Data'!$V$6:$V$5544,'age-length prop'!$B54,'Individual Data'!$Y$6:$Y$5544,'age-length prop'!F$7,'Individual Data'!$R$6:$R$5544,'age-length prop'!$C54,'Individual Data'!$N$6:$N$5544,'age-length prop'!$B$6) -> 0 | G54: =SUMIFS('Individual Data'!$AB$6:$AB$5544,'Individual Data'!$V$6:$V$5544,'age-length prop'!$B54,'Individual Data'!$Y$6:$Y$5544,'age-length prop'!G$7,'Individual Data'!$R$6:$R$5544,'age-length prop'!$C54,'Individual Data'!$N$6:$N$5544,'age-length prop'!$B$6) -> 0 | H54: =SUMIFS('Individual Data'!$AB$6:$AB$5544,'Individual Data'!$V$6:$V$5544,'age-length prop'!$B54,'Individual Data'!$Y$6:$Y$5544,'age-length prop'!H$7,'Individual Data'!$R$6:$R$5544,'age-length prop'!$C54,'Individual Data'!$N$6:$N$5544,'age-length prop'!$B$6) -> 0 | I54: =SUMIFS('Individual Data'!$AB$6:$AB$5544,'Individual Data'!$V$6:$V$5544,'age-length prop'!$B54,'Individual Data'!$Y$6:$Y$5544,'age-length prop'!I$7,'Individual Data'!$R$6:$R$5544,'age-length prop'!$C54,'Individual Data'!$N$6:$N$5544,'age-length prop'!$B$6) -> 0 | J54: =SUMIFS('Individual Data'!$AB$6:$AB$5544,'Individual Data'!$V$6:$V$5544,'age-length prop'!$B54,'Individual Data'!$Y$6:$Y$5544,'age-length prop'!J$7,'Individual Data'!$R$6:$R$5544,'age-length prop'!$C54,'Individual Data'!$N$6:$N$5544,'age-length prop'!$B$6) -> 0 | K54: =SUMIFS('Individual Data'!$AB$6:$AB$5544,'Individual Data'!$V$6:$V$5544,'age-length prop'!$B54,'Individual Data'!$Y$6:$Y$5544,'age-length prop'!K$7,'Individual Data'!$R$6:$R$5544,'age-length prop'!$C54,'Individual Data'!$N$6:$N$5544,'age-length prop'!$B$6) -> 0 | ... P54: =SUMIFS('Individual Data'!$AB$6:$AB$5544,'Individual Data'!$V$6:$V$5544,'age-length prop'!$B54,'Individual Data'!$Y$6:$Y$5544,'age-length prop'!P$7,'Individual Data'!$R$6:$R$5544,'age-length prop'!$C54,'Individual Data'!$N$6:$N$5544,'age-length prop'!$B$6) -> 0 | Q54: =IFERROR(D54+(D$5*(D54/D$6)),0) -> 0 | R54: =IFERROR(E54+(E$5*(E54/E$6)),0) -> 0 | S54: =IFERROR(F54+(F$5*(F54/F$6)),0) -> 0 | T54: =IFERROR(G54+(G$5*(G54/G$6)),0) -> 0 | U54: =IFERROR(H54+(H$5*(H54/H$6)),0) -> 0 | V54: =IFERROR(I54+(I$5*(I54/I$6)),0) -> 0 | W54: =IFERROR(J54+(J$5*(J54/J$6)),0) -> 0 | X54: =IFERROR(K54+(K$5*(K54/K$6)),0) -> 0 | ... AC54: =IFERROR(P54+(P$5*(P54/P$6)),0) -> 0 | AD54: =VLOOKUP(A54,'PBT Tag Rates'!$B$5:$E$44,4,FALSE) -> 0.96828397 | AE54: =Q54/$AD54 -> 0 | AF54: =R54/$AD54 -> 0 | AG54: =S54/$AD54 -> 0 | AH54: =T54/$AD54 -> 0 | AI54: =U54/$AD54 -> 0 | AJ54: =V54/$AD54 -> 0 | AK54: =W54/$AD54 -> 0 | AL54: =X54/$AD54 -> 0 | ... AQ54: =AC54/$AD54 -> 0 | AS54: =SUM(AE54:AG54) -> 0 | AT54: =SUM(AH54:AQ54) -> 47.090594 | AV54: =$AV$3-C54 -> 2018 | AW54: =B54 -> NLVA | AX54: SR | AY54: =SUMIFS('cwt rel info'!$A$6:$A$317,'cwt rel info'!$D$6:$D$317,'age-length prop'!AV54,'cwt rel info'!$E$6:$E$317,'age-length prop'!AW54) -> 220270 | AZ54: =AS54+AT54 -> 47.090594 | BA54: =AT136 -> 2.6535837 | BB54: =AS136 -> 0 | BC54: =VLOOKUP(AW54,'Individual Data'!$V$5:$AC$5544,8,FALSE) -> Abv | BD54: =IF(BC54="blw",AZ54*(1-$BA$4),AZ54*(1-$BA$3)) -> 45.91333 | BE54: =IF(BC54="blw",BA54*(1-$BA$4),BA54*(1-$BA$3)) -> 2.5872441 | BF54: =IF(BC54="blw",BB54*(1-$BB$4),BB54*(1-$BB$3)) -> 0 | BI54: =AE54-Q54 -> 0 | BJ54: =AF54-R54 -> 0 | BK54: =AG54-S54 -> 0 | BL54: =AH54-T54 -> 0 | BM54: =AI54-U54 -> 0 | BN54: =AJ54-V54 -> 0 | BO54: =AK54-W54 -> 0 | BP54: =AL54-X54 -> 0 | ... BU54: =AQ54-AC54 -> 0 | BV54: =IFERROR(BW54/(BW54+BX54),0) -> 0.57142857 | BW54: =SUMIFS('Individual Data'!$X$6:$X$5544,'Individual Data'!$I$6:$I$5544,'age-length prop'!BW$7,'Individual Data'!$V$6:$V$5544,'age-length prop'!$B54,'Individual Data'!$R$6:$R$5544,'age-length prop'!$C54,'Individual Data'!$N$6:$N$5544,"F") -> 4 | BX54: =SUMIFS('Individual Data'!$X$6:$X$5544,'Individual Data'!$I$6:$I$5544,'age-length prop'!BX$7,'Individual Data'!$V$6:$V$5544,'age-length prop'!$B54,'Individual Data'!$R$6:$R$5544,'age-length prop'!$C54,'Individual Data'!$N$6:$N$5544,"F") -> 3 | BY54: =BI54*$BV54 -> 0 | BZ54: =BJ54*$BV54 -> 0 | CA54: =BK54*$BV54 -> 0 | CB54: =BL54*$BV54 -> 0 | CC54: =BM54*$BV54 -> 0 | CD54: =BN54*$BV54 -> 0 | CE54: =BO54*$BV54 -> 0 | CF54: =BP54*$BV54 -> 0 | ... CK54: =BU54*$BV54 -> 0 | CM54: =BI54*(1-$BV54) -> 0 | CN54: =BJ54*(1-$BV54) -> 0 | CO54: =BK54*(1-$BV54) -> 0 | CP54: =BL54*(1-$BV54) -> 0 | CQ54: =BM54*(1-$BV54) -> 0 | CR54: =BN54*(1-$BV54) -> 0 | CS54: =BO54*(1-$BV54) -> 0 | CT54: =BP54*(1-$BV54) -> 0 | ... CY54: =BU54*(1-$BV54) -> 0
A55: OtsNPFH18S_1 | B55: NPTH | C55: 5 | D55: =SUMIFS('Individual Data'!$AB$6:$AB$5544,'Individual Data'!$V$6:$V$5544,'age-length prop'!$B55,'Individual Data'!$Y$6:$Y$5544,'age-length prop'!D$7,'Individual Data'!$R$6:$R$5544,'age-length prop'!$C55,'Individual Data'!$N$6:$N$5544,'age-length prop'!$B$6) -> 0 | E55: =SUMIFS('Individual Data'!$AB$6:$AB$5544,'Individual Data'!$V$6:$V$5544,'age-length prop'!$B55,'Individual Data'!$Y$6:$Y$5544,'age-length prop'!E$7,'Individual Data'!$R$6:$R$5544,'age-length prop'!$C55,'Individual Data'!$N$6:$N$5544,'age-length prop'!$B$6) -> 0 | F55: =SUMIFS('Individual Data'!$AB$6:$AB$5544,'Individual Data'!$V$6:$V$5544,'age-length prop'!$B55,'Individual Data'!$Y$6:$Y$5544,'age-length prop'!F$7,'Individual Data'!$R$6:$R$5544,'age-length prop'!$C55,'Individual Data'!$N$6:$N$5544,'age-length prop'!$B$6) -> 0 | G55: =SUMIFS('Individual Data'!$AB$6:$AB$5544,'Individual Data'!$V$6:$V$5544,'age-length prop'!$B55,'Individual Data'!$Y$6:$Y$5544,'age-length prop'!G$7,'Individual Data'!$R$6:$R$5544,'age-length prop'!$C55,'Individual Data'!$N$6:$N$5544,'age-length prop'!$B$6) -> 0 | H55: =SUMIFS('Individual Data'!$AB$6:$AB$5544,'Individual Data'!$V$6:$V$5544,'age-length prop'!$B55,'Individual Data'!$Y$6:$Y$5544,'age-length prop'!H$7,'Individual Data'!$R$6:$R$5544,'age-length prop'!$C55,'Individual Data'!$N$6:$N$5544,'age-length prop'!$B$6) -> 0 | I55: =SUMIFS('Individual Data'!$AB$6:$AB$5544,'Individual Data'!$V$6:$V$5544,'age-length prop'!$B55,'Individual Data'!$Y$6:$Y$5544,'age-length prop'!I$7,'Individual Data'!$R$6:$R$5544,'age-length prop'!$C55,'Individual Data'!$N$6:$N$5544,'age-length prop'!$B$6) -> 0 | J55: =SUMIFS('Individual Data'!$AB$6:$AB$5544,'Individual Data'!$V$6:$V$5544,'age-length prop'!$B55,'Individual Data'!$Y$6:$Y$5544,'age-length prop'!J$7,'Individual Data'!$R$6:$R$5544,'age-length prop'!$C55,'Individual Data'!$N$6:$N$5544,'age-length prop'!$B$6) -> 0 | K55: =SUMIFS('Individual Data'!$AB$6:$AB$5544,'Individual Data'!$V$6:$V$5544,'age-length prop'!$B55,'Individual Data'!$Y$6:$Y$5544,'age-length prop'!K$7,'Individual Data'!$R$6:$R$5544,'age-length prop'!$C55,'Individual Data'!$N$6:$N$5544,'age-length prop'!$B$6) -> 25.834539 | ... P55: =SUMIFS('Individual Data'!$AB$6:$AB$5544,'Individual Data'!$V$6:$V$5544,'age-length prop'!$B55,'Individual Data'!$Y$6:$Y$5544,'age-length prop'!P$7,'Individual Data'!$R$6:$R$5544,'age-length prop'!$C55,'Individual Data'!$N$6:$N$5544,'age-length prop'!$B$6) -> 0 | Q55: =IFERROR(D55+(D$5*(D55/D$6)),0) -> 0 | R55: =IFERROR(E55+(E$5*(E55/E$6)),0) -> 0 | S55: =IFERROR(F55+(F$5*(F55/F$6)),0) -> 0 | T55: =IFERROR(G55+(G$5*(G55/G$6)),0) -> 0 | U55: =IFERROR(H55+(H$5*(H55/H$6)),0) -> 0 | V55: =IFERROR(I55+(I$5*(I55/I$6)),0) -> 0 | W55: =IFERROR(J55+(J$5*(J55/J$6)),0) -> 0 | X55: =IFERROR(K55+(K$5*(K55/K$6)),0) -> 26.097626 | ... AC55: =IFERROR(P55+(P$5*(P55/P$6)),0) -> 0 | AD55: =VLOOKUP(A55,'PBT Tag Rates'!$B$5:$E$44,4,FALSE) -> 0.96828397 | AE55: =Q55/$AD55 -> 0 | AF55: =R55/$AD55 -> 0 | AG55: =S55/$AD55 -> 0 | AH55: =T55/$AD55 -> 0 | AI55: =U55/$AD55 -> 0 | AJ55: =V55/$AD55 -> 0 | AK55: =W55/$AD55 -> 0 | AL55: =X55/$AD55 -> 26.952451 | ... AQ55: =AC55/$AD55 -> 0 | AS55: =SUM(AE55:AG55) -> 0 | AT55: =SUM(AH55:AQ55) -> 98.480819 | AV55: =$AV$3-C55 -> 2018 | AW55: =B55 -> NPTH | AX55: SR | AY55: =SUMIFS('cwt rel info'!$A$6:$A$317,'cwt rel info'!$D$6:$D$317,'age-length prop'!AV55,'cwt rel info'!$E$6:$E$317,'age-length prop'!AW55) -> 220272 | AZ55: =AS55+AT55 -> 98.480819 | BA55: =AT137 -> 82.19297 | BB55: =AS137 -> 0 | BC55: =VLOOKUP(AW55,'Individual Data'!$V$5:$AC$5544,8,FALSE) -> Abv | BD55: =IF(BC55="blw",AZ55*(1-$BA$4),AZ55*(1-$BA$3)) -> 96.018798 | BE55: =IF(BC55="blw",BA55*(1-$BA$4),BA55*(1-$BA$3)) -> 80.138146 | BF55: =IF(BC55="blw",BB55*(1-$BB$4),BB55*(1-$BB$3)) -> 0 | BI55: =AE55-Q55 -> 0 | BJ55: =AF55-R55 -> 0 | BK55: =AG55-S55 -> 0 | BL55: =AH55-T55 -> 0 | BM55: =AI55-U55 -> 0 | BN55: =AJ55-V55 -> 0 | BO55: =AK55-W55 -> 0 | BP55: =AL55-X55 -> 0.85482489 | ... BU55: =AQ55-AC55 -> 0 | BV55: =IFERROR(BW55/(BW55+BX55),0) -> 0.33333333 | BW55: =SUMIFS('Individual Data'!$X$6:$X$5544,'Individual Data'!$I$6:$I$5544,'age-length prop'!BW$7,'Individual Data'!$V$6:$V$5544,'age-length prop'!$B55,'Individual Data'!$R$6:$R$5544,'age-length prop'!$C55,'Individual Data'!$N$6:$N$5544,"F") -> 4 | BX55: =SUMIFS('Individual Data'!$X$6:$X$5544,'Individual Data'!$I$6:$I$5544,'age-length prop'!BX$7,'Individual Data'!$V$6:$V$5544,'age-length prop'!$B55,'Individual Data'!$R$6:$R$5544,'age-length prop'!$C55,'Individual Data'!$N$6:$N$5544,"F") -> 8 | BY55: =BI55*$BV55 -> 0 | BZ55: =BJ55*$BV55 -> 0 | CA55: =BK55*$BV55 -> 0 | CB55: =BL55*$BV55 -> 0 | CC55: =BM55*$BV55 -> 0 | CD55: =BN55*$BV55 -> 0 | CE55: =BO55*$BV55 -> 0 | CF55: =BP55*$BV55 -> 0.28494163 | ... CK55: =BU55*$BV55 -> 0 | CM55: =BI55*(1-$BV55) -> 0 | CN55: =BJ55*(1-$BV55) -> 0 | CO55: =BK55*(1-$BV55) -> 0 | CP55: =BL55*(1-$BV55) -> 0 | CQ55: =BM55*(1-$BV55) -> 0 | CR55: =BN55*(1-$BV55) -> 0 | CS55: =BO55*(1-$BV55) -> 0 | CT55: =BP55*(1-$BV55) -> 0.56988326 | ... CY55: =BU55*(1-$BV55) -> 0
A56: OtsNPFH19S_1 | B56: CFA | C56: 4 | D56: =SUMIFS('Individual Data'!$AB$6:$AB$5544,'Individual Data'!$V$6:$V$5544,'age-length prop'!$B56,'Individual Data'!$Y$6:$Y$5544,'age-length prop'!D$7,'Individual Data'!$R$6:$R$5544,'age-length prop'!$C56,'Individual Data'!$N$6:$N$5544,'age-length prop'!$B$6) -> 0 | E56: =SUMIFS('Individual Data'!$AB$6:$AB$5544,'Individual Data'!$V$6:$V$5544,'age-length prop'!$B56,'Individual Data'!$Y$6:$Y$5544,'age-length prop'!E$7,'Individual Data'!$R$6:$R$5544,'age-length prop'!$C56,'Individual Data'!$N$6:$N$5544,'age-length prop'!$B$6) -> 0 | F56: =SUMIFS('Individual Data'!$AB$6:$AB$5544,'Individual Data'!$V$6:$V$5544,'age-length prop'!$B56,'Individual Data'!$Y$6:$Y$5544,'age-length prop'!F$7,'Individual Data'!$R$6:$R$5544,'age-length prop'!$C56,'Individual Data'!$N$6:$N$5544,'age-length prop'!$B$6) -> 0 | G56: =SUMIFS('Individual Data'!$AB$6:$AB$5544,'Individual Data'!$V$6:$V$5544,'age-length prop'!$B56,'Individual Data'!$Y$6:$Y$5544,'age-length prop'!G$7,'Individual Data'!$R$6:$R$5544,'age-length prop'!$C56,'Individual Data'!$N$6:$N$5544,'age-length prop'!$B$6) -> 0 | H56: =SUMIFS('Individual Data'!$AB$6:$AB$5544,'Individual Data'!$V$6:$V$5544,'age-length prop'!$B56,'Individual Data'!$Y$6:$Y$5544,'age-length prop'!H$7,'Individual Data'!$R$6:$R$5544,'age-length prop'!$C56,'Individual Data'!$N$6:$N$5544,'age-length prop'!$B$6) -> 0 | I56: =SUMIFS('Individual Data'!$AB$6:$AB$5544,'Individual Data'!$V$6:$V$5544,'age-length prop'!$B56,'Individual Data'!$Y$6:$Y$5544,'age-length prop'!I$7,'Individual Data'!$R$6:$R$5544,'age-length prop'!$C56,'Individual Data'!$N$6:$N$5544,'age-length prop'!$B$6) -> 0 | J56: =SUMIFS('Individual Data'!$AB$6:$AB$5544,'Individual Data'!$V$6:$V$5544,'age-length prop'!$B56,'Individual Data'!$Y$6:$Y$5544,'age-length prop'!J$7,'Individual Data'!$R$6:$R$5544,'age-length prop'!$C56,'Individual Data'!$N$6:$N$5544,'age-length prop'!$B$6) -> 46.632391 | K56: =SUMIFS('Individual Data'!$AB$6:$AB$5544,'Individual Data'!$V$6:$V$5544,'age-length prop'!$B56,'Individual Data'!$Y$6:$Y$5544,'age-length prop'!K$7,'Individual Data'!$R$6:$R$5544,'age-length prop'!$C56,'Individual Data'!$N$6:$N$5544,'age-length prop'!$B$6) -> 86.643372 | ... P56: =SUMIFS('Individual Data'!$AB$6:$AB$5544,'Individual Data'!$V$6:$V$5544,'age-length prop'!$B56,'Individual Data'!$Y$6:$Y$5544,'age-length prop'!P$7,'Individual Data'!$R$6:$R$5544,'age-length prop'!$C56,'Individual Data'!$N$6:$N$5544,'age-length prop'!$B$6) -> 0 | Q56: =IFERROR(D56+(D$5*(D56/D$6)),0) -> 0 | R56: =IFERROR(E56+(E$5*(E56/E$6)),0) -> 0 | S56: =IFERROR(F56+(F$5*(F56/F$6)),0) -> 0 | T56: =IFERROR(G56+(G$5*(G56/G$6)),0) -> 0 | U56: =IFERROR(H56+(H$5*(H56/H$6)),0) -> 0 | V56: =IFERROR(I56+(I$5*(I56/I$6)),0) -> 0 | W56: =IFERROR(J56+(J$5*(J56/J$6)),0) -> 47.039928 | X56: =IFERROR(K56+(K$5*(K56/K$6)),0) -> 87.525708 | ... AC56: =IFERROR(P56+(P$5*(P56/P$6)),0) -> 0 | AD56: =VLOOKUP(A56,'PBT Tag Rates'!$B$5:$E$44,4,FALSE) -> 0.99705232 | AE56: =Q56/$AD56 -> 0 | AF56: =R56/$AD56 -> 0 | AG56: =S56/$AD56 -> 0 | AH56: =T56/$AD56 -> 0 | AI56: =U56/$AD56 -> 0 | AJ56: =V56/$AD56 -> 0 | AK56: =W56/$AD56 -> 47.178996 | AL56: =X56/$AD56 -> 87.784468 | ... AQ56: =AC56/$AD56 -> 0 | AS56: =SUM(AE56:AG56) -> 0 | AT56: =SUM(AH56:AQ56) -> 308.42014 | AV56: =$AV$3-C56 -> 2019 | AW56: =B56 -> CFA | AX56: SR | AY56: =SUMIFS('cwt rel info'!$A$6:$A$317,'cwt rel info'!$D$6:$D$317,'age-length prop'!AV56,'cwt rel info'!$E$6:$E$317,'age-length prop'!AW56) -> 220276 | AZ56: =AS56+AT56 -> 308.42014 | BA56: =AT138 -> 221.78475 | BB56: =AS138 -> 0 | BC56: =VLOOKUP(AW56,'Individual Data'!$V$5:$AC$5544,8,FALSE) -> Abv | BD56: =IF(BC56="blw",AZ56*(1-$BA$4),AZ56*(1-$BA$3)) -> 300.70964 | BE56: =IF(BC56="blw",BA56*(1-$BA$4),BA56*(1-$BA$3)) -> 216.24013 | BF56: =IF(BC56="blw",BB56*(1-$BB$4),BB56*(1-$BB$3)) -> 0 | BI56: =AE56-Q56 -> 0 | BJ56: =AF56-R56 -> 0 | BK56: =AG56-S56 -> 0 | BL56: =AH56-T56 -> 0 | BM56: =AI56-U56 -> 0 | BN56: =AJ56-V56 -> 0 | BO56: =AK56-W56 -> 0.13906844 | BP56: =AL56-X56 -> 0.25876026 | ... BU56: =AQ56-AC56 -> 0 | BV56: =IFERROR(BW56/(BW56+BX56),0) -> 0.83333333 | BW56: =SUMIFS('Individual Data'!$X$6:$X$5544,'Individual Data'!$I$6:$I$5544,'age-length prop'!BW$7,'Individual Data'!$V$6:$V$5544,'age-length prop'!$B56,'Individual Data'!$R$6:$R$5544,'age-length prop'!$C56,'Individual Data'!$N$6:$N$5544,"F") -> 25 | BX56: =SUMIFS('Individual Data'!$X$6:$X$5544,'Individual Data'!$I$6:$I$5544,'age-length prop'!BX$7,'Individual Data'!$V$6:$V$5544,'age-length prop'!$B56,'Individual Data'!$R$6:$R$5544,'age-length prop'!$C56,'Individual Data'!$N$6:$N$5544,"F") -> 5 | BY56: =BI56*$BV56 -> 0 | BZ56: =BJ56*$BV56 -> 0 | CA56: =BK56*$BV56 -> 0 | CB56: =BL56*$BV56 -> 0 | CC56: =BM56*$BV56 -> 0 | CD56: =BN56*$BV56 -> 0 | CE56: =BO56*$BV56 -> 0.11589037 | CF56: =BP56*$BV56 -> 0.21563355 | ... CK56: =BU56*$BV56 -> 0 | CM56: =BI56*(1-$BV56) -> 0 | CN56: =BJ56*(1-$BV56) -> 0 | CO56: =BK56*(1-$BV56) -> 0 | CP56: =BL56*(1-$BV56) -> 0 | CQ56: =BM56*(1-$BV56) -> 0 | CR56: =BN56*(1-$BV56) -> 0 | CS56: =BO56*(1-$BV56) -> 0.023178074 | CT56: =BP56*(1-$BV56) -> 0.04312671 | ... CY56: =BU56*(1-$BV56) -> 0
A57: OtsNPFH19S_1 | B57: LGA | C57: 4 | D57: =SUMIFS('Individual Data'!$AB$6:$AB$5544,'Individual Data'!$V$6:$V$5544,'age-length prop'!$B57,'Individual Data'!$Y$6:$Y$5544,'age-length prop'!D$7,'Individual Data'!$R$6:$R$5544,'age-length prop'!$C57,'Individual Data'!$N$6:$N$5544,'age-length prop'!$B$6) -> 0 | E57: =SUMIFS('Individual Data'!$AB$6:$AB$5544,'Individual Data'!$V$6:$V$5544,'age-length prop'!$B57,'Individual Data'!$Y$6:$Y$5544,'age-length prop'!E$7,'Individual Data'!$R$6:$R$5544,'age-length prop'!$C57,'Individual Data'!$N$6:$N$5544,'age-length prop'!$B$6) -> 0 | F57: =SUMIFS('Individual Data'!$AB$6:$AB$5544,'Individual Data'!$V$6:$V$5544,'age-length prop'!$B57,'Individual Data'!$Y$6:$Y$5544,'age-length prop'!F$7,'Individual Data'!$R$6:$R$5544,'age-length prop'!$C57,'Individual Data'!$N$6:$N$5544,'age-length prop'!$B$6) -> 0 | G57: =SUMIFS('Individual Data'!$AB$6:$AB$5544,'Individual Data'!$V$6:$V$5544,'age-length prop'!$B57,'Individual Data'!$Y$6:$Y$5544,'age-length prop'!G$7,'Individual Data'!$R$6:$R$5544,'age-length prop'!$C57,'Individual Data'!$N$6:$N$5544,'age-length prop'!$B$6) -> 0 | H57: =SUMIFS('Individual Data'!$AB$6:$AB$5544,'Individual Data'!$V$6:$V$5544,'age-length prop'!$B57,'Individual Data'!$Y$6:$Y$5544,'age-length prop'!H$7,'Individual Data'!$R$6:$R$5544,'age-length prop'!$C57,'Individual Data'!$N$6:$N$5544,'age-length prop'!$B$6) -> 11.658098 | I57: =SUMIFS('Individual Data'!$AB$6:$AB$5544,'Individual Data'!$V$6:$V$5544,'age-length prop'!$B57,'Individual Data'!$Y$6:$Y$5544,'age-length prop'!I$7,'Individual Data'!$R$6:$R$5544,'age-length prop'!$C57,'Individual Data'!$N$6:$N$5544,'age-length prop'!$B$6) -> 0 | J57: =SUMIFS('Individual Data'!$AB$6:$AB$5544,'Individual Data'!$V$6:$V$5544,'age-length prop'!$B57,'Individual Data'!$Y$6:$Y$5544,'age-length prop'!J$7,'Individual Data'!$R$6:$R$5544,'age-length prop'!$C57,'Individual Data'!$N$6:$N$5544,'age-length prop'!$B$6) -> 42.529325 | K57: =SUMIFS('Individual Data'!$AB$6:$AB$5544,'Individual Data'!$V$6:$V$5544,'age-length prop'!$B57,'Individual Data'!$Y$6:$Y$5544,'age-length prop'!K$7,'Individual Data'!$R$6:$R$5544,'age-length prop'!$C57,'Individual Data'!$N$6:$N$5544,'age-length prop'!$B$6) -> 60.808832 | ... P57: =SUMIFS('Individual Data'!$AB$6:$AB$5544,'Individual Data'!$V$6:$V$5544,'age-length prop'!$B57,'Individual Data'!$Y$6:$Y$5544,'age-length prop'!P$7,'Individual Data'!$R$6:$R$5544,'age-length prop'!$C57,'Individual Data'!$N$6:$N$5544,'age-length prop'!$B$6) -> 0 | Q57: =IFERROR(D57+(D$5*(D57/D$6)),0) -> 0 | R57: =IFERROR(E57+(E$5*(E57/E$6)),0) -> 0 | S57: =IFERROR(F57+(F$5*(F57/F$6)),0) -> 0 | T57: =IFERROR(G57+(G$5*(G57/G$6)),0) -> 0 | U57: =IFERROR(H57+(H$5*(H57/H$6)),0) -> 11.658098 | V57: =IFERROR(I57+(I$5*(I57/I$6)),0) -> 0 | W57: =IFERROR(J57+(J$5*(J57/J$6)),0) -> 42.901004 | X57: =IFERROR(K57+(K$5*(K57/K$6)),0) -> 61.428081 | ... AC57: =IFERROR(P57+(P$5*(P57/P$6)),0) -> 0 | AD57: =VLOOKUP(A57,'PBT Tag Rates'!$B$5:$E$44,4,FALSE) -> 0.99705232 | AE57: =Q57/$AD57 -> 0 | AF57: =R57/$AD57 -> 0 | AG57: =S57/$AD57 -> 0 | AH57: =T57/$AD57 -> 0 | AI57: =U57/$AD57 -> 11.692564 | AJ57: =V57/$AD57 -> 0 | AK57: =W57/$AD57 -> 43.027836 | AL57: =X57/$AD57 -> 61.609687 | ... AQ57: =AC57/$AD57 -> 0 | AS57: =SUM(AE57:AG57) -> 0 | AT57: =SUM(AH57:AQ57) -> 286.61148 | AV57: =$AV$3-C57 -> 2019 | AW57: =B57 -> LGA | AX57: SR | AY57: =SUMIFS('cwt rel info'!$A$6:$A$317,'cwt rel info'!$D$6:$D$317,'age-length prop'!AV57,'cwt rel info'!$E$6:$E$317,'age-length prop'!AW57) -> 220275 | AZ57: =AS57+AT57 -> 286.61148 | BA57: =AT139 -> 222.494 | BB57: =AS139 -> 0 | BC57: =VLOOKUP(AW57,'Individual Data'!$V$5:$AC$5544,8,FALSE) -> Abv | BD57: =IF(BC57="blw",AZ57*(1-$BA$4),AZ57*(1-$BA$3)) -> 279.44619 | BE57: =IF(BC57="blw",BA57*(1-$BA$4),BA57*(1-$BA$3)) -> 216.93165 | BF57: =IF(BC57="blw",BB57*(1-$BB$4),BB57*(1-$BB$3)) -> 0 | BI57: =AE57-Q57 -> 0 | BJ57: =AF57-R57 -> 0 | BK57: =AG57-S57 -> 0 | BL57: =AH57-T57 -> 0 | BM57: =AI57-U57 -> 0.034465901 | BN57: =AJ57-V57 -> 0 | BO57: =AK57-W57 -> 0.12683216 | BP57: =AL57-X57 -> 0.18160546 | ... BU57: =AQ57-AC57 -> 0 | BV57: =IFERROR(BW57/(BW57+BX57),0) -> 0.13888889 | BW57: =SUMIFS('Individual Data'!$X$6:$X$5544,'Individual Data'!$I$6:$I$5544,'age-length prop'!BW$7,'Individual Data'!$V$6:$V$5544,'age-length prop'!$B57,'Individual Data'!$R$6:$R$5544,'age-length prop'!$C57,'Individual Data'!$N$6:$N$5544,"F") -> 5 | BX57: =SUMIFS('Individual Data'!$X$6:$X$5544,'Individual Data'!$I$6:$I$5544,'age-length prop'!BX$7,'Individual Data'!$V$6:$V$5544,'age-length prop'!$B57,'Individual Data'!$R$6:$R$5544,'age-length prop'!$C57,'Individual Data'!$N$6:$N$5544,"F") -> 31 | BY57: =BI57*$BV57 -> 0 | BZ57: =BJ57*$BV57 -> 0 | CA57: =BK57*$BV57 -> 0 | CB57: =BL57*$BV57 -> 0 | CC57: =BM57*$BV57 -> 0.0047869307 | CD57: =BN57*$BV57 -> 0 | CE57: =BO57*$BV57 -> 0.017615578 | CF57: =BP57*$BV57 -> 0.02522298 | ... CK57: =BU57*$BV57 -> 0 | CM57: =BI57*(1-$BV57) -> 0 | CN57: =BJ57*(1-$BV57) -> 0 | CO57: =BK57*(1-$BV57) -> 0 | CP57: =BL57*(1-$BV57) -> 0 | CQ57: =BM57*(1-$BV57) -> 0.02967897 | CR57: =BN57*(1-$BV57) -> 0 | CS57: =BO57*(1-$BV57) -> 0.10921659 | CT57: =BP57*(1-$BV57) -> 0.15638248 | ... CY57: =BU57*(1-$BV57) -> 0
A58: OtsNPFH19S_1 | B58: NLVA | C58: 4 | D58: =SUMIFS('Individual Data'!$AB$6:$AB$5544,'Individual Data'!$V$6:$V$5544,'age-length prop'!$B58,'Individual Data'!$Y$6:$Y$5544,'age-length prop'!D$7,'Individual Data'!$R$6:$R$5544,'age-length prop'!$C58,'Individual Data'!$N$6:$N$5544,'age-length prop'!$B$6) -> 0 | E58: =SUMIFS('Individual Data'!$AB$6:$AB$5544,'Individual Data'!$V$6:$V$5544,'age-length prop'!$B58,'Individual Data'!$Y$6:$Y$5544,'age-length prop'!E$7,'Individual Data'!$R$6:$R$5544,'age-length prop'!$C58,'Individual Data'!$N$6:$N$5544,'age-length prop'!$B$6) -> 0 | F58: =SUMIFS('Individual Data'!$AB$6:$AB$5544,'Individual Data'!$V$6:$V$5544,'age-length prop'!$B58,'Individual Data'!$Y$6:$Y$5544,'age-length prop'!F$7,'Individual Data'!$R$6:$R$5544,'age-length prop'!$C58,'Individual Data'!$N$6:$N$5544,'age-length prop'!$B$6) -> 0 | G58: =SUMIFS('Individual Data'!$AB$6:$AB$5544,'Individual Data'!$V$6:$V$5544,'age-length prop'!$B58,'Individual Data'!$Y$6:$Y$5544,'age-length prop'!G$7,'Individual Data'!$R$6:$R$5544,'age-length prop'!$C58,'Individual Data'!$N$6:$N$5544,'age-length prop'!$B$6) -> 0 | H58: =SUMIFS('Individual Data'!$AB$6:$AB$5544,'Individual Data'!$V$6:$V$5544,'age-length prop'!$B58,'Individual Data'!$Y$6:$Y$5544,'age-length prop'!H$7,'Individual Data'!$R$6:$R$5544,'age-length prop'!$C58,'Individual Data'!$N$6:$N$5544,'age-length prop'!$B$6) -> 0 | I58: =SUMIFS('Individual Data'!$AB$6:$AB$5544,'Individual Data'!$V$6:$V$5544,'age-length prop'!$B58,'Individual Data'!$Y$6:$Y$5544,'age-length prop'!I$7,'Individual Data'!$R$6:$R$5544,'age-length prop'!$C58,'Individual Data'!$N$6:$N$5544,'age-length prop'!$B$6) -> 0 | J58: =SUMIFS('Individual Data'!$AB$6:$AB$5544,'Individual Data'!$V$6:$V$5544,'age-length prop'!$B58,'Individual Data'!$Y$6:$Y$5544,'age-length prop'!J$7,'Individual Data'!$R$6:$R$5544,'age-length prop'!$C58,'Individual Data'!$N$6:$N$5544,'age-length prop'!$B$6) -> 84.125028 | K58: =SUMIFS('Individual Data'!$AB$6:$AB$5544,'Individual Data'!$V$6:$V$5544,'age-length prop'!$B58,'Individual Data'!$Y$6:$Y$5544,'age-length prop'!K$7,'Individual Data'!$R$6:$R$5544,'age-length prop'!$C58,'Individual Data'!$N$6:$N$5544,'age-length prop'!$B$6) -> 204.15797 | ... P58: =SUMIFS('Individual Data'!$AB$6:$AB$5544,'Individual Data'!$V$6:$V$5544,'age-length prop'!$B58,'Individual Data'!$Y$6:$Y$5544,'age-length prop'!P$7,'Individual Data'!$R$6:$R$5544,'age-length prop'!$C58,'Individual Data'!$N$6:$N$5544,'age-length prop'!$B$6) -> 0 | Q58: =IFERROR(D58+(D$5*(D58/D$6)),0) -> 0 | R58: =IFERROR(E58+(E$5*(E58/E$6)),0) -> 0 | S58: =IFERROR(F58+(F$5*(F58/F$6)),0) -> 0 | T58: =IFERROR(G58+(G$5*(G58/G$6)),0) -> 0 | U58: =IFERROR(H58+(H$5*(H58/H$6)),0) -> 0 | V58: =IFERROR(I58+(I$5*(I58/I$6)),0) -> 0 | W58: =IFERROR(J58+(J$5*(J58/J$6)),0) -> 84.860227 | X58: =IFERROR(K58+(K$5*(K58/K$6)),0) -> 206.23702 | ... AC58: =IFERROR(P58+(P$5*(P58/P$6)),0) -> 0 | AD58: =VLOOKUP(A58,'PBT Tag Rates'!$B$5:$E$44,4,FALSE) -> 0.99705232 | AE58: =Q58/$AD58 -> 0 | AF58: =R58/$AD58 -> 0 | AG58: =S58/$AD58 -> 0 | AH58: =T58/$AD58 -> 0 | AI58: =U58/$AD58 -> 0 | AJ58: =V58/$AD58 -> 0 | AK58: =W58/$AD58 -> 85.111107 | AL58: =X58/$AD58 -> 206.84674 | ... AQ58: =AC58/$AD58 -> 0 | AS58: =SUM(AE58:AG58) -> 0 | AT58: =SUM(AH58:AQ58) -> 640.91656 | AV58: =$AV$3-C58 -> 2019 | AW58: =B58 -> NLVA | AX58: SR | AY58: =SUMIFS('cwt rel info'!$A$6:$A$317,'cwt rel info'!$D$6:$D$317,'age-length prop'!AV58,'cwt rel info'!$E$6:$E$317,'age-length prop'!AW58) -> 220277 | AZ58: =AS58+AT58 -> 640.91656 | BA58: =AT140 -> 447.44203 | BB58: =AS140 -> 0 | BC58: =VLOOKUP(AW58,'Individual Data'!$V$5:$AC$5544,8,FALSE) -> Abv | BD58: =IF(BC58="blw",AZ58*(1-$BA$4),AZ58*(1-$BA$3)) -> 624.89365 | BE58: =IF(BC58="blw",BA58*(1-$BA$4),BA58*(1-$BA$3)) -> 436.25598 | BF58: =IF(BC58="blw",BB58*(1-$BB$4),BB58*(1-$BB$3)) -> 0 | BI58: =AE58-Q58 -> 0 | BJ58: =AF58-R58 -> 0 | BK58: =AG58-S58 -> 0 | BL58: =AH58-T58 -> 0 | BM58: =AI58-U58 -> 0 | BN58: =AJ58-V58 -> 0 | BO58: =AK58-W58 -> 0.25088005 | BP58: =AL58-X58 -> 0.60971737 | ... BU58: =AQ58-AC58 -> 0 | BV58: =IFERROR(BW58/(BW58+BX58),0) -> 0.2739726 | BW58: =SUMIFS('Individual Data'!$X$6:$X$5544,'Individual Data'!$I$6:$I$5544,'age-length prop'!BW$7,'Individual Data'!$V$6:$V$5544,'age-length prop'!$B58,'Individual Data'!$R$6:$R$5544,'age-length prop'!$C58,'Individual Data'!$N$6:$N$5544,"F") -> 20 | BX58: =SUMIFS('Individual Data'!$X$6:$X$5544,'Individual Data'!$I$6:$I$5544,'age-length prop'!BX$7,'Individual Data'!$V$6:$V$5544,'age-length prop'!$B58,'Individual Data'!$R$6:$R$5544,'age-length prop'!$C58,'Individual Data'!$N$6:$N$5544,"F") -> 53 | BY58: =BI58*$BV58 -> 0 | BZ58: =BJ58*$BV58 -> 0 | CA58: =BK58*$BV58 -> 0 | CB58: =BL58*$BV58 -> 0 | CC58: =BM58*$BV58 -> 0 | CD58: =BN58*$BV58 -> 0 | CE58: =BO58*$BV58 -> 0.068734261 | CF58: =BP58*$BV58 -> 0.16704586 | ... CK58: =BU58*$BV58 -> 0 | CM58: =BI58*(1-$BV58) -> 0 | CN58: =BJ58*(1-$BV58) -> 0 | CO58: =BK58*(1-$BV58) -> 0 | CP58: =BL58*(1-$BV58) -> 0 | CQ58: =BM58*(1-$BV58) -> 0 | CR58: =BN58*(1-$BV58) -> 0 | CS58: =BO58*(1-$BV58) -> 0.18214579 | CT58: =BP58*(1-$BV58) -> 0.44267152 | ... CY58: =BU58*(1-$BV58) -> 0
