Workbook

Sheet Column Definitions
A1: Column name | B1: Definition
A2: Population | B2: IDFG Progeny database collection ID
A3: Individual | B3: IDFG Progeny database individual ID
A4: LGRScaleGeneticsIDLink | B4: Individual genetics ID in metadata provided to IDFG Eagle Genetics Lab
A5: DateSampled | B5: Date sampled at Lower Granite Dam
A6: PhenotypicSex | B6: Sex as identified at the Dam
A7: Length | B7: Fork Length
A8: Clip | B8: Adipose fin status - AD is for Ad-clipped, AI is for ad-intact
A9: Wire | B9: 1 if CWT present, NA if absent
A10: GenComments | B10: Lists all genetic duplicates and samples that failed to genotype
A11: GenSex | B11: Genetic sex
A12: GenPa | B12: IDFG Progeny database ID of the PBT assigned sire
... A17: RepUnitProb | B17: Probability of assignment to the given GSI reporting unit

Sheet pvt tbl
A4: Count of Individual | B4: Final group
A5: pooled FL | B5: BCA1 | C5: BCA2 | D5: CJA1 | E5: CJA2 | F5: PLA1 | G5: PLA2 | H5: Grand Total
A6: 42 | B6: 1 | D6: 1 | E6: 5 | G6: 3 | H6: 10
A7: 47 | B7: 9 | C7: 1 | D7: 13 | E7: 9 | F7: 8 | G7: 7 | H7: 47
A8: 52 | B8: 9 | C8: 3 | D8: 9 | E8: 3 | F8: 12 | G8: 5 | H8: 41
A9: 57 | B9: 10 | C9: 3 | D9: 6 | E9: 2 | F9: 5 | H9: 26
A10: 62 | B10: 21 | C10: 13 | D10: 14 | E10: 8 | F10: 14 | G10: 8 | H10: 78
A11: 67 | B11: 34 | C11: 15 | D11: 40 | E11: 14 | F11: 43 | G11: 10 | H11: 156
A12: 72 | B12: 30 | C12: 13 | D12: 43 | E12: 7 | F12: 34 | G12: 17 | H12: 144
A13: 77 | B13: 41 | C13: 9 | D13: 64 | E13: 12 | F13: 27 | G13: 14 | H13: 167
A14: 82 | B14: 18 | C14: 4 | D14: 27 | E14: 9 | F14: 14 | G14: 6 | H14: 78
A15: 87 | B15: 7 | C15: 4 | D15: 13 | F15: 9 | G15: 2 | H15: 35
A16: 92 | D16: 2 | F16: 3 | H16: 5
A17: 100 | F17: 1 | H17: 1
A18: Grand Total | B18: 180 | C18: 65 | D18: 232 | E18: 69 | F18: 170 | G18: 72 | H18: 788

Sheet Individual Data
C1: TSR | D1: Trap Rate | E1: effective TR | F1: Start date | G1: # genotyped | H1: # trapped | I1: genotype rate | AC1: sum @ LGR | AD1: Window count | AP1: trap rate | AQ1: expd | AR1: window
C2: 70 | D2: 0.7 | E2: ='LGD window'!O39 -> 0.65333638 | F2: 45522 | G2: 286 | H2: 2892 | I2: =G2/H2 -> 0.098893499 | U2: NG | V2: =COUNTIF(V7:V5545,"NG") -> 36 | X2: sum | Y2: sum | Z2: sum | AA2: =SUM(AA7:AA5545) -> 11786.584 | AB2: =SUM(AB7:AB5545) -> 11786.71 | AC2: =SUM(AC7:AC5545) -> 41063.155 | AD2: =SUM('LGD window'!Q39:Q42) -> 2559 | AG2: fallback/reassension | AL2: fallback only | AP2: 70 | AQ2: =SUMIF($E$7:$E$2565,"70",$AC$7:$AC$2565) -> 4129.4151 | AR2: 4376
C3: 40 | D3: 0.4 | E3: ='LGD window'!O40 -> 0.39762975 | F3: 45531 | G3: 649 | H3: 3909 | I3: =G3/H3 -> 0.16602712 | S3: Run year | U3: total | V3: =SUM(X7:X5545) -> 2559 | X3: =SUM(X7:X5545) -> 2559 | Y3: =SUM(Y7:Y5545) -> 2559.3239 | AH3: jack | AI3: adlt | AM3: jack | AN3: adlt | AP3: 40 | AQ3: =SUMIF($E$7:$E$2565,"40",$AC$7:$AC$2565) -> 9758.8035 | AR3: 9788
C4: 18 | D4: 0.18 | E4: ='LGD window'!O41 -> 0.17875244 | F4: 45542 | G4: 1492 | H4: 4484 | I4: =G4/H4 -> 0.33273863 | S4: 2024 | U4: % NG | V4: =V2/V3 -> 0.014067995 | AG4: abv | AH4: 0.074 | AI4: 0.024 | AL4: abv | AM4: 0 | AN4: 0 | AP4: 18 | AQ4: =SUMIF($E$7:$E$2565,"18",$AC$7:$AC$2565) -> 24919.995 | AR4: 24930
C5: 9 | D5: 0.09 | E5: ='LGD window'!O42 -> 0.08412483 | F5: 45577 | G5: 132 | H5: 203 | I5: =G5/H5 -> 0.65024631 | AB5: 0 | AG5: blw | AH5: 0.29 | AI5: 0.33 | AL5: blw | AM5: 0.36 | AN5: 0.19 | AP5: 9 | AQ5: =SUMIF($E$7:$E$2565,"9",$AC$7:$AC$2565) -> 2254.9411 | AR5: 2163
A6: Population | B6: Individual | C6: LGRScaleGeneticsIDLink | D6: DateSampled | E6: sample rate | F6: PhenotypicSex | G6: FL mm | H6: FL cm | I6: Clip | J6: Wire | K6: PIT tag | L6: GenComments | M6: GenSex | N6: best sex | O6: GenPa | P6: GenMa | Q6: PopName | R6: agePBT | S6: Brd Yr | T6: GSIRepUnit | U6: RepUnitProb | V6: Final group | W6: Tag rate | X6: count | Y6: NG proportioning | Z6: pooled FL | AA6: trap rate expansion | AB6: tag rate expansion | AC6: PBT geno rate expansion | AD6: rel abv/blw LGR
A7: OtsLGRF24S | B7: OtsLGRF24S_0005 | C7: C-00005 | D7: 45522 | E7: =IF(AND(D7>=$F$2,D7<$F$3),70,IF(AND(D7>=$F$3,D7<$F$4),40,IF(AND(D7>=$F$4,D7<$F$5),18,9))) -> 70 | F7: M | G7: 700 | H7: =G7/10 -> 70 | I7: AI | J7: NA | K7: 3DD.0078C31710 | L7: NA | M7: M | N7: =IF(M7="U",F7,M7) -> M | O7: OtsNPFH20S_1_0082 | P7: OtsNPFH20S_1_0037 | Q7: OtsNPFH20S_1 | R7: 4 | S7: =IFERROR($S$4-R7,"U") -> 2020 | T7: FALL | U7: 1 | V7: NPTH | W7: =VLOOKUP(Q7,'PBT Tag Rates'!$A$6:$D$67,4,FALSE) -> 0.98845609 | X7: 1 | Y7: =IF(V7="ng",0,X7+(SUMIFS($AK$24:$AK$127,$AG$24:$AG$127,$N7,$AH$24:$AH$127,$Z7,$AF$24:$AF$127,$E7))) -> 1.0952381 | Z7: =IFERROR(LOOKUP(H7,{30,43,48,53,58,63,68,73,78,83,88,93,97},{42,47,52,57,62,67,72,77,82,87,92,99,100}),999) -> 72 | AA7: =Y7/(VLOOKUP(E7,$C$2:$I$5,2,FALSE)) -> 1.5646259 | AB7: =IFERROR(IF(I7="AI",AA7-VLOOKUP(Q7,'PBT Tag Rates'!$A$6:$L$53,11,FALSE),AA7-VLOOKUP(Q7,'PBT Tag Rates'!$A$6:$L$53,12,FALSE)),0) -> 1.5763046 | AC7: =AB7/(VLOOKUP(E7,$C$2:$I$5,7,FALSE)) -> 15.939416 | AD7: Abv | AH7: Jack fallback/reascension rate was corrected on 10/20/2026
A8: OtsLGRF24S | B8: OtsLGRF24S_0015 | C8: C-00015 | D8: 45522 | E8: =IF(AND(D8>=$F$2,D8<$F$3),70,IF(AND(D8>=$F$3,D8<$F$4),40,IF(AND(D8>=$F$4,D8<$F$5),18,9))) -> 70 | F8: F | G8: 690 | H8: =G8/10 -> 69 | I8: AD | J8: 1 | K8: NA | L8: NA | M8: F | N8: =IF(M8="U",F8,M8) -> F | O8: OtsLYON20S_1_0297 | P8: OtsLYON20S_1_1059 | Q8: OtsLYON20S_1 | R8: 4 | S8: =IFERROR($S$4-R8,"U") -> 2020 | T8: FALL | U8: 1 | V8: CJA1 | W8: =VLOOKUP(Q8,'PBT Tag Rates'!$A$6:$D$67,4,FALSE) -> 0.98961046 | X8: 1 | Y8: =IF(V8="ng",0,X8+(SUMIFS($AK$24:$AK$127,$AG$24:$AG$127,$N8,$AH$24:$AH$127,$Z8,$AF$24:$AF$127,$E8))) -> 1.0666667 | Z8: =IFERROR(LOOKUP(H8,{30,43,48,53,58,63,68,73,78,83,88,93,97},{42,47,52,57,62,67,72,77,82,87,92,99,100}),999) -> 72 | AA8: =Y8/(VLOOKUP(E8,$C$2:$I$5,2,FALSE)) -> 1.5238095 | AB8: =IFERROR(IF(I8="AI",AA8-VLOOKUP(Q8,'PBT Tag Rates'!$A$6:$L$53,11,FALSE),AA8-VLOOKUP(Q8,'PBT Tag Rates'!$A$6:$L$53,12,FALSE)),0) -> 1.5343081 | AC8: =AB8/(VLOOKUP(E8,$C$2:$I$5,7,FALSE)) -> 15.514752 | AD8: Abv | AH8: it was 0.026, not .026
A9: OtsLGRF24S | B9: OtsLGRF24S_0025 | C9: C-00025 | D9: 45522 | E9: =IF(AND(D9>=$F$2,D9<$F$3),70,IF(AND(D9>=$F$3,D9<$F$4),40,IF(AND(D9>=$F$4,D9<$F$5),18,9))) -> 70 | F9: M | G9: 740 | H9: =G9/10 -> 74 | I9: AI | J9: NA | K9: 3DD.0078C316E3 | L9: NA | M9: M | N9: =IF(M9="U",F9,M9) -> M | O9: OtsLYON20S_1_0254 | P9: OtsLYON20S_1_0133 | Q9: OtsLYON20S_1 | R9: 4 | S9: =IFERROR($S$4-R9,"U") -> 2020 | T9: FALL | U9: 1 | V9: BCA1 | W9: =VLOOKUP(Q9,'PBT Tag Rates'!$A$6:$D$67,4,FALSE) -> 0.98961046 | X9: 1 | Y9: =IF(V9="ng",0,X9+(SUMIFS($AK$24:$AK$127,$AG$24:$AG$127,$N9,$AH$24:$AH$127,$Z9,$AF$24:$AF$127,$E9))) -> 1.0555556 | Z9: =IFERROR(LOOKUP(H9,{30,43,48,53,58,63,68,73,78,83,88,93,97},{42,47,52,57,62,67,72,77,82,87,92,99,100}),999) -> 77 | AA9: =Y9/(VLOOKUP(E9,$C$2:$I$5,2,FALSE)) -> 1.5079365 | AB9: =IFERROR(IF(I9="AI",AA9-VLOOKUP(Q9,'PBT Tag Rates'!$A$6:$L$53,11,FALSE),AA9-VLOOKUP(Q9,'PBT Tag Rates'!$A$6:$L$53,12,FALSE)),0) -> 1.5184351 | AC9: =AB9/(VLOOKUP(E9,$C$2:$I$5,7,FALSE)) -> 15.354246 | AD9: Abv
A10: OtsLGRF24S | B10: OtsLGRF24S_0035 | C10: C-00035 | D10: 45522 | E10: =IF(AND(D10>=$F$2,D10<$F$3),70,IF(AND(D10>=$F$3,D10<$F$4),40,IF(AND(D10>=$F$4,D10<$F$5),18,9))) -> 70 | F10: M | G10: 700 | H10: =G10/10 -> 70 | I10: AD | J10: 1 | K10: 3DD.0078C2F0EE | L10: NA | M10: M | N10: =IF(M10="U",F10,M10) -> M | O10: OtsLYON20S_1_1446 | P10: OtsLYON20S_1_1240 | Q10: OtsLYON20S_1 | R10: 4 | S10: =IFERROR($S$4-R10,"U") -> 2020 | T10: FALL | U10: 1 | V10: LFYO | W10: =VLOOKUP(Q10,'PBT Tag Rates'!$A$6:$D$67,4,FALSE) -> 0.98961046 | X10: 1 | Y10: =IF(V10="ng",0,X10+(SUMIFS($AK$24:$AK$127,$AG$24:$AG$127,$N10,$AH$24:$AH$127,$Z10,$AF$24:$AF$127,$E10))) -> 1.0952381 | Z10: =IFERROR(LOOKUP(H10,{30,43,48,53,58,63,68,73,78,83,88,93,97},{42,47,52,57,62,67,72,77,82,87,92,99,100}),999) -> 72 | AA10: =Y10/(VLOOKUP(E10,$C$2:$I$5,2,FALSE)) -> 1.5646259 | AB10: =IFERROR(IF(I10="AI",AA10-VLOOKUP(Q10,'PBT Tag Rates'!$A$6:$L$53,11,FALSE),AA10-VLOOKUP(Q10,'PBT Tag Rates'!$A$6:$L$53,12,FALSE)),0) -> 1.5751245 | AC10: =AB10/(VLOOKUP(E10,$C$2:$I$5,7,FALSE)) -> 15.927482 | AD10: blw
A11: OtsLGRF24S | B11: OtsLGRF24S_0045 | C11: C-00045 | D11: 45522 | E11: =IF(AND(D11>=$F$2,D11<$F$3),70,IF(AND(D11>=$F$3,D11<$F$4),40,IF(AND(D11>=$F$4,D11<$F$5),18,9))) -> 70 | F11: M | G11: 470 | H11: =G11/10 -> 47 | I11: AI | J11: NA | K11: NA | L11: NA | M11: M | N11: =IF(M11="U",F11,M11) -> M | O11: OtsLYON22S_1_0434 | P11: OtsLYON22S_1_4222 | Q11: OtsLYON22S_1 | R11: 2 | S11: =IFERROR($S$4-R11,"U") -> 2022 | T11: FALL | U11: 1 | V11: IPCSR | W11: =VLOOKUP(Q11,'PBT Tag Rates'!$A$6:$D$67,4,FALSE) -> 0.98 | X11: 1 | Y11: =IF(V11="ng",0,X11+(SUMIFS($AK$24:$AK$127,$AG$24:$AG$127,$N11,$AH$24:$AH$127,$Z11,$AF$24:$AF$127,$E11))) -> 1 | Z11: =IFERROR(LOOKUP(H11,{30,43,48,53,58,63,68,73,78,83,88,93,97},{42,47,52,57,62,67,72,77,82,87,92,99,100}),999) -> 47 | AA11: =Y11/(VLOOKUP(E11,$C$2:$I$5,2,FALSE)) -> 1.4285714 | AB11: =IFERROR(IF(I11="AI",AA11-VLOOKUP(Q11,'PBT Tag Rates'!$A$6:$L$53,11,FALSE),AA11-VLOOKUP(Q11,'PBT Tag Rates'!$A$6:$L$53,12,FALSE)),0) -> 1.4489796 | AC11: =AB11/(VLOOKUP(E11,$C$2:$I$5,7,FALSE)) -> 14.65192 | AD11: Abv
A12: OtsLGRF24S | B12: OtsLGRF24S_0055 | C12: C-00055 | D12: 45522 | E12: =IF(AND(D12>=$F$2,D12<$F$3),70,IF(AND(D12>=$F$3,D12<$F$4),40,IF(AND(D12>=$F$4,D12<$F$5),18,9))) -> 70 | F12: F | G12: 850 | H12: =G12/10 -> 85 | I12: AI | J12: NA | K12: 3DD.003D7E4642 | L12: NA | M12: F | N12: =IF(M12="U",F12,M12) -> F | O12: NA | P12: NA | Q12: Unassigned | R12: NA | S12: =IFERROR($S$4-R12,"U") -> U | T12: FALL | U12: 1 | V12: NA | W12: =VLOOKUP(Q12,'PBT Tag Rates'!$A$6:$D$67,4,FALSE) -> 1 | X12: 1 | Y12: =IF(V12="ng",0,X12+(SUMIFS($AK$24:$AK$127,$AG$24:$AG$127,$N12,$AH$24:$AH$127,$Z12,$AF$24:$AF$127,$E12))) -> 1 | Z12: =IFERROR(LOOKUP(H12,{30,43,48,53,58,63,68,73,78,83,88,93,97},{42,47,52,57,62,67,72,77,82,87,92,99,100}),999) -> 87 | AA12: =Y12/(VLOOKUP(E12,$C$2:$I$5,2,FALSE)) -> 1.4285714 | AB12: =IFERROR(IF(I12="AI",AA12-VLOOKUP(Q12,'PBT Tag Rates'!$A$6:$L$53,11,FALSE),AA12-VLOOKUP(Q12,'PBT Tag Rates'!$A$6:$L$53,12,FALSE)),0) -> 1.3872683 | AC12: =AB12/(VLOOKUP(E12,$C$2:$I$5,7,FALSE)) -> 14.027902 | AD12: Abv
A13: OtsLGRF24S | B13: OtsLGRF24S_0065 | C13: C-00065 | D13: 45522 | E13: =IF(AND(D13>=$F$2,D13<$F$3),70,IF(AND(D13>=$F$3,D13<$F$4),40,IF(AND(D13>=$F$4,D13<$F$5),18,9))) -> 70 | F13: M | G13: 460 | H13: =G13/10 -> 46 | I13: AD | J13: 1 | K13: NA | L13: NA | M13: M | N13: =IF(M13="U",F13,M13) -> M | O13: OtsLYON22S_1_0238 | P13: OtsLYON22S_1_3238 | Q13: OtsLYON22S_1 | R13: 2 | S13: =IFERROR($S$4-R13,"U") -> 2022 | T13: FALL | U13: 1 | V13: CJA2 | W13: =VLOOKUP(Q13,'PBT Tag Rates'!$A$6:$D$67,4,FALSE) -> 0.98 | X13: 1 | Y13: =IF(V13="ng",0,X13+(SUMIFS($AK$24:$AK$127,$AG$24:$AG$127,$N13,$AH$24:$AH$127,$Z13,$AF$24:$AF$127,$E13))) -> 1 | Z13: =IFERROR(LOOKUP(H13,{30,43,48,53,58,63,68,73,78,83,88,93,97},{42,47,52,57,62,67,72,77,82,87,92,99,100}),999) -> 47 | AA13: =Y13/(VLOOKUP(E13,$C$2:$I$5,2,FALSE)) -> 1.4285714 | AB13: =IFERROR(IF(I13="AI",AA13-VLOOKUP(Q13,'PBT Tag Rates'!$A$6:$L$53,11,FALSE),AA13-VLOOKUP(Q13,'PBT Tag Rates'!$A$6:$L$53,12,FALSE)),0) -> 1.4489796 | AC13: =AB13/(VLOOKUP(E13,$C$2:$I$5,7,FALSE)) -> 14.65192 | AD13: Abv
A14: OtsLGRF24S | B14: OtsLGRF24S_0075 | C14: C-00075 | D14: 45522 | E14: =IF(AND(D14>=$F$2,D14<$F$3),70,IF(AND(D14>=$F$3,D14<$F$4),40,IF(AND(D14>=$F$4,D14<$F$5),18,9))) -> 70 | F14: M | G14: 820 | H14: =G14/10 -> 82 | I14: AI | J14: NA | K14: 3DD.0078C2F124 | L14: NA | M14: M | N14: =IF(M14="U",F14,M14) -> M | O14: NA | P14: NA | Q14: Unassigned | R14: NA | S14: =IFERROR($S$4-R14,"U") -> U | T14: FALL | U14: 1 | V14: NA | W14: =VLOOKUP(Q14,'PBT Tag Rates'!$A$6:$D$67,4,FALSE) -> 1 | X14: 1 | Y14: =IF(V14="ng",0,X14+(SUMIFS($AK$24:$AK$127,$AG$24:$AG$127,$N14,$AH$24:$AH$127,$Z14,$AF$24:$AF$127,$E14))) -> 1.025 | Z14: =IFERROR(LOOKUP(H14,{30,43,48,53,58,63,68,73,78,83,88,93,97},{42,47,52,57,62,67,72,77,82,87,92,99,100}),999) -> 82 | AA14: =Y14/(VLOOKUP(E14,$C$2:$I$5,2,FALSE)) -> 1.4642857 | AB14: =IFERROR(IF(I14="AI",AA14-VLOOKUP(Q14,'PBT Tag Rates'!$A$6:$L$53,11,FALSE),AA14-VLOOKUP(Q14,'PBT Tag Rates'!$A$6:$L$53,12,FALSE)),0) -> 1.4229826 | AC14: =AB14/(VLOOKUP(E14,$C$2:$I$5,7,FALSE)) -> 14.389041 | AD14: Abv
A15: OtsLGRF24S | B15: OtsLGRF24S_0085 | C15: C-00085 | D15: 45522 | E15: =IF(AND(D15>=$F$2,D15<$F$3),70,IF(AND(D15>=$F$3,D15<$F$4),40,IF(AND(D15>=$F$4,D15<$F$5),18,9))) -> 70 | F15: F | G15: 790 | H15: =G15/10 -> 79 | I15: AD | J15: 1 | K15: 3DD.0078C2F106 | L15: NA | M15: F | N15: =IF(M15="U",F15,M15) -> F | O15: OtsNPFH19S_1_3349 | P15: OtsNPFH19S_1_3107 | Q15: OtsNPFH19S_1 | R15: 5 | S15: =IFERROR($S$4-R15,"U") -> 2019 | T15: FALL | U15: 1 | V15: NLVA | W15: =VLOOKUP(Q15,'PBT Tag Rates'!$A$6:$D$67,4,FALSE) -> 0.99705232 | X15: 1 | Y15: =IF(V15="ng",0,X15+(SUMIFS($AK$24:$AK$127,$AG$24:$AG$127,$N15,$AH$24:$AH$127,$Z15,$AF$24:$AF$127,$E15))) -> 1.137931 | Z15: =IFERROR(LOOKUP(H15,{30,43,48,53,58,63,68,73,78,83,88,93,97},{42,47,52,57,62,67,72,77,82,87,92,99,100}),999) -> 82 | AA15: =Y15/(VLOOKUP(E15,$C$2:$I$5,2,FALSE)) -> 1.6256158 | AB15: =IFERROR(IF(I15="AI",AA15-VLOOKUP(Q15,'PBT Tag Rates'!$A$6:$L$53,11,FALSE),AA15-VLOOKUP(Q15,'PBT Tag Rates'!$A$6:$L$53,12,FALSE)),0) -> 1.6285722 | AC15: =AB15/(VLOOKUP(E15,$C$2:$I$5,7,FALSE)) -> 16.467939 | AD15: Abv
A16: OtsLGRF24S | B16: OtsLGRF24S_0095 | C16: C-00095 | D16: 45522 | E16: =IF(AND(D16>=$F$2,D16<$F$3),70,IF(AND(D16>=$F$3,D16<$F$4),40,IF(AND(D16>=$F$4,D16<$F$5),18,9))) -> 70 | F16: M | G16: 770 | H16: =G16/10 -> 77 | I16: AI | J16: NA | K16: 3DD.0078C31720 | L16: NA | M16: M | N16: =IF(M16="U",F16,M16) -> M | O16: OtsNPFH20S_1_0364 | P16: OtsNPFH20S_1_0329 | Q16: OtsNPFH20S_1 | R16: 4 | S16: =IFERROR($S$4-R16,"U") -> 2020 | T16: FALL | U16: 1 | V16: CFA | W16: =VLOOKUP(Q16,'PBT Tag Rates'!$A$6:$D$67,4,FALSE) -> 0.98845609 | X16: 1 | Y16: =IF(V16="ng",0,X16+(SUMIFS($AK$24:$AK$127,$AG$24:$AG$127,$N16,$AH$24:$AH$127,$Z16,$AF$24:$AF$127,$E16))) -> 1.0555556 | Z16: =IFERROR(LOOKUP(H16,{30,43,48,53,58,63,68,73,78,83,88,93,97},{42,47,52,57,62,67,72,77,82,87,92,99,100}),999) -> 77 | AA16: =Y16/(VLOOKUP(E16,$C$2:$I$5,2,FALSE)) -> 1.5079365 | AB16: =IFERROR(IF(I16="AI",AA16-VLOOKUP(Q16,'PBT Tag Rates'!$A$6:$L$53,11,FALSE),AA16-VLOOKUP(Q16,'PBT Tag Rates'!$A$6:$L$53,12,FALSE)),0) -> 1.5196152 | AC16: =AB16/(VLOOKUP(E16,$C$2:$I$5,7,FALSE)) -> 15.366179 | AD16: Abv
A17: OtsLGRF24S | B17: OtsLGRF24S_0105 | C17: C-00105 | D17: 45522 | E17: =IF(AND(D17>=$F$2,D17<$F$3),70,IF(AND(D17>=$F$3,D17<$F$4),40,IF(AND(D17>=$F$4,D17<$F$5),18,9))) -> 70 | F17: M | G17: 700 | H17: =G17/10 -> 70 | I17: AD | J17: 1 | K17: 3DD.0078C316BF | L17: NA | M17: M | N17: =IF(M17="U",F17,M17) -> M | O17: OtsLYON20S_1_1331 | P17: OtsLYON20S_1_0868 | Q17: OtsLYON20S_1 | R17: 4 | S17: =IFERROR($S$4-R17,"U") -> 2020 | T17: FALL | U17: 1 | V17: PLA2 | W17: =VLOOKUP(Q17,'PBT Tag Rates'!$A$6:$D$67,4,FALSE) -> 0.98961046 | X17: 1 | Y17: =IF(V17="ng",0,X17+(SUMIFS($AK$24:$AK$127,$AG$24:$AG$127,$N17,$AH$24:$AH$127,$Z17,$AF$24:$AF$127,$E17))) -> 1.0952381 | Z17: =IFERROR(LOOKUP(H17,{30,43,48,53,58,63,68,73,78,83,88,93,97},{42,47,52,57,62,67,72,77,82,87,92,99,100}),999) -> 72 | AA17: =Y17/(VLOOKUP(E17,$C$2:$I$5,2,FALSE)) -> 1.5646259 | AB17: =IFERROR(IF(I17="AI",AA17-VLOOKUP(Q17,'PBT Tag Rates'!$A$6:$L$53,11,FALSE),AA17-VLOOKUP(Q17,'PBT Tag Rates'!$A$6:$L$53,12,FALSE)),0) -> 1.5751245 | AC17: =AB17/(VLOOKUP(E17,$C$2:$I$5,7,FALSE)) -> 15.927482 | AD17: Abv
A18: OtsLGRF24S | B18: OtsLGRF24S_0115 | C18: C-00115 | D18: 45522 | E18: =IF(AND(D18>=$F$2,D18<$F$3),70,IF(AND(D18>=$F$3,D18<$F$4),40,IF(AND(D18>=$F$4,D18<$F$5),18,9))) -> 70 | F18: M | G18: 720 | H18: =G18/10 -> 72 | I18: AI | J18: NA | K18: 3DD.0078C31715 | L18: NA | M18: M | N18: =IF(M18="U",F18,M18) -> M | O18: NA | P18: NA | Q18: Unassigned | R18: NA | S18: =IFERROR($S$4-R18,"U") -> U | T18: FALL | U18: 1 | V18: NA | W18: =VLOOKUP(Q18,'PBT Tag Rates'!$A$6:$D$67,4,FALSE) -> 1 | X18: 1 | Y18: =IF(V18="ng",0,X18+(SUMIFS($AK$24:$AK$127,$AG$24:$AG$127,$N18,$AH$24:$AH$127,$Z18,$AF$24:$AF$127,$E18))) -> 1.0952381 | Z18: =IFERROR(LOOKUP(H18,{30,43,48,53,58,63,68,73,78,83,88,93,97},{42,47,52,57,62,67,72,77,82,87,92,99,100}),999) -> 72 | AA18: =Y18/(VLOOKUP(E18,$C$2:$I$5,2,FALSE)) -> 1.5646259 | AB18: =IFERROR(IF(I18="AI",AA18-VLOOKUP(Q18,'PBT Tag Rates'!$A$6:$L$53,11,FALSE),AA18-VLOOKUP(Q18,'PBT Tag Rates'!$A$6:$L$53,12,FALSE)),0) -> 1.5233227 | AC18: =AB18/(VLOOKUP(E18,$C$2:$I$5,7,FALSE)) -> 15.403669 | AD18: Abv
A19: OtsLGRF24S | B19: OtsLGRF24S_0125 | C19: C-00125 | D19: 45522 | E19: =IF(AND(D19>=$F$2,D19<$F$3),70,IF(AND(D19>=$F$3,D19<$F$4),40,IF(AND(D19>=$F$4,D19<$F$5),18,9))) -> 70 | F19: M | G19: 830 | H19: =G19/10 -> 83 | I19: AI | J19: NA | K19: 3DD.0078C316C7 | L19: NA | M19: M | N19: =IF(M19="U",F19,M19) -> M | O19: OtsLYON20S_1_0284 | P19: OtsLYON20S_1_1044 | Q19: OtsLYON20S_1 | R19: 4 | S19: =IFERROR($S$4-R19,"U") -> 2020 | T19: FALL | U19: 1 | V19: CJA1 | W19: =VLOOKUP(Q19,'PBT Tag Rates'!$A$6:$D$67,4,FALSE) -> 0.98961046 | X19: 1 | Y19: =IF(V19="ng",0,X19+(SUMIFS($AK$24:$AK$127,$AG$24:$AG$127,$N19,$AH$24:$AH$127,$Z19,$AF$24:$AF$127,$E19))) -> 1 | Z19: =IFERROR(LOOKUP(H19,{30,43,48,53,58,63,68,73,78,83,88,93,97},{42,47,52,57,62,67,72,77,82,87,92,99,100}),999) -> 87 | AA19: =Y19/(VLOOKUP(E19,$C$2:$I$5,2,FALSE)) -> 1.4285714 | AB19: =IFERROR(IF(I19="AI",AA19-VLOOKUP(Q19,'PBT Tag Rates'!$A$6:$L$53,11,FALSE),AA19-VLOOKUP(Q19,'PBT Tag Rates'!$A$6:$L$53,12,FALSE)),0) -> 1.43907 | AC19: =AB19/(VLOOKUP(E19,$C$2:$I$5,7,FALSE)) -> 14.551715 | AD19: Abv
A20: OtsLGRF24S | B20: OtsLGRF24S_0135 | C20: C-00135 | D20: 45522 | E20: =IF(AND(D20>=$F$2,D20<$F$3),70,IF(AND(D20>=$F$3,D20<$F$4),40,IF(AND(D20>=$F$4,D20<$F$5),18,9))) -> 70 | F20: F | G20: 780 | H20: =G20/10 -> 78 | I20: AD | J20: NA | K20: 3DD.0078C316FF | L20: NA | M20: F | N20: =IF(M20="U",F20,M20) -> F | O20: OtsLYON19S_1_1317 | P20: OtsLYON19S_1_1233 | Q20: OtsLYON19S_1 | R20: 5 | S20: =IFERROR($S$4-R20,"U") -> 2019 | T20: FALL | U20: 1 | V20: CJA2 | W20: =VLOOKUP(Q20,'PBT Tag Rates'!$A$6:$D$67,4,FALSE) -> 0.95971981 | X20: 1 | Y20: =IF(V20="ng",0,X20+(SUMIFS($AK$24:$AK$127,$AG$24:$AG$127,$N20,$AH$24:$AH$127,$Z20,$AF$24:$AF$127,$E20))) -> 1.137931 | Z20: =IFERROR(LOOKUP(H20,{30,43,48,53,58,63,68,73,78,83,88,93,97},{42,47,52,57,62,67,72,77,82,87,92,99,100}),999) -> 82 | AA20: =Y20/(VLOOKUP(E20,$C$2:$I$5,2,FALSE)) -> 1.6256158 | AB20: =IFERROR(IF(I20="AI",AA20-VLOOKUP(Q20,'PBT Tag Rates'!$A$6:$L$53,11,FALSE),AA20-VLOOKUP(Q20,'PBT Tag Rates'!$A$6:$L$53,12,FALSE)),0) -> 1.6675865 | AC20: =AB20/(VLOOKUP(E20,$C$2:$I$5,7,FALSE)) -> 16.862449 | AD20: Abv
A21: OtsLGRF24S | B21: OtsLGRF24S_0145 | C21: C-00145 | D21: 45522 | E21: =IF(AND(D21>=$F$2,D21<$F$3),70,IF(AND(D21>=$F$3,D21<$F$4),40,IF(AND(D21>=$F$4,D21<$F$5),18,9))) -> 70 | F21: F | G21: 820 | H21: =G21/10 -> 82 | I21: AI | J21: NA | K21: 3DD.0078C3171C | L21: NA | M21: F | N21: =IF(M21="U",F21,M21) -> F | O21: NA | P21: NA | Q21: Unassigned | R21: NA | S21: =IFERROR($S$4-R21,"U") -> U | T21: FALL | U21: 1 | V21: NA | W21: =VLOOKUP(Q21,'PBT Tag Rates'!$A$6:$D$67,4,FALSE) -> 1 | X21: 1 | Y21: =IF(V21="ng",0,X21+(SUMIFS($AK$24:$AK$127,$AG$24:$AG$127,$N21,$AH$24:$AH$127,$Z21,$AF$24:$AF$127,$E21))) -> 1.137931 | Z21: =IFERROR(LOOKUP(H21,{30,43,48,53,58,63,68,73,78,83,88,93,97},{42,47,52,57,62,67,72,77,82,87,92,99,100}),999) -> 82 | AA21: =Y21/(VLOOKUP(E21,$C$2:$I$5,2,FALSE)) -> 1.6256158 | AB21: =IFERROR(IF(I21="AI",AA21-VLOOKUP(Q21,'PBT Tag Rates'!$A$6:$L$53,11,FALSE),AA21-VLOOKUP(Q21,'PBT Tag Rates'!$A$6:$L$53,12,FALSE)),0) -> 1.5843126 | AC21: =AB21/(VLOOKUP(E21,$C$2:$I$5,7,FALSE)) -> 16.020392 | AD21: Abv | AF21: NG proportion table
A22: OtsLGRF24S | B22: OtsLGRF24S_0155 | C22: C-00155 | D22: 45522 | E22: =IF(AND(D22>=$F$2,D22<$F$3),70,IF(AND(D22>=$F$3,D22<$F$4),40,IF(AND(D22>=$F$4,D22<$F$5),18,9))) -> 70 | F22: F | G22: 830 | H22: =G22/10 -> 83 | I22: AI | J22: NA | K22: 3DD.0078C316E1 | L22: NA | M22: F | N22: =IF(M22="U",F22,M22) -> F | O22: NA | P22: NA | Q22: Unassigned | R22: NA | S22: =IFERROR($S$4-R22,"U") -> U | T22: FALL | U22: 1 | V22: NA | W22: =VLOOKUP(Q22,'PBT Tag Rates'!$A$6:$D$67,4,FALSE) -> 1 | X22: 1 | Y22: =IF(V22="ng",0,X22+(SUMIFS($AK$24:$AK$127,$AG$24:$AG$127,$N22,$AH$24:$AH$127,$Z22,$AF$24:$AF$127,$E22))) -> 1 | Z22: =IFERROR(LOOKUP(H22,{30,43,48,53,58,63,68,73,78,83,88,93,97},{42,47,52,57,62,67,72,77,82,87,92,99,100}),999) -> 87 | AA22: =Y22/(VLOOKUP(E22,$C$2:$I$5,2,FALSE)) -> 1.4285714 | AB22: =IFERROR(IF(I22="AI",AA22-VLOOKUP(Q22,'PBT Tag Rates'!$A$6:$L$53,11,FALSE),AA22-VLOOKUP(Q22,'PBT Tag Rates'!$A$6:$L$53,12,FALSE)),0) -> 1.3872683 | AC22: =AB22/(VLOOKUP(E22,$C$2:$I$5,7,FALSE)) -> 14.027902 | AD22: Abv | AI22: =SUM(AI24:AI127) -> 36 | AJ22: =SUM(AJ24:AJ127) -> 2558 | AK22: =SUM(AK24:AK127) -> 2.0599976 | AM22: =SUM(AM24:AM127) -> 36
A23: OtsLGRF24S | B23: OtsLGRF24S_0165 | C23: C-00165 | D23: 45522 | E23: =IF(AND(D23>=$F$2,D23<$F$3),70,IF(AND(D23>=$F$3,D23<$F$4),40,IF(AND(D23>=$F$4,D23<$F$5),18,9))) -> 70 | F23: M | G23: 840 | H23: =G23/10 -> 84 | I23: AD | J23: NA | K23: 3DD.0078C31718 | L23: NA | M23: M | N23: =IF(M23="U",F23,M23) -> M | O23: OtsLYON19S_1_0560 | P23: OtsLYON19S_1_0462 | Q23: OtsLYON19S_1 | R23: 5 | S23: =IFERROR($S$4-R23,"U") -> 2019 | T23: FALL | U23: 1 | V23: LFSO | W23: =VLOOKUP(Q23,'PBT Tag Rates'!$A$6:$D$67,4,FALSE) -> 0.95971981 | X23: 1 | Y23: =IF(V23="ng",0,X23+(SUMIFS($AK$24:$AK$127,$AG$24:$AG$127,$N23,$AH$24:$AH$127,$Z23,$AF$24:$AF$127,$E23))) -> 1 | Z23: =IFERROR(LOOKUP(H23,{30,43,48,53,58,63,68,73,78,83,88,93,97},{42,47,52,57,62,67,72,77,82,87,92,99,100}),999) -> 87 | AA23: =Y23/(VLOOKUP(E23,$C$2:$I$5,2,FALSE)) -> 1.4285714 | AB23: =IFERROR(IF(I23="AI",AA23-VLOOKUP(Q23,'PBT Tag Rates'!$A$6:$L$53,11,FALSE),AA23-VLOOKUP(Q23,'PBT Tag Rates'!$A$6:$L$53,12,FALSE)),0) -> 1.4705422 | AC23: =AB23/(VLOOKUP(E23,$C$2:$I$5,7,FALSE)) -> 14.869958 | AD23: Abv | AI23: NG | AJ23: total | AK23: Prop NG | AM23: sum NG
A24: OtsLGRF24S | B24: OtsLGRF24S_0175 | C24: C-00175 | D24: 45522 | E24: =IF(AND(D24>=$F$2,D24<$F$3),70,IF(AND(D24>=$F$3,D24<$F$4),40,IF(AND(D24>=$F$4,D24<$F$5),18,9))) -> 70 | F24: M | G24: 690 | H24: =G24/10 -> 69 | I24: AI | J24: NA | K24: NA | L24: NA | M24: M | N24: =IF(M24="U",F24,M24) -> M | O24: OtsLYON21S_1_0796 | P24: OtsLYON21S_1_1611 | Q24: OtsLYON21S_1 | R24: 3 | S24: =IFERROR($S$4-R24,"U") -> 2021 | T24: FALL | U24: 1 | V24: LFSO | W24: =VLOOKUP(Q24,'PBT Tag Rates'!$A$6:$D$67,4,FALSE) -> 0.9814 | X24: 1 | Y24: =IF(V24="ng",0,X24+(SUMIFS($AK$24:$AK$127,$AG$24:$AG$127,$N24,$AH$24:$AH$127,$Z24,$AF$24:$AF$127,$E24))) -> 1.0952381 | Z24: =IFERROR(LOOKUP(H24,{30,43,48,53,58,63,68,73,78,83,88,93,97},{42,47,52,57,62,67,72,77,82,87,92,99,100}),999) -> 72 | AA24: =Y24/(VLOOKUP(E24,$C$2:$I$5,2,FALSE)) -> 1.5646259 | AB24: =IFERROR(IF(I24="AI",AA24-VLOOKUP(Q24,'PBT Tag Rates'!$A$6:$L$53,11,FALSE),AA24-VLOOKUP(Q24,'PBT Tag Rates'!$A$6:$L$53,12,FALSE)),0) -> 1.5835784 | AC24: =AB24/(VLOOKUP(E24,$C$2:$I$5,7,FALSE)) -> 16.012967 | AD24: Abv | AF24: 18 | AG24: F | AH24: 42 | AI24: =SUMIFS($X$7:$X$5545,$Z$7:$Z$5545,$AH24,$N$6:$N$5544,$AG24,$E$6:$E$5544,$AF24,$V$7:$V$5545,"NG") -> 0 | AJ24: =(SUMIFS($X$7:$X$5545,$Z$7:$Z$5545,$AH24,$N$6:$N$5544,$AG24,$E$6:$E$5544,$AF24)) -> 21 | AK24: =IFERROR(AI24/AJ24,0) -> 0 | AM24: =AJ24*AK24 -> 0
A25: OtsLGRF24S | B25: OtsLGRF24S_0185 | C25: C-00185 | D25: 45522 | E25: =IF(AND(D25>=$F$2,D25<$F$3),70,IF(AND(D25>=$F$3,D25<$F$4),40,IF(AND(D25>=$F$4,D25<$F$5),18,9))) -> 70 | F25: F | G25: 730 | H25: =G25/10 -> 73 | I25: AI | J25: NA | K25: 3DD.0078C2F137 | L25: NA | M25: F | N25: =IF(M25="U",F25,M25) -> F | O25: OtsLYON19S_1_0519 | P25: OtsLYON19S_1_0331 | Q25: OtsLYON19S_1 | R25: 5 | S25: =IFERROR($S$4-R25,"U") -> 2019 | T25: FALL | U25: 1 | V25: BCA1 | W25: =VLOOKUP(Q25,'PBT Tag Rates'!$A$6:$D$67,4,FALSE) -> 0.95971981 | X25: 1 | Y25: =IF(V25="ng",0,X25+(SUMIFS($AK$24:$AK$127,$AG$24:$AG$127,$N25,$AH$24:$AH$127,$Z25,$AF$24:$AF$127,$E25))) -> 1.1428571 | Z25: =IFERROR(LOOKUP(H25,{30,43,48,53,58,63,68,73,78,83,88,93,97},{42,47,52,57,62,67,72,77,82,87,92,99,100}),999) -> 77 | AA25: =Y25/(VLOOKUP(E25,$C$2:$I$5,2,FALSE)) -> 1.6326531 | AB25: =IFERROR(IF(I25="AI",AA25-VLOOKUP(Q25,'PBT Tag Rates'!$A$6:$L$53,11,FALSE),AA25-VLOOKUP(Q25,'PBT Tag Rates'!$A$6:$L$53,12,FALSE)),0) -> 1.6746238 | AC25: =AB25/(VLOOKUP(E25,$C$2:$I$5,7,FALSE)) -> 16.933609 | AD25: Abv | AF25: 18 | AG25: F | AH25: 47 | AI25: =SUMIFS($X$7:$X$5545,$Z$7:$Z$5545,$AH25,$N$6:$N$5544,$AG25,$E$6:$E$5544,$AF25,$V$7:$V$5545,"NG") -> 0 | AJ25: =(SUMIFS($X$7:$X$5545,$Z$7:$Z$5545,$AH25,$N$6:$N$5544,$AG25,$E$6:$E$5544,$AF25)) -> 33 | AK25: =IFERROR(AI25/AJ25,0) -> 0 | AM25: =AJ25*AK25 -> 0
A26: OtsLGRF24S | B26: OtsLGRF24S_0195 | C26: C-00195 | D26: 45522 | E26: =IF(AND(D26>=$F$2,D26<$F$3),70,IF(AND(D26>=$F$3,D26<$F$4),40,IF(AND(D26>=$F$4,D26<$F$5),18,9))) -> 70 | F26: M | G26: 730 | H26: =G26/10 -> 73 | I26: AI | J26: NA | K26: 3DD.0078C2F10B | L26: NA | M26: M | N26: =IF(M26="U",F26,M26) -> M | O26: OtsLYON20S_1_0248 | P26: OtsLYON20S_1_0093 | Q26: OtsLYON20S_1 | R26: 4 | S26: =IFERROR($S$4-R26,"U") -> 2020 | T26: FALL | U26: 1 | V26: PLA1 | W26: =VLOOKUP(Q26,'PBT Tag Rates'!$A$6:$D$67,4,FALSE) -> 0.98961046 | X26: 1 | Y26: =IF(V26="ng",0,X26+(SUMIFS($AK$24:$AK$127,$AG$24:$AG$127,$N26,$AH$24:$AH$127,$Z26,$AF$24:$AF$127,$E26))) -> 1.0555556 | Z26: =IFERROR(LOOKUP(H26,{30,43,48,53,58,63,68,73,78,83,88,93,97},{42,47,52,57,62,67,72,77,82,87,92,99,100}),999) -> 77 | AA26: =Y26/(VLOOKUP(E26,$C$2:$I$5,2,FALSE)) -> 1.5079365 | AB26: =IFERROR(IF(I26="AI",AA26-VLOOKUP(Q26,'PBT Tag Rates'!$A$6:$L$53,11,FALSE),AA26-VLOOKUP(Q26,'PBT Tag Rates'!$A$6:$L$53,12,FALSE)),0) -> 1.5184351 | AC26: =AB26/(VLOOKUP(E26,$C$2:$I$5,7,FALSE)) -> 15.354246 | AD26: Abv | AF26: 18 | AG26: F | AH26: 52 | AI26: =SUMIFS($X$7:$X$5545,$Z$7:$Z$5545,$AH26,$N$6:$N$5544,$AG26,$E$6:$E$5544,$AF26,$V$7:$V$5545,"NG") -> 0 | AJ26: =(SUMIFS($X$7:$X$5545,$Z$7:$Z$5545,$AH26,$N$6:$N$5544,$AG26,$E$6:$E$5544,$AF26)) -> 39 | AK26: =IFERROR(AI26/AJ26,0) -> 0 | AM26: =AJ26*AK26 -> 0
A27: OtsLGRF24S | B27: OtsLGRF24S_0205 | C27: C-00205 | D27: 45522 | E27: =IF(AND(D27>=$F$2,D27<$F$3),70,IF(AND(D27>=$F$3,D27<$F$4),40,IF(AND(D27>=$F$4,D27<$F$5),18,9))) -> 70 | F27: F | G27: 770 | H27: =G27/10 -> 77 | I27: AI | J27: NA | K27: 3DD.0078C2F127 | L27: NA | M27: F | N27: =IF(M27="U",F27,M27) -> F | O27: OtsLYON20S_1_0315 | P27: OtsLYON20S_1_0043 | Q27: OtsLYON20S_1 | R27: 4 | S27: =IFERROR($S$4-R27,"U") -> 2020 | T27: FALL | U27: 1 | V27: PLA1 | W27: =VLOOKUP(Q27,'PBT Tag Rates'!$A$6:$D$67,4,FALSE) -> 0.98961046 | X27: 1 | Y27: =IF(V27="ng",0,X27+(SUMIFS($AK$24:$AK$127,$AG$24:$AG$127,$N27,$AH$24:$AH$127,$Z27,$AF$24:$AF$127,$E27))) -> 1.1428571 | Z27: =IFERROR(LOOKUP(H27,{30,43,48,53,58,63,68,73,78,83,88,93,97},{42,47,52,57,62,67,72,77,82,87,92,99,100}),999) -> 77 | AA27: =Y27/(VLOOKUP(E27,$C$2:$I$5,2,FALSE)) -> 1.6326531 | AB27: =IFERROR(IF(I27="AI",AA27-VLOOKUP(Q27,'PBT Tag Rates'!$A$6:$L$53,11,FALSE),AA27-VLOOKUP(Q27,'PBT Tag Rates'!$A$6:$L$53,12,FALSE)),0) -> 1.6431517 | AC27: =AB27/(VLOOKUP(E27,$C$2:$I$5,7,FALSE)) -> 16.615366 | AD27: Abv | AF27: 18 | AG27: F | AH27: 57 | AI27: =SUMIFS($X$7:$X$5545,$Z$7:$Z$5545,$AH27,$N$6:$N$5544,$AG27,$E$6:$E$5544,$AF27,$V$7:$V$5545,"NG") -> 0 | AJ27: =(SUMIFS($X$7:$X$5545,$Z$7:$Z$5545,$AH27,$N$6:$N$5544,$AG27,$E$6:$E$5544,$AF27)) -> 28 | AK27: =IFERROR(AI27/AJ27,0) -> 0 | AM27: =AJ27*AK27 -> 0
A28: OtsLGRF24S | B28: OtsLGRF24S_0215 | C28: C-00215 | D28: 45523 | E28: =IF(AND(D28>=$F$2,D28<$F$3),70,IF(AND(D28>=$F$3,D28<$F$4),40,IF(AND(D28>=$F$4,D28<$F$5),18,9))) -> 70 | F28: M | G28: 670 | H28: =G28/10 -> 67 | I28: AI | J28: NA | K28: NA | L28: NA | M28: M | N28: =IF(M28="U",F28,M28) -> M | O28: OtsLYON20S_1_1556 | P28: OtsLYON20S_1_1714 | Q28: OtsLYON20S_1 | R28: 4 | S28: =IFERROR($S$4-R28,"U") -> 2020 | T28: FALL | U28: 1 | V28: IPCSR | W28: =VLOOKUP(Q28,'PBT Tag Rates'!$A$6:$D$67,4,FALSE) -> 0.98961046 | X28: 1 | Y28: =IF(V28="ng",0,X28+(SUMIFS($AK$24:$AK$127,$AG$24:$AG$127,$N28,$AH$24:$AH$127,$Z28,$AF$24:$AF$127,$E28))) -> 1.0833333 | Z28: =IFERROR(LOOKUP(H28,{30,43,48,53,58,63,68,73,78,83,88,93,97},{42,47,52,57,62,67,72,77,82,87,92,99,100}),999) -> 67 | AA28: =Y28/(VLOOKUP(E28,$C$2:$I$5,2,FALSE)) -> 1.547619 | AB28: =IFERROR(IF(I28="AI",AA28-VLOOKUP(Q28,'PBT Tag Rates'!$A$6:$L$53,11,FALSE),AA28-VLOOKUP(Q28,'PBT Tag Rates'!$A$6:$L$53,12,FALSE)),0) -> 1.5581177 | AC28: =AB28/(VLOOKUP(E28,$C$2:$I$5,7,FALSE)) -> 15.755511 | AD28: Abv | AF28: 18 | AG28: F | AH28: 62 | AI28: =SUMIFS($X$7:$X$5545,$Z$7:$Z$5545,$AH28,$N$6:$N$5544,$AG28,$E$6:$E$5544,$AF28,$V$7:$V$5545,"NG") -> 1 | AJ28: =(SUMIFS($X$7:$X$5545,$Z$7:$Z$5545,$AH28,$N$6:$N$5544,$AG28,$E$6:$E$5544,$AF28)) -> 58 | AK28: =IFERROR(AI28/AJ28,0) -> 0.017241379 | AM28: =AJ28*AK28 -> 1
A29: OtsLGRF24S | B29: OtsLGRF24S_0225 | C29: C-00225 | D29: 45523 | E29: =IF(AND(D29>=$F$2,D29<$F$3),70,IF(AND(D29>=$F$3,D29<$F$4),40,IF(AND(D29>=$F$4,D29<$F$5),18,9))) -> 70 | F29: M | G29: 700 | H29: =G29/10 -> 70 | I29: AD | J29: 1 | K29: 3DD.0078C2F0FD | L29: NA | M29: M | N29: =IF(M29="U",F29,M29) -> M | O29: NA | P29: NA | Q29: Unassigned | R29: NA | S29: =IFERROR($S$4-R29,"U") -> U | T29: FALL | U29: 1 | V29: NA | W29: =VLOOKUP(Q29,'PBT Tag Rates'!$A$6:$D$67,4,FALSE) -> 1 | X29: 1 | Y29: =IF(V29="ng",0,X29+(SUMIFS($AK$24:$AK$127,$AG$24:$AG$127,$N29,$AH$24:$AH$127,$Z29,$AF$24:$AF$127,$E29))) -> 1.0952381 | Z29: =IFERROR(LOOKUP(H29,{30,43,48,53,58,63,68,73,78,83,88,93,97},{42,47,52,57,62,67,72,77,82,87,92,99,100}),999) -> 72 | AA29: =Y29/(VLOOKUP(E29,$C$2:$I$5,2,FALSE)) -> 1.5646259 | AB29: =IFERROR(IF(I29="AI",AA29-VLOOKUP(Q29,'PBT Tag Rates'!$A$6:$L$53,11,FALSE),AA29-VLOOKUP(Q29,'PBT Tag Rates'!$A$6:$L$53,12,FALSE)),0) -> 1.0483484 | AC29: =AB29/(VLOOKUP(E29,$C$2:$I$5,7,FALSE)) -> 10.600782 | AD29: Abv | AF29: 18 | AG29: F | AH29: 67 | AI29: =SUMIFS($X$7:$X$5545,$Z$7:$Z$5545,$AH29,$N$6:$N$5544,$AG29,$E$6:$E$5544,$AF29,$V$7:$V$5545,"NG") -> 0 | AJ29: =(SUMIFS($X$7:$X$5545,$Z$7:$Z$5545,$AH29,$N$6:$N$5544,$AG29,$E$6:$E$5544,$AF29)) -> 119 | AK29: =IFERROR(AI29/AJ29,0) -> 0 | AM29: =AJ29*AK29 -> 0
A30: OtsLGRF24S | B30: OtsLGRF24S_0235 | C30: C-00235 | D30: 45523 | E30: =IF(AND(D30>=$F$2,D30<$F$3),70,IF(AND(D30>=$F$3,D30<$F$4),40,IF(AND(D30>=$F$4,D30<$F$5),18,9))) -> 70 | F30: F | G30: 810 | H30: =G30/10 -> 81 | I30: AI | J30: NA | K30: 3DD.0078C2F122 | L30: NA | M30: F | N30: =IF(M30="U",F30,M30) -> F | O30: OtsNPFH19S_1_1342 | P30: OtsNPFH19S_1_1010 | Q30: OtsNPFH19S_1 | R30: 5 | S30: =IFERROR($S$4-R30,"U") -> 2019 | T30: FALL | U30: 1 | V30: NPTH | W30: =VLOOKUP(Q30,'PBT Tag Rates'!$A$6:$D$67,4,FALSE) -> 0.99705232 | X30: 1 | Y30: =IF(V30="ng",0,X30+(SUMIFS($AK$24:$AK$127,$AG$24:$AG$127,$N30,$AH$24:$AH$127,$Z30,$AF$24:$AF$127,$E30))) -> 1.137931 | Z30: =IFERROR(LOOKUP(H30,{30,43,48,53,58,63,68,73,78,83,88,93,97},{42,47,52,57,62,67,72,77,82,87,92,99,100}),999) -> 82 | AA30: =Y30/(VLOOKUP(E30,$C$2:$I$5,2,FALSE)) -> 1.6256158 | AB30: =IFERROR(IF(I30="AI",AA30-VLOOKUP(Q30,'PBT Tag Rates'!$A$6:$L$53,11,FALSE),AA30-VLOOKUP(Q30,'PBT Tag Rates'!$A$6:$L$53,12,FALSE)),0) -> 1.6285722 | AC30: =AB30/(VLOOKUP(E30,$C$2:$I$5,7,FALSE)) -> 16.467939 | AD30: Abv | AF30: 18 | AG30: F | AH30: 72 | AI30: =SUMIFS($X$7:$X$5545,$Z$7:$Z$5545,$AH30,$N$6:$N$5544,$AG30,$E$6:$E$5544,$AF30,$V$7:$V$5545,"NG") -> 1 | AJ30: =(SUMIFS($X$7:$X$5545,$Z$7:$Z$5545,$AH30,$N$6:$N$5544,$AG30,$E$6:$E$5544,$AF30)) -> 143 | AK30: =IFERROR(AI30/AJ30,0) -> 0.006993007 | AM30: =AJ30*AK30 -> 1
A31: OtsLGRF24S | B31: OtsLGRF24S_0245 | C31: C-00245 | D31: 45523 | E31: =IF(AND(D31>=$F$2,D31<$F$3),70,IF(AND(D31>=$F$3,D31<$F$4),40,IF(AND(D31>=$F$4,D31<$F$5),18,9))) -> 70 | F31: F | G31: 860 | H31: =G31/10 -> 86 | I31: AI | J31: NA | K31: 3DD.0078C2F129 | L31: NA | M31: F | N31: =IF(M31="U",F31,M31) -> F | O31: NA | P31: NA | Q31: Unassigned | R31: NA | S31: =IFERROR($S$4-R31,"U") -> U | T31: FALL | U31: 1 | V31: NA | W31: =VLOOKUP(Q31,'PBT Tag Rates'!$A$6:$D$67,4,FALSE) -> 1 | X31: 1 | Y31: =IF(V31="ng",0,X31+(SUMIFS($AK$24:$AK$127,$AG$24:$AG$127,$N31,$AH$24:$AH$127,$Z31,$AF$24:$AF$127,$E31))) -> 1 | Z31: =IFERROR(LOOKUP(H31,{30,43,48,53,58,63,68,73,78,83,88,93,97},{42,47,52,57,62,67,72,77,82,87,92,99,100}),999) -> 87 | AA31: =Y31/(VLOOKUP(E31,$C$2:$I$5,2,FALSE)) -> 1.4285714 | AB31: =IFERROR(IF(I31="AI",AA31-VLOOKUP(Q31,'PBT Tag Rates'!$A$6:$L$53,11,FALSE),AA31-VLOOKUP(Q31,'PBT Tag Rates'!$A$6:$L$53,12,FALSE)),0) -> 1.3872683 | AC31: =AB31/(VLOOKUP(E31,$C$2:$I$5,7,FALSE)) -> 14.027902 | AD31: Abv | AF31: 18 | AG31: F | AH31: 77 | AI31: =SUMIFS($X$7:$X$5545,$Z$7:$Z$5545,$AH31,$N$6:$N$5544,$AG31,$E$6:$E$5544,$AF31,$V$7:$V$5545,"NG") -> 0 | AJ31: =(SUMIFS($X$7:$X$5545,$Z$7:$Z$5545,$AH31,$N$6:$N$5544,$AG31,$E$6:$E$5544,$AF31)) -> 120 | AK31: =IFERROR(AI31/AJ31,0) -> 0 | AM31: =AJ31*AK31 -> 0
A32: OtsLGRF24S | B32: OtsLGRF24S_0255 | C32: C-00255 | D32: 45523 | E32: =IF(AND(D32>=$F$2,D32<$F$3),70,IF(AND(D32>=$F$3,D32<$F$4),40,IF(AND(D32>=$F$4,D32<$F$5),18,9))) -> 70 | F32: F | G32: 730 | H32: =G32/10 -> 73 | I32: AD | J32: 1 | K32: 3DD.0078C2F133 | L32: NA | M32: F | N32: =IF(M32="U",F32,M32) -> F | O32: OtsNPFH20S_1_0468 | P32: OtsNPFH20S_1_0422 | Q32: OtsNPFH20S_1 | R32: 4 | S32: =IFERROR($S$4-R32,"U") -> 2020 | T32: FALL | U32: 1 | V32: LGA | W32: =VLOOKUP(Q32,'PBT Tag Rates'!$A$6:$D$67,4,FALSE) -> 0.98845609 | X32: 1 | Y32: =IF(V32="ng",0,X32+(SUMIFS($AK$24:$AK$127,$AG$24:$AG$127,$N32,$AH$24:$AH$127,$Z32,$AF$24:$AF$127,$E32))) -> 1.1428571 | Z32: =IFERROR(LOOKUP(H32,{30,43,48,53,58,63,68,73,78,83,88,93,97},{42,47,52,57,62,67,72,77,82,87,92,99,100}),999) -> 77 | AA32: =Y32/(VLOOKUP(E32,$C$2:$I$5,2,FALSE)) -> 1.6326531 | AB32: =IFERROR(IF(I32="AI",AA32-VLOOKUP(Q32,'PBT Tag Rates'!$A$6:$L$53,11,FALSE),AA32-VLOOKUP(Q32,'PBT Tag Rates'!$A$6:$L$53,12,FALSE)),0) -> 1.6443318 | AC32: =AB32/(VLOOKUP(E32,$C$2:$I$5,7,FALSE)) -> 16.627299 | AD32: Abv | AF32: 18 | AG32: F | AH32: 82 | AI32: =SUMIFS($X$7:$X$5545,$Z$7:$Z$5545,$AH32,$N$6:$N$5544,$AG32,$E$6:$E$5544,$AF32,$V$7:$V$5545,"NG") -> 0 | AJ32: =(SUMIFS($X$7:$X$5545,$Z$7:$Z$5545,$AH32,$N$6:$N$5544,$AG32,$E$6:$E$5544,$AF32)) -> 67 | AK32: =IFERROR(AI32/AJ32,0) -> 0 | AM32: =AJ32*AK32 -> 0
A33: OtsLGRF24S | B33: OtsLGRF24S_0265 | C33: C-00265 | D33: 45523 | E33: =IF(AND(D33>=$F$2,D33<$F$3),70,IF(AND(D33>=$F$3,D33<$F$4),40,IF(AND(D33>=$F$4,D33<$F$5),18,9))) -> 70 | F33: F | G33: 740 | H33: =G33/10 -> 74 | I33: AI | J33: NA | K33: 3DD.0078C2F0DD | L33: NA | M33: F | N33: =IF(M33="U",F33,M33) -> F | O33: NA | P33: NA | Q33: Unassigned | R33: NA | S33: =IFERROR($S$4-R33,"U") -> U | T33: FALL | U33: 1 | V33: NA | W33: =VLOOKUP(Q33,'PBT Tag Rates'!$A$6:$D$67,4,FALSE) -> 1 | X33: 1 | Y33: =IF(V33="ng",0,X33+(SUMIFS($AK$24:$AK$127,$AG$24:$AG$127,$N33,$AH$24:$AH$127,$Z33,$AF$24:$AF$127,$E33))) -> 1.1428571 | Z33: =IFERROR(LOOKUP(H33,{30,43,48,53,58,63,68,73,78,83,88,93,97},{42,47,52,57,62,67,72,77,82,87,92,99,100}),999) -> 77 | AA33: =Y33/(VLOOKUP(E33,$C$2:$I$5,2,FALSE)) -> 1.6326531 | AB33: =IFERROR(IF(I33="AI",AA33-VLOOKUP(Q33,'PBT Tag Rates'!$A$6:$L$53,11,FALSE),AA33-VLOOKUP(Q33,'PBT Tag Rates'!$A$6:$L$53,12,FALSE)),0) -> 1.5913499 | AC33: =AB33/(VLOOKUP(E33,$C$2:$I$5,7,FALSE)) -> 16.091552 | AD33: Abv | AF33: 18 | AG33: F | AH33: 87 | AI33: =SUMIFS($X$7:$X$5545,$Z$7:$Z$5545,$AH33,$N$6:$N$5544,$AG33,$E$6:$E$5544,$AF33,$V$7:$V$5545,"NG") -> 0 | AJ33: =(SUMIFS($X$7:$X$5545,$Z$7:$Z$5545,$AH33,$N$6:$N$5544,$AG33,$E$6:$E$5544,$AF33)) -> 30 | AK33: =IFERROR(AI33/AJ33,0) -> 0 | AM33: =AJ33*AK33 -> 0
A34: OtsLGRF24S | B34: OtsLGRF24S_0275 | C34: C-00275 | D34: 45523 | E34: =IF(AND(D34>=$F$2,D34<$F$3),70,IF(AND(D34>=$F$3,D34<$F$4),40,IF(AND(D34>=$F$4,D34<$F$5),18,9))) -> 70 | F34: M | G34: 450 | H34: =G34/10 -> 45 | I34: AI | J34: NA | K34: NA | L34: NA | M34: M | N34: =IF(M34="U",F34,M34) -> M | O34: OtsLYON22S_1_0468 | P34: OtsLYON22S_1_4280 | Q34: OtsLYON22S_1 | R34: 2 | S34: =IFERROR($S$4-R34,"U") -> 2022 | T34: FALL | U34: 1 | V34: IPCSR | W34: =VLOOKUP(Q34,'PBT Tag Rates'!$A$6:$D$67,4,FALSE) -> 0.98 | X34: 1 | Y34: =IF(V34="ng",0,X34+(SUMIFS($AK$24:$AK$127,$AG$24:$AG$127,$N34,$AH$24:$AH$127,$Z34,$AF$24:$AF$127,$E34))) -> 1 | Z34: =IFERROR(LOOKUP(H34,{30,43,48,53,58,63,68,73,78,83,88,93,97},{42,47,52,57,62,67,72,77,82,87,92,99,100}),999) -> 47 | AA34: =Y34/(VLOOKUP(E34,$C$2:$I$5,2,FALSE)) -> 1.4285714 | AB34: =IFERROR(IF(I34="AI",AA34-VLOOKUP(Q34,'PBT Tag Rates'!$A$6:$L$53,11,FALSE),AA34-VLOOKUP(Q34,'PBT Tag Rates'!$A$6:$L$53,12,FALSE)),0) -> 1.4489796 | AC34: =AB34/(VLOOKUP(E34,$C$2:$I$5,7,FALSE)) -> 14.65192 | AD34: Abv | AF34: 18 | AG34: F | AH34: 92 | AI34: =SUMIFS($X$7:$X$5545,$Z$7:$Z$5545,$AH34,$N$6:$N$5544,$AG34,$E$6:$E$5544,$AF34,$V$7:$V$5545,"NG") -> 0 | AJ34: =(SUMIFS($X$7:$X$5545,$Z$7:$Z$5545,$AH34,$N$6:$N$5544,$AG34,$E$6:$E$5544,$AF34)) -> 8 | AK34: =IFERROR(AI34/AJ34,0) -> 0 | AM34: =AJ34*AK34 -> 0
A35: OtsLGRF24S | B35: OtsLGRF24S_0285 | C35: C-00285 | D35: 45523 | E35: =IF(AND(D35>=$F$2,D35<$F$3),70,IF(AND(D35>=$F$3,D35<$F$4),40,IF(AND(D35>=$F$4,D35<$F$5),18,9))) -> 70 | F35: F | G35: 770 | H35: =G35/10 -> 77 | I35: AD | J35: 1 | K35: 3DD.0078C2F109 | L35: NA | M35: F | N35: =IF(M35="U",F35,M35) -> F | O35: OtsLYON20S_1_0205 | P35: OtsLYON20S_1_0023 | Q35: OtsLYON20S_1 | R35: 4 | S35: =IFERROR($S$4-R35,"U") -> 2020 | T35: FALL | U35: 1 | V35: PLA1 | W35: =VLOOKUP(Q35,'PBT Tag Rates'!$A$6:$D$67,4,FALSE) -> 0.98961046 | X35: 1 | Y35: =IF(V35="ng",0,X35+(SUMIFS($AK$24:$AK$127,$AG$24:$AG$127,$N35,$AH$24:$AH$127,$Z35,$AF$24:$AF$127,$E35))) -> 1.1428571 | Z35: =IFERROR(LOOKUP(H35,{30,43,48,53,58,63,68,73,78,83,88,93,97},{42,47,52,57,62,67,72,77,82,87,92,99,100}),999) -> 77 | AA35: =Y35/(VLOOKUP(E35,$C$2:$I$5,2,FALSE)) -> 1.6326531 | AB35: =IFERROR(IF(I35="AI",AA35-VLOOKUP(Q35,'PBT Tag Rates'!$A$6:$L$53,11,FALSE),AA35-VLOOKUP(Q35,'PBT Tag Rates'!$A$6:$L$53,12,FALSE)),0) -> 1.6431517 | AC35: =AB35/(VLOOKUP(E35,$C$2:$I$5,7,FALSE)) -> 16.615366 | AD35: Abv | AF35: 18 | AG35: F | AH35: 99 | AI35: =SUMIFS($X$7:$X$5545,$Z$7:$Z$5545,$AH35,$N$6:$N$5544,$AG35,$E$6:$E$5544,$AF35,$V$7:$V$5545,"NG") -> 0 | AJ35: =(SUMIFS($X$7:$X$5545,$Z$7:$Z$5545,$AH35,$N$6:$N$5544,$AG35,$E$6:$E$5544,$AF35)) -> 0 | AK35: =IFERROR(AI35/AJ35,0) -> 0 | AM35: =AJ35*AK35 -> 0
A36: OtsLGRF24S | B36: OtsLGRF24S_0295 | C36: C-00295 | D36: 45523 | E36: =IF(AND(D36>=$F$2,D36<$F$3),70,IF(AND(D36>=$F$3,D36<$F$4),40,IF(AND(D36>=$F$4,D36<$F$5),18,9))) -> 70 | F36: M | G36: 720 | H36: =G36/10 -> 72 | I36: AI | J36: NA | K36: 3DD.0077B43FA6 | L36: NA | M36: M | N36: =IF(M36="U",F36,M36) -> M | O36: NA | P36: NA | Q36: Unassigned | R36: NA | S36: =IFERROR($S$4-R36,"U") -> U | T36: FALL | U36: 1 | V36: NA | W36: =VLOOKUP(Q36,'PBT Tag Rates'!$A$6:$D$67,4,FALSE) -> 1 | X36: 1 | Y36: =IF(V36="ng",0,X36+(SUMIFS($AK$24:$AK$127,$AG$24:$AG$127,$N36,$AH$24:$AH$127,$Z36,$AF$24:$AF$127,$E36))) -> 1.0952381 | Z36: =IFERROR(LOOKUP(H36,{30,43,48,53,58,63,68,73,78,83,88,93,97},{42,47,52,57,62,67,72,77,82,87,92,99,100}),999) -> 72 | AA36: =Y36/(VLOOKUP(E36,$C$2:$I$5,2,FALSE)) -> 1.5646259 | AB36: =IFERROR(IF(I36="AI",AA36-VLOOKUP(Q36,'PBT Tag Rates'!$A$6:$L$53,11,FALSE),AA36-VLOOKUP(Q36,'PBT Tag Rates'!$A$6:$L$53,12,FALSE)),0) -> 1.5233227 | AC36: =AB36/(VLOOKUP(E36,$C$2:$I$5,7,FALSE)) -> 15.403669 | AD36: Abv | AF36: 18 | AG36: F | AH36: 100 | AI36: =SUMIFS($X$7:$X$5545,$Z$7:$Z$5545,$AH36,$N$6:$N$5544,$AG36,$E$6:$E$5544,$AF36,$V$7:$V$5545,"NG") -> 0 | AJ36: =(SUMIFS($X$7:$X$5545,$Z$7:$Z$5545,$AH36,$N$6:$N$5544,$AG36,$E$6:$E$5544,$AF36)) -> 1 | AK36: =IFERROR(AI36/AJ36,0) -> 0 | AM36: =AJ36*AK36 -> 0
A37: OtsLGRF24S | B37: OtsLGRF24S_0305 | C37: C-00305 | D37: 45523 | E37: =IF(AND(D37>=$F$2,D37<$F$3),70,IF(AND(D37>=$F$3,D37<$F$4),40,IF(AND(D37>=$F$4,D37<$F$5),18,9))) -> 70 | F37: F | G37: 800 | H37: =G37/10 -> 80 | I37: AD | J37: 1 | K37: 3DD.0077CCE068 | L37: NA | M37: F | N37: =IF(M37="U",F37,M37) -> F | O37: OtsLYON20S_1_0489 | P37: OtsLYON20S_1_0537 | Q37: OtsLYON20S_1 | R37: 4 | S37: =IFERROR($S$4-R37,"U") -> 2020 | T37: FALL | U37: 1 | V37: LFSO | W37: =VLOOKUP(Q37,'PBT Tag Rates'!$A$6:$D$67,4,FALSE) -> 0.98961046 | X37: 1 | Y37: =IF(V37="ng",0,X37+(SUMIFS($AK$24:$AK$127,$AG$24:$AG$127,$N37,$AH$24:$AH$127,$Z37,$AF$24:$AF$127,$E37))) -> 1.137931 | Z37: =IFERROR(LOOKUP(H37,{30,43,48,53,58,63,68,73,78,83,88,93,97},{42,47,52,57,62,67,72,77,82,87,92,99,100}),999) -> 82 | AA37: =Y37/(VLOOKUP(E37,$C$2:$I$5,2,FALSE)) -> 1.6256158 | AB37: =IFERROR(IF(I37="AI",AA37-VLOOKUP(Q37,'PBT Tag Rates'!$A$6:$L$53,11,FALSE),AA37-VLOOKUP(Q37,'PBT Tag Rates'!$A$6:$L$53,12,FALSE)),0) -> 1.6361144 | AC37: =AB37/(VLOOKUP(E37,$C$2:$I$5,7,FALSE)) -> 16.544206 | AD37: Abv | AF37: 18 | AG37: M | AH37: 42 | AI37: =SUMIFS($X$7:$X$5545,$Z$7:$Z$5545,$AH37,$N$6:$N$5544,$AG37,$E$6:$E$5544,$AF37,$V$7:$V$5545,"NG") -> 0 | AJ37: =(SUMIFS($X$7:$X$5545,$Z$7:$Z$5545,$AH37,$N$6:$N$5544,$AG37,$E$6:$E$5544,$AF37)) -> 27 | AK37: =IFERROR(AI37/AJ37,0) -> 0 | AM37: =AJ37*AK37 -> 0
A38: OtsLGRF24S | B38: OtsLGRF24S_0315 | C38: C-00315 | D38: 45523 | E38: =IF(AND(D38>=$F$2,D38<$F$3),70,IF(AND(D38>=$F$3,D38<$F$4),40,IF(AND(D38>=$F$4,D38<$F$5),18,9))) -> 70 | F38: M | G38: 680 | H38: =G38/10 -> 68 | I38: AI | J38: NA | K38: NA | L38: NA | M38: M | N38: =IF(M38="U",F38,M38) -> M | O38: OtsLYON21S_1_0757 | P38: OtsLYON21S_1_0394 | Q38: OtsLYON21S_1 | R38: 3 | S38: =IFERROR($S$4-R38,"U") -> 2021 | T38: FALL | U38: 1 | V38: CJA1 | W38: =VLOOKUP(Q38,'PBT Tag Rates'!$A$6:$D$67,4,FALSE) -> 0.9814 | X38: 1 | Y38: =IF(V38="ng",0,X38+(SUMIFS($AK$24:$AK$127,$AG$24:$AG$127,$N38,$AH$24:$AH$127,$Z38,$AF$24:$AF$127,$E38))) -> 1.0952381 | Z38: =IFERROR(LOOKUP(H38,{30,43,48,53,58,63,68,73,78,83,88,93,97},{42,47,52,57,62,67,72,77,82,87,92,99,100}),999) -> 72 | AA38: =Y38/(VLOOKUP(E38,$C$2:$I$5,2,FALSE)) -> 1.5646259 | AB38: =IFERROR(IF(I38="AI",AA38-VLOOKUP(Q38,'PBT Tag Rates'!$A$6:$L$53,11,FALSE),AA38-VLOOKUP(Q38,'PBT Tag Rates'!$A$6:$L$53,12,FALSE)),0) -> 1.5835784 | AC38: =AB38/(VLOOKUP(E38,$C$2:$I$5,7,FALSE)) -> 16.012967 | AD38: Abv | AF38: 18 | AG38: M | AH38: 47 | AI38: =SUMIFS($X$7:$X$5545,$Z$7:$Z$5545,$AH38,$N$6:$N$5544,$AG38,$E$6:$E$5544,$AF38,$V$7:$V$5545,"NG") -> 0 | AJ38: =(SUMIFS($X$7:$X$5545,$Z$7:$Z$5545,$AH38,$N$6:$N$5544,$AG38,$E$6:$E$5544,$AF38)) -> 36 | AK38: =IFERROR(AI38/AJ38,0) -> 0 | AM38: =AJ38*AK38 -> 0
A39: OtsLGRF24S | B39: OtsLGRF24S_0325 | C39: C-00325 | D39: 45523 | E39: =IF(AND(D39>=$F$2,D39<$F$3),70,IF(AND(D39>=$F$3,D39<$F$4),40,IF(AND(D39>=$F$4,D39<$F$5),18,9))) -> 70 | F39: M | G39: 810 | H39: =G39/10 -> 81 | I39: AI | J39: NA | K39: 3DD.0077B44F47 | L39: NA | M39: M | N39: =IF(M39="U",F39,M39) -> M | O39: OtsLYON19S_1_0552 | P39: OtsLYON19S_1_0437 | Q39: OtsLYON19S_1 | R39: 5 | S39: =IFERROR($S$4-R39,"U") -> 2019 | T39: FALL | U39: 1 | V39: LFSO | W39: =VLOOKUP(Q39,'PBT Tag Rates'!$A$6:$D$67,4,FALSE) -> 0.95971981 | X39: 1 | Y39: =IF(V39="ng",0,X39+(SUMIFS($AK$24:$AK$127,$AG$24:$AG$127,$N39,$AH$24:$AH$127,$Z39,$AF$24:$AF$127,$E39))) -> 1.025 | Z39: =IFERROR(LOOKUP(H39,{30,43,48,53,58,63,68,73,78,83,88,93,97},{42,47,52,57,62,67,72,77,82,87,92,99,100}),999) -> 82 | AA39: =Y39/(VLOOKUP(E39,$C$2:$I$5,2,FALSE)) -> 1.4642857 | AB39: =IFERROR(IF(I39="AI",AA39-VLOOKUP(Q39,'PBT Tag Rates'!$A$6:$L$53,11,FALSE),AA39-VLOOKUP(Q39,'PBT Tag Rates'!$A$6:$L$53,12,FALSE)),0) -> 1.5062565 | AC39: =AB39/(VLOOKUP(E39,$C$2:$I$5,7,FALSE)) -> 15.231097 | AD39: Abv | AF39: 18 | AG39: M | AH39: 52 | AI39: =SUMIFS($X$7:$X$5545,$Z$7:$Z$5545,$AH39,$N$6:$N$5544,$AG39,$E$6:$E$5544,$AF39,$V$7:$V$5545,"NG") -> 0 | AJ39: =(SUMIFS($X$7:$X$5545,$Z$7:$Z$5545,$AH39,$N$6:$N$5544,$AG39,$E$6:$E$5544,$AF39)) -> 32 | AK39: =IFERROR(AI39/AJ39,0) -> 0 | AM39: =AJ39*AK39 -> 0
A40: OtsLGRF24S | B40: OtsLGRF24S_0335 | C40: C-00335 | D40: 45523 | E40: =IF(AND(D40>=$F$2,D40<$F$3),70,IF(AND(D40>=$F$3,D40<$F$4),40,IF(AND(D40>=$F$4,D40<$F$5),18,9))) -> 70 | F40: M | G40: 800 | H40: =G40/10 -> 80 | I40: AD | J40: 1 | K40: 3DD.0077B4596C | L40: NA | M40: F | N40: =IF(M40="U",F40,M40) -> F | O40: OtsNPFH20S_1_0362 | P40: OtsNPFH20S_1_0327 | Q40: OtsNPFH20S_1 | R40: 4 | S40: =IFERROR($S$4-R40,"U") -> 2020 | T40: FALL | U40: 1 | V40: CFA | W40: =VLOOKUP(Q40,'PBT Tag Rates'!$A$6:$D$67,4,FALSE) -> 0.98845609 | X40: 1 | Y40: =IF(V40="ng",0,X40+(SUMIFS($AK$24:$AK$127,$AG$24:$AG$127,$N40,$AH$24:$AH$127,$Z40,$AF$24:$AF$127,$E40))) -> 1.137931 | Z40: =IFERROR(LOOKUP(H40,{30,43,48,53,58,63,68,73,78,83,88,93,97},{42,47,52,57,62,67,72,77,82,87,92,99,100}),999) -> 82 | AA40: =Y40/(VLOOKUP(E40,$C$2:$I$5,2,FALSE)) -> 1.6256158 | AB40: =IFERROR(IF(I40="AI",AA40-VLOOKUP(Q40,'PBT Tag Rates'!$A$6:$L$53,11,FALSE),AA40-VLOOKUP(Q40,'PBT Tag Rates'!$A$6:$L$53,12,FALSE)),0) -> 1.6372945 | AC40: =AB40/(VLOOKUP(E40,$C$2:$I$5,7,FALSE)) -> 16.556139 | AD40: Abv | AF40: 18 | AG40: M | AH40: 57 | AI40: =SUMIFS($X$7:$X$5545,$Z$7:$Z$5545,$AH40,$N$6:$N$5544,$AG40,$E$6:$E$5544,$AF40,$V$7:$V$5545,"NG") -> 1 | AJ40: =(SUMIFS($X$7:$X$5545,$Z$7:$Z$5545,$AH40,$N$6:$N$5544,$AG40,$E$6:$E$5544,$AF40)) -> 32 | AK40: =IFERROR(AI40/AJ40,0) -> 0.03125 | AM40: =AJ40*AK40 -> 1
A41: OtsLGRF24S | B41: OtsLGRF24S_0345 | C41: C-00345 | D41: 45524 | E41: =IF(AND(D41>=$F$2,D41<$F$3),70,IF(AND(D41>=$F$3,D41<$F$4),40,IF(AND(D41>=$F$4,D41<$F$5),18,9))) -> 70 | F41: F | G41: 760 | H41: =G41/10 -> 76 | I41: AI | J41: NA | K41: 3DD.0077B45AB4 | L41: NA | M41: M | N41: =IF(M41="U",F41,M41) -> M | O41: NA | P41: NA | Q41: Unassigned | R41: NA | S41: =IFERROR($S$4-R41,"U") -> U | T41: FALL | U41: 1 | V41: NA | W41: =VLOOKUP(Q41,'PBT Tag Rates'!$A$6:$D$67,4,FALSE) -> 1 | X41: 1 | Y41: =IF(V41="ng",0,X41+(SUMIFS($AK$24:$AK$127,$AG$24:$AG$127,$N41,$AH$24:$AH$127,$Z41,$AF$24:$AF$127,$E41))) -> 1.0555556 | Z41: =IFERROR(LOOKUP(H41,{30,43,48,53,58,63,68,73,78,83,88,93,97},{42,47,52,57,62,67,72,77,82,87,92,99,100}),999) -> 77 | AA41: =Y41/(VLOOKUP(E41,$C$2:$I$5,2,FALSE)) -> 1.5079365 | AB41: =IFERROR(IF(I41="AI",AA41-VLOOKUP(Q41,'PBT Tag Rates'!$A$6:$L$53,11,FALSE),AA41-VLOOKUP(Q41,'PBT Tag Rates'!$A$6:$L$53,12,FALSE)),0) -> 1.4666334 | AC41: =AB41/(VLOOKUP(E41,$C$2:$I$5,7,FALSE)) -> 14.830433 | AD41: Abv | AF41: 18 | AG41: M | AH41: 62 | AI41: =SUMIFS($X$7:$X$5545,$Z$7:$Z$5545,$AH41,$N$6:$N$5544,$AG41,$E$6:$E$5544,$AF41,$V$7:$V$5545,"NG") -> 1 | AJ41: =(SUMIFS($X$7:$X$5545,$Z$7:$Z$5545,$AH41,$N$6:$N$5544,$AG41,$E$6:$E$5544,$AF41)) -> 72 | AK41: =IFERROR(AI41/AJ41,0) -> 0.013888889 | AM41: =AJ41*AK41 -> 1
A42: OtsLGRF24S | B42: OtsLGRF24S_0355 | C42: C-00355 | D42: 45524 | E42: =IF(AND(D42>=$F$2,D42<$F$3),70,IF(AND(D42>=$F$3,D42<$F$4),40,IF(AND(D42>=$F$4,D42<$F$5),18,9))) -> 70 | F42: F | G42: 820 | H42: =G42/10 -> 82 | I42: AD | J42: 1 | K42: 3DD.0077B3FCB0 | L42: NA | M42: M | N42: =IF(M42="U",F42,M42) -> M | O42: OtsLYON20S_1_0259 | P42: OtsLYON20S_1_0120 | Q42: OtsLYON20S_1 | R42: 4 | S42: =IFERROR($S$4-R42,"U") -> 2020 | T42: FALL | U42: 1 | V42: BCA1 | W42: =VLOOKUP(Q42,'PBT Tag Rates'!$A$6:$D$67,4,FALSE) -> 0.98961046 | X42: 1 | Y42: =IF(V42="ng",0,X42+(SUMIFS($AK$24:$AK$127,$AG$24:$AG$127,$N42,$AH$24:$AH$127,$Z42,$AF$24:$AF$127,$E42))) -> 1.025 | Z42: =IFERROR(LOOKUP(H42,{30,43,48,53,58,63,68,73,78,83,88,93,97},{42,47,52,57,62,67,72,77,82,87,92,99,100}),999) -> 82 | AA42: =Y42/(VLOOKUP(E42,$C$2:$I$5,2,FALSE)) -> 1.4642857 | AB42: =IFERROR(IF(I42="AI",AA42-VLOOKUP(Q42,'PBT Tag Rates'!$A$6:$L$53,11,FALSE),AA42-VLOOKUP(Q42,'PBT Tag Rates'!$A$6:$L$53,12,FALSE)),0) -> 1.4747843 | AC42: =AB42/(VLOOKUP(E42,$C$2:$I$5,7,FALSE)) -> 14.912854 | AD42: Abv | AF42: 18 | AG42: M | AH42: 67 | AI42: =SUMIFS($X$7:$X$5545,$Z$7:$Z$5545,$AH42,$N$6:$N$5544,$AG42,$E$6:$E$5544,$AF42,$V$7:$V$5545,"NG") -> 0 | AJ42: =(SUMIFS($X$7:$X$5545,$Z$7:$Z$5545,$AH42,$N$6:$N$5544,$AG42,$E$6:$E$5544,$AF42)) -> 146 | AK42: =IFERROR(AI42/AJ42,0) -> 0 | AM42: =AJ42*AK42 -> 0
A43: OtsLGRF24S | B43: OtsLGRF24S_0365 | C43: C-00365 | D43: 45524 | E43: =IF(AND(D43>=$F$2,D43<$F$3),70,IF(AND(D43>=$F$3,D43<$F$4),40,IF(AND(D43>=$F$4,D43<$F$5),18,9))) -> 70 | F43: F | G43: 770 | H43: =G43/10 -> 77 | I43: AI | J43: NA | K43: 3DD.0077CC6AD0 | L43: NA | M43: F | N43: =IF(M43="U",F43,M43) -> F | O43: NA | P43: NA | Q43: Unassigned | R43: NA | S43: =IFERROR($S$4-R43,"U") -> U | T43: FALL | U43: 1 | V43: NA | W43: =VLOOKUP(Q43,'PBT Tag Rates'!$A$6:$D$67,4,FALSE) -> 1 | X43: 1 | Y43: =IF(V43="ng",0,X43+(SUMIFS($AK$24:$AK$127,$AG$24:$AG$127,$N43,$AH$24:$AH$127,$Z43,$AF$24:$AF$127,$E43))) -> 1.1428571 | Z43: =IFERROR(LOOKUP(H43,{30,43,48,53,58,63,68,73,78,83,88,93,97},{42,47,52,57,62,67,72,77,82,87,92,99,100}),999) -> 77 | AA43: =Y43/(VLOOKUP(E43,$C$2:$I$5,2,FALSE)) -> 1.6326531 | AB43: =IFERROR(IF(I43="AI",AA43-VLOOKUP(Q43,'PBT Tag Rates'!$A$6:$L$53,11,FALSE),AA43-VLOOKUP(Q43,'PBT Tag Rates'!$A$6:$L$53,12,FALSE)),0) -> 1.5913499 | AC43: =AB43/(VLOOKUP(E43,$C$2:$I$5,7,FALSE)) -> 16.091552 | AD43: Blw | AF43: 18 | AG43: M | AH43: 72 | AI43: =SUMIFS($X$7:$X$5545,$Z$7:$Z$5545,$AH43,$N$6:$N$5544,$AG43,$E$6:$E$5544,$AF43,$V$7:$V$5545,"NG") -> 1 | AJ43: =(SUMIFS($X$7:$X$5545,$Z$7:$Z$5545,$AH43,$N$6:$N$5544,$AG43,$E$6:$E$5544,$AF43)) -> 175 | AK43: =IFERROR(AI43/AJ43,0) -> 0.0057142857 | AM43: =AJ43*AK43 -> 1
A44: OtsLGRF24S | B44: OtsLGRF24S_0375 | C44: C-00375 | D44: 45524 | E44: =IF(AND(D44>=$F$2,D44<$F$3),70,IF(AND(D44>=$F$3,D44<$F$4),40,IF(AND(D44>=$F$4,D44<$F$5),18,9))) -> 70 | F44: F | G44: 750 | H44: =G44/10 -> 75 | I44: AI | J44: NA | K44: 3DD.0077B547E9 | L44: NA | M44: F | N44: =IF(M44="U",F44,M44) -> F | O44: OtsWellsSuPBT19YM-41 | P44: OtsWellsSuPBT19Y-39 | Q44: OtsWellsSuPBT19Y | R44: 5 | S44: =IFERROR($S$4-R44,"U") -> 2019 | T44: FALL | U44: 1 | V44: WFHsu | W44: =VLOOKUP(Q44,'PBT Tag Rates'!$A$6:$D$67,4,FALSE) -> 1 | X44: 1 | Y44: =IF(V44="ng",0,X44+(SUMIFS($AK$24:$AK$127,$AG$24:$AG$127,$N44,$AH$24:$AH$127,$Z44,$AF$24:$AF$127,$E44))) -> 1.1428571 | Z44: =IFERROR(LOOKUP(H44,{30,43,48,53,58,63,68,73,78,83,88,93,97},{42,47,52,57,62,67,72,77,82,87,92,99,100}),999) -> 77 | AA44: =Y44/(VLOOKUP(E44,$C$2:$I$5,2,FALSE)) -> 1.6326531 | AB44: =IFERROR(IF(I44="AI",AA44-VLOOKUP(Q44,'PBT Tag Rates'!$A$6:$L$53,11,FALSE),AA44-VLOOKUP(Q44,'PBT Tag Rates'!$A$6:$L$53,12,FALSE)),0) -> 1.6326531 | AC44: =AB44/(VLOOKUP(E44,$C$2:$I$5,7,FALSE)) -> 16.509205 | AD44: blw | AF44: 18 | AG44: M | AH44: 77 | AI44: =SUMIFS($X$7:$X$5545,$Z$7:$Z$5545,$AH44,$N$6:$N$5544,$AG44,$E$6:$E$5544,$AF44,$V$7:$V$5545,"NG") -> 1 | AJ44: =(SUMIFS($X$7:$X$5545,$Z$7:$Z$5545,$AH44,$N$6:$N$5544,$AG44,$E$6:$E$5544,$AF44)) -> 172 | AK44: =IFERROR(AI44/AJ44,0) -> 0.0058139535 | AM44: =AJ44*AK44 -> 1
A45: OtsLGRF24S | B45: OtsLGRF24S_0385 | C45: C-00385 | D45: 45524 | E45: =IF(AND(D45>=$F$2,D45<$F$3),70,IF(AND(D45>=$F$3,D45<$F$4),40,IF(AND(D45>=$F$4,D45<$F$5),18,9))) -> 70 | F45: M | G45: 380 | H45: =G45/10 -> 38 | I45: AI | J45: NA | K45: NA | L45: NA | M45: M | N45: =IF(M45="U",F45,M45) -> M | O45: NA | P45: NA | Q45: Unassigned | R45: NA | S45: =IFERROR($S$4-R45,"U") -> U | T45: FALL | U45: 1 | V45: NA | W45: =VLOOKUP(Q45,'PBT Tag Rates'!$A$6:$D$67,4,FALSE) -> 1 | X45: 1 | Y45: =IF(V45="ng",0,X45+(SUMIFS($AK$24:$AK$127,$AG$24:$AG$127,$N45,$AH$24:$AH$127,$Z45,$AF$24:$AF$127,$E45))) -> 1 | Z45: =IFERROR(LOOKUP(H45,{30,43,48,53,58,63,68,73,78,83,88,93,97},{42,47,52,57,62,67,72,77,82,87,92,99,100}),999) -> 42 | AA45: =Y45/(VLOOKUP(E45,$C$2:$I$5,2,FALSE)) -> 1.4285714 | AB45: =IFERROR(IF(I45="AI",AA45-VLOOKUP(Q45,'PBT Tag Rates'!$A$6:$L$53,11,FALSE),AA45-VLOOKUP(Q45,'PBT Tag Rates'!$A$6:$L$53,12,FALSE)),0) -> 1.3872683 | AC45: =AB45/(VLOOKUP(E45,$C$2:$I$5,7,FALSE)) -> 14.027902 | AD45: Abv | AF45: 18 | AG45: M | AH45: 82 | AI45: =SUMIFS($X$7:$X$5545,$Z$7:$Z$5545,$AH45,$N$6:$N$5544,$AG45,$E$6:$E$5544,$AF45,$V$7:$V$5545,"NG") -> 0 | AJ45: =(SUMIFS($X$7:$X$5545,$Z$7:$Z$5545,$AH45,$N$6:$N$5544,$AG45,$E$6:$E$5544,$AF45)) -> 88 | AK45: =IFERROR(AI45/AJ45,0) -> 0 | AM45: =AJ45*AK45 -> 0
A46: OtsLGRF24S | B46: OtsLGRF24S_0395 | C46: C-00395 | D46: 45524 | E46: =IF(AND(D46>=$F$2,D46<$F$3),70,IF(AND(D46>=$F$3,D46<$F$4),40,IF(AND(D46>=$F$4,D46<$F$5),18,9))) -> 70 | F46: F | G46: 810 | H46: =G46/10 -> 81 | I46: AD | J46: 1 | K46: 3DD.0077B588BC | L46: NA | M46: F | N46: =IF(M46="U",F46,M46) -> F | O46: OtsLYON19S_1_0544 | P46: OtsLYON19S_1_0426 | Q46: OtsLYON19S_1 | R46: 5 | S46: =IFERROR($S$4-R46,"U") -> 2019 | T46: FALL | U46: 1 | V46: LFSO | W46: =VLOOKUP(Q46,'PBT Tag Rates'!$A$6:$D$67,4,FALSE) -> 0.95971981 | X46: 1 | Y46: =IF(V46="ng",0,X46+(SUMIFS($AK$24:$AK$127,$AG$24:$AG$127,$N46,$AH$24:$AH$127,$Z46,$AF$24:$AF$127,$E46))) -> 1.137931 | Z46: =IFERROR(LOOKUP(H46,{30,43,48,53,58,63,68,73,78,83,88,93,97},{42,47,52,57,62,67,72,77,82,87,92,99,100}),999) -> 82 | AA46: =Y46/(VLOOKUP(E46,$C$2:$I$5,2,FALSE)) -> 1.6256158 | AB46: =IFERROR(IF(I46="AI",AA46-VLOOKUP(Q46,'PBT Tag Rates'!$A$6:$L$53,11,FALSE),AA46-VLOOKUP(Q46,'PBT Tag Rates'!$A$6:$L$53,12,FALSE)),0) -> 1.6675865 | AC46: =AB46/(VLOOKUP(E46,$C$2:$I$5,7,FALSE)) -> 16.862449 | AD46: Abv | AF46: 18 | AG46: M | AH46: 87 | AI46: =SUMIFS($X$7:$X$5545,$Z$7:$Z$5545,$AH46,$N$6:$N$5544,$AG46,$E$6:$E$5544,$AF46,$V$7:$V$5545,"NG") -> 0 | AJ46: =(SUMIFS($X$7:$X$5545,$Z$7:$Z$5545,$AH46,$N$6:$N$5544,$AG46,$E$6:$E$5544,$AF46)) -> 28 | AK46: =IFERROR(AI46/AJ46,0) -> 0 | AM46: =AJ46*AK46 -> 0
A47: OtsLGRF24S | B47: OtsLGRF24S_0405 | C47: C-00405 | D47: 45524 | E47: =IF(AND(D47>=$F$2,D47<$F$3),70,IF(AND(D47>=$F$3,D47<$F$4),40,IF(AND(D47>=$F$4,D47<$F$5),18,9))) -> 70 | F47: M | G47: 500 | H47: =G47/10 -> 50 | I47: AD | J47: 1 | K47: NA | L47: NA | M47: M | N47: =IF(M47="U",F47,M47) -> M | O47: OtsLYON22S_1_0406 | P47: OtsLYON22S_1_4170 | Q47: OtsLYON22S_1 | R47: 2 | S47: =IFERROR($S$4-R47,"U") -> 2022 | T47: FALL | U47: 1 | V47: IPCSR | W47: =VLOOKUP(Q47,'PBT Tag Rates'!$A$6:$D$67,4,FALSE) -> 0.98 | X47: 1 | Y47: =IF(V47="ng",0,X47+(SUMIFS($AK$24:$AK$127,$AG$24:$AG$127,$N47,$AH$24:$AH$127,$Z47,$AF$24:$AF$127,$E47))) -> 1.2857143 | Z47: =IFERROR(LOOKUP(H47,{30,43,48,53,58,63,68,73,78,83,88,93,97},{42,47,52,57,62,67,72,77,82,87,92,99,100}),999) -> 52 | AA47: =Y47/(VLOOKUP(E47,$C$2:$I$5,2,FALSE)) -> 1.8367347 | AB47: =IFERROR(IF(I47="AI",AA47-VLOOKUP(Q47,'PBT Tag Rates'!$A$6:$L$53,11,FALSE),AA47-VLOOKUP(Q47,'PBT Tag Rates'!$A$6:$L$53,12,FALSE)),0) -> 1.8571429 | AC47: =AB47/(VLOOKUP(E47,$C$2:$I$5,7,FALSE)) -> 18.779221 | AD47: Abv | AF47: 18 | AG47: M | AH47: 92 | AI47: =SUMIFS($X$7:$X$5545,$Z$7:$Z$5545,$AH47,$N$6:$N$5544,$AG47,$E$6:$E$5544,$AF47,$V$7:$V$5545,"NG") -> 0 | AJ47: =(SUMIFS($X$7:$X$5545,$Z$7:$Z$5545,$AH47,$N$6:$N$5544,$AG47,$E$6:$E$5544,$AF47)) -> 14 | AK47: =IFERROR(AI47/AJ47,0) -> 0 | AM47: =AJ47*AK47 -> 0
A48: OtsLGRF24S | B48: OtsLGRF24S_0415 | C48: C-00415 | D48: 45524 | E48: =IF(AND(D48>=$F$2,D48<$F$3),70,IF(AND(D48>=$F$3,D48<$F$4),40,IF(AND(D48>=$F$4,D48<$F$5),18,9))) -> 70 | F48: F | G48: 760 | H48: =G48/10 -> 76 | I48: AD | J48: 1 | K48: 3DD.0077B3F5BE | L48: NA | M48: F | N48: =IF(M48="U",F48,M48) -> F | O48: OtsLYON20S_1_0214 | P48: OtsLYON20S_1_0020 | Q48: OtsLYON20S_1 | R48: 4 | S48: =IFERROR($S$4-R48,"U") -> 2020 | T48: FALL | U48: 1 | V48: PLA1 | W48: =VLOOKUP(Q48,'PBT Tag Rates'!$A$6:$D$67,4,FALSE) -> 0.98961046 | X48: 1 | Y48: =IF(V48="ng",0,X48+(SUMIFS($AK$24:$AK$127,$AG$24:$AG$127,$N48,$AH$24:$AH$127,$Z48,$AF$24:$AF$127,$E48))) -> 1.1428571 | Z48: =IFERROR(LOOKUP(H48,{30,43,48,53,58,63,68,73,78,83,88,93,97},{42,47,52,57,62,67,72,77,82,87,92,99,100}),999) -> 77 | AA48: =Y48/(VLOOKUP(E48,$C$2:$I$5,2,FALSE)) -> 1.6326531 | AB48: =IFERROR(IF(I48="AI",AA48-VLOOKUP(Q48,'PBT Tag Rates'!$A$6:$L$53,11,FALSE),AA48-VLOOKUP(Q48,'PBT Tag Rates'!$A$6:$L$53,12,FALSE)),0) -> 1.6431517 | AC48: =AB48/(VLOOKUP(E48,$C$2:$I$5,7,FALSE)) -> 16.615366 | AD48: Abv | AF48: 18 | AG48: M | AH48: 99 | AI48: =SUMIFS($X$7:$X$5545,$Z$7:$Z$5545,$AH48,$N$6:$N$5544,$AG48,$E$6:$E$5544,$AF48,$V$7:$V$5545,"NG") -> 0 | AJ48: =(SUMIFS($X$7:$X$5545,$Z$7:$Z$5545,$AH48,$N$6:$N$5544,$AG48,$E$6:$E$5544,$AF48)) -> 2 | AK48: =IFERROR(AI48/AJ48,0) -> 0 | AM48: =AJ48*AK48 -> 0
A49: OtsLGRF24S | B49: OtsLGRF24S_0425 | C49: C-00425 | D49: 45524 | E49: =IF(AND(D49>=$F$2,D49<$F$3),70,IF(AND(D49>=$F$3,D49<$F$4),40,IF(AND(D49>=$F$4,D49<$F$5),18,9))) -> 70 | F49: F | G49: 720 | H49: =G49/10 -> 72 | I49: AD | J49: 1 | K49: 3DD.0077B58901 | L49: NA | M49: F | N49: =IF(M49="U",F49,M49) -> F | O49: OtsLYON20S_1_1342 | P49: OtsLYON20S_1_0865 | Q49: OtsLYON20S_1 | R49: 4 | S49: =IFERROR($S$4-R49,"U") -> 2020 | T49: FALL | U49: 1 | V49: PLA2 | W49: =VLOOKUP(Q49,'PBT Tag Rates'!$A$6:$D$67,4,FALSE) -> 0.98961046 | X49: 1 | Y49: =IF(V49="ng",0,X49+(SUMIFS($AK$24:$AK$127,$AG$24:$AG$127,$N49,$AH$24:$AH$127,$Z49,$AF$24:$AF$127,$E49))) -> 1.0666667 | Z49: =IFERROR(LOOKUP(H49,{30,43,48,53,58,63,68,73,78,83,88,93,97},{42,47,52,57,62,67,72,77,82,87,92,99,100}),999) -> 72 | AA49: =Y49/(VLOOKUP(E49,$C$2:$I$5,2,FALSE)) -> 1.5238095 | AB49: =IFERROR(IF(I49="AI",AA49-VLOOKUP(Q49,'PBT Tag Rates'!$A$6:$L$53,11,FALSE),AA49-VLOOKUP(Q49,'PBT Tag Rates'!$A$6:$L$53,12,FALSE)),0) -> 1.5343081 | AC49: =AB49/(VLOOKUP(E49,$C$2:$I$5,7,FALSE)) -> 15.514752 | AD49: Abv | AF49: 18 | AG49: M | AH49: 100 | AI49: =SUMIFS($X$7:$X$5545,$Z$7:$Z$5545,$AH49,$N$6:$N$5544,$AG49,$E$6:$E$5544,$AF49,$V$7:$V$5545,"NG") -> 0 | AJ49: =(SUMIFS($X$7:$X$5545,$Z$7:$Z$5545,$AH49,$N$6:$N$5544,$AG49,$E$6:$E$5544,$AF49)) -> 1 | AK49: =IFERROR(AI49/AJ49,0) -> 0 | AM49: =AJ49*AK49 -> 0
A50: OtsLGRF24S | B50: OtsLGRF24S_0435 | C50: C-00435 | D50: 45524 | E50: =IF(AND(D50>=$F$2,D50<$F$3),70,IF(AND(D50>=$F$3,D50<$F$4),40,IF(AND(D50>=$F$4,D50<$F$5),18,9))) -> 70 | F50: F | G50: 720 | H50: =G50/10 -> 72 | I50: AD | J50: 1 | K50: 3DD.0077B43206 | L50: NA | M50: F | N50: =IF(M50="U",F50,M50) -> F | O50: OtsLYON20S_1_1583 | P50: OtsLYON20S_1_1765 | Q50: OtsLYON20S_1 | R50: 4 | S50: =IFERROR($S$4-R50,"U") -> 2020 | T50: FALL | U50: 1 | V50: GRR | W50: =VLOOKUP(Q50,'PBT Tag Rates'!$A$6:$D$67,4,FALSE) -> 0.98961046 | X50: 1 | Y50: =IF(V50="ng",0,X50+(SUMIFS($AK$24:$AK$127,$AG$24:$AG$127,$N50,$AH$24:$AH$127,$Z50,$AF$24:$AF$127,$E50))) -> 1.0666667 | Z50: =IFERROR(LOOKUP(H50,{30,43,48,53,58,63,68,73,78,83,88,93,97},{42,47,52,57,62,67,72,77,82,87,92,99,100}),999) -> 72 | AA50: =Y50/(VLOOKUP(E50,$C$2:$I$5,2,FALSE)) -> 1.5238095 | AB50: =IFERROR(IF(I50="AI",AA50-VLOOKUP(Q50,'PBT Tag Rates'!$A$6:$L$53,11,FALSE),AA50-VLOOKUP(Q50,'PBT Tag Rates'!$A$6:$L$53,12,FALSE)),0) -> 1.5343081 | AC50: =AB50/(VLOOKUP(E50,$C$2:$I$5,7,FALSE)) -> 15.514752 | AD50: Abv | AF50: 70 | AG50: F | AH50: 42 | AI50: =SUMIFS($X$7:$X$5545,$Z$7:$Z$5545,$AH50,$N$6:$N$5544,$AG50,$E$6:$E$5544,$AF50,$V$7:$V$5545,"NG") -> 0 | AJ50: =(SUMIFS($X$7:$X$5545,$Z$7:$Z$5545,$AH50,$N$6:$N$5544,$AG50,$E$6:$E$5544,$AF50)) -> 2 | AK50: =IFERROR(AI50/AJ50,0) -> 0 | AM50: =AJ50*AK50 -> 0
A51: OtsLGRF24S | B51: OtsLGRF24S_0445 | C51: C-00445 | D51: 45524 | E51: =IF(AND(D51>=$F$2,D51<$F$3),70,IF(AND(D51>=$F$3,D51<$F$4),40,IF(AND(D51>=$F$4,D51<$F$5),18,9))) -> 70 | F51: F | G51: 750 | H51: =G51/10 -> 75 | I51: AI | J51: NA | K51: 3DD.0077B47E8F | L51: NA | M51: F | N51: =IF(M51="U",F51,M51) -> F | O51: OtsNPFH20S_1_0057 | P51: OtsNPFH20S_1_0046 | Q51: OtsNPFH20S_1 | R51: 4 | S51: =IFERROR($S$4-R51,"U") -> 2020 | T51: FALL | U51: 1 | V51: NPTH | W51: =VLOOKUP(Q51,'PBT Tag Rates'!$A$6:$D$67,4,FALSE) -> 0.98845609 | X51: 1 | Y51: =IF(V51="ng",0,X51+(SUMIFS($AK$24:$AK$127,$AG$24:$AG$127,$N51,$AH$24:$AH$127,$Z51,$AF$24:$AF$127,$E51))) -> 1.1428571 | Z51: =IFERROR(LOOKUP(H51,{30,43,48,53,58,63,68,73,78,83,88,93,97},{42,47,52,57,62,67,72,77,82,87,92,99,100}),999) -> 77 | AA51: =Y51/(VLOOKUP(E51,$C$2:$I$5,2,FALSE)) -> 1.6326531 | AB51: =IFERROR(IF(I51="AI",AA51-VLOOKUP(Q51,'PBT Tag Rates'!$A$6:$L$53,11,FALSE),AA51-VLOOKUP(Q51,'PBT Tag Rates'!$A$6:$L$53,12,FALSE)),0) -> 1.6443318 | AC51: =AB51/(VLOOKUP(E51,$C$2:$I$5,7,FALSE)) -> 16.627299 | AD51: Abv | AF51: 70 | AG51: F | AH51: 47 | AI51: =SUMIFS($X$7:$X$5545,$Z$7:$Z$5545,$AH51,$N$6:$N$5544,$AG51,$E$6:$E$5544,$AF51,$V$7:$V$5545,"NG") -> 0 | AJ51: =(SUMIFS($X$7:$X$5545,$Z$7:$Z$5545,$AH51,$N$6:$N$5544,$AG51,$E$6:$E$5544,$AF51)) -> 4 | AK51: =IFERROR(AI51/AJ51,0) -> 0 | AM51: =AJ51*AK51 -> 0
A52: OtsLGRF24S | B52: OtsLGRF24S_0455 | C52: C-00455 | D52: 45524 | E52: =IF(AND(D52>=$F$2,D52<$F$3),70,IF(AND(D52>=$F$3,D52<$F$4),40,IF(AND(D52>=$F$4,D52<$F$5),18,9))) -> 70 | F52: F | G52: 740 | H52: =G52/10 -> 74 | I52: AD | J52: 1 | K52: 3DD.0077B3C682 | L52: NA | M52: F | N52: =IF(M52="U",F52,M52) -> F | O52: OtsLYON20S_1_0670 | P52: OtsLYON20S_1_0764 | Q52: OtsLYON20S_1 | R52: 4 | S52: =IFERROR($S$4-R52,"U") -> 2020 | T52: FALL | U52: 1 | V52: CJA2 | W52: =VLOOKUP(Q52,'PBT Tag Rates'!$A$6:$D$67,4,FALSE) -> 0.98961046 | X52: 1 | Y52: =IF(V52="ng",0,X52+(SUMIFS($AK$24:$AK$127,$AG$24:$AG$127,$N52,$AH$24:$AH$127,$Z52,$AF$24:$AF$127,$E52))) -> 1.1428571 | Z52: =IFERROR(LOOKUP(H52,{30,43,48,53,58,63,68,73,78,83,88,93,97},{42,47,52,57,62,67,72,77,82,87,92,99,100}),999) -> 77 | AA52: =Y52/(VLOOKUP(E52,$C$2:$I$5,2,FALSE)) -> 1.6326531 | AB52: =IFERROR(IF(I52="AI",AA52-VLOOKUP(Q52,'PBT Tag Rates'!$A$6:$L$53,11,FALSE),AA52-VLOOKUP(Q52,'PBT Tag Rates'!$A$6:$L$53,12,FALSE)),0) -> 1.6431517 | AC52: =AB52/(VLOOKUP(E52,$C$2:$I$5,7,FALSE)) -> 16.615366 | AD52: Abv | AF52: 70 | AG52: F | AH52: 52 | AI52: =SUMIFS($X$7:$X$5545,$Z$7:$Z$5545,$AH52,$N$6:$N$5544,$AG52,$E$6:$E$5544,$AF52,$V$7:$V$5545,"NG") -> 0 | AJ52: =(SUMIFS($X$7:$X$5545,$Z$7:$Z$5545,$AH52,$N$6:$N$5544,$AG52,$E$6:$E$5544,$AF52)) -> 4 | AK52: =IFERROR(AI52/AJ52,0) -> 0 | AM52: =AJ52*AK52 -> 0
A53: OtsLGRF24S | B53: OtsLGRF24S_0465 | C53: C-00465 | D53: 45524 | E53: =IF(AND(D53>=$F$2,D53<$F$3),70,IF(AND(D53>=$F$3,D53<$F$4),40,IF(AND(D53>=$F$4,D53<$F$5),18,9))) -> 70 | F53: M | G53: 730 | H53: =G53/10 -> 73 | I53: AD | J53: 1 | K53: 3DD.0077B5823D | L53: NA | M53: M | N53: =IF(M53="U",F53,M53) -> M | O53: OtsLYON20S_1_0292 | P53: OtsLYON20S_1_0188 | Q53: OtsLYON20S_1 | R53: 4 | S53: =IFERROR($S$4-R53,"U") -> 2020 | T53: FALL | U53: 1 | V53: BCA1 | W53: =VLOOKUP(Q53,'PBT Tag Rates'!$A$6:$D$67,4,FALSE) -> 0.98961046 | X53: 1 | Y53: =IF(V53="ng",0,X53+(SUMIFS($AK$24:$AK$127,$AG$24:$AG$127,$N53,$AH$24:$AH$127,$Z53,$AF$24:$AF$127,$E53))) -> 1.0555556 | Z53: =IFERROR(LOOKUP(H53,{30,43,48,53,58,63,68,73,78,83,88,93,97},{42,47,52,57,62,67,72,77,82,87,92,99,100}),999) -> 77 | AA53: =Y53/(VLOOKUP(E53,$C$2:$I$5,2,FALSE)) -> 1.5079365 | AB53: =IFERROR(IF(I53="AI",AA53-VLOOKUP(Q53,'PBT Tag Rates'!$A$6:$L$53,11,FALSE),AA53-VLOOKUP(Q53,'PBT Tag Rates'!$A$6:$L$53,12,FALSE)),0) -> 1.5184351 | AC53: =AB53/(VLOOKUP(E53,$C$2:$I$5,7,FALSE)) -> 15.354246 | AD53: Abv | AF53: 70 | AG53: F | AH53: 57 | AI53: =SUMIFS($X$7:$X$5545,$Z$7:$Z$5545,$AH53,$N$6:$N$5544,$AG53,$E$6:$E$5544,$AF53,$V$7:$V$5545,"NG") -> 1 | AJ53: =(SUMIFS($X$7:$X$5545,$Z$7:$Z$5545,$AH53,$N$6:$N$5544,$AG53,$E$6:$E$5544,$AF53)) -> 4 | AK53: =IFERROR(AI53/AJ53,0) -> 0.25 | AM53: =AJ53*AK53 -> 1
A54: OtsLGRF24S | B54: OtsLGRF24S_0475 | C54: C-00475 | D54: 45524 | E54: =IF(AND(D54>=$F$2,D54<$F$3),70,IF(AND(D54>=$F$3,D54<$F$4),40,IF(AND(D54>=$F$4,D54<$F$5),18,9))) -> 70 | F54: M | G54: 490 | H54: =G54/10 -> 49 | I54: AD | J54: 1 | K54: NA | L54: NA | M54: M | N54: =IF(M54="U",F54,M54) -> M | O54: OtsLYON22S_1_0429 | P54: OtsLYON22S_1_4211 | Q54: OtsLYON22S_1 | R54: 2 | S54: =IFERROR($S$4-R54,"U") -> 2022 | T54: FALL | U54: 1 | V54: IPCSR | W54: =VLOOKUP(Q54,'PBT Tag Rates'!$A$6:$D$67,4,FALSE) -> 0.98 | X54: 1 | Y54: =IF(V54="ng",0,X54+(SUMIFS($AK$24:$AK$127,$AG$24:$AG$127,$N54,$AH$24:$AH$127,$Z54,$AF$24:$AF$127,$E54))) -> 1.2857143 | Z54: =IFERROR(LOOKUP(H54,{30,43,48,53,58,63,68,73,78,83,88,93,97},{42,47,52,57,62,67,72,77,82,87,92,99,100}),999) -> 52 | AA54: =Y54/(VLOOKUP(E54,$C$2:$I$5,2,FALSE)) -> 1.8367347 | AB54: =IFERROR(IF(I54="AI",AA54-VLOOKUP(Q54,'PBT Tag Rates'!$A$6:$L$53,11,FALSE),AA54-VLOOKUP(Q54,'PBT Tag Rates'!$A$6:$L$53,12,FALSE)),0) -> 1.8571429 | AC54: =AB54/(VLOOKUP(E54,$C$2:$I$5,7,FALSE)) -> 18.779221 | AD54: Abv | AF54: 70 | AG54: F | AH54: 62 | AI54: =SUMIFS($X$7:$X$5545,$Z$7:$Z$5545,$AH54,$N$6:$N$5544,$AG54,$E$6:$E$5544,$AF54,$V$7:$V$5545,"NG") -> 0 | AJ54: =(SUMIFS($X$7:$X$5545,$Z$7:$Z$5545,$AH54,$N$6:$N$5544,$AG54,$E$6:$E$5544,$AF54)) -> 6 | AK54: =IFERROR(AI54/AJ54,0) -> 0 | AM54: =AJ54*AK54 -> 0
A55: OtsLGRF24S | B55: OtsLGRF24S_0485 | C55: C-00485 | D55: 45524 | E55: =IF(AND(D55>=$F$2,D55<$F$3),70,IF(AND(D55>=$F$3,D55<$F$4),40,IF(AND(D55>=$F$4,D55<$F$5),18,9))) -> 70 | F55: F | G55: 730 | H55: =G55/10 -> 73 | I55: AD | J55: 1 | K55: 3DD.0077B43D7C | L55: NA | M55: M | N55: =IF(M55="U",F55,M55) -> M | O55: OtsNPFH20S_1_0583 | P55: OtsNPFH20S_1_0543 | Q55: OtsNPFH20S_1 | R55: 4 | S55: =IFERROR($S$4-R55,"U") -> 2020 | T55: FALL | U55: 1 | V55: NLVA | W55: =VLOOKUP(Q55,'PBT Tag Rates'!$A$6:$D$67,4,FALSE) -> 0.98845609 | X55: 1 | Y55: =IF(V55="ng",0,X55+(SUMIFS($AK$24:$AK$127,$AG$24:$AG$127,$N55,$AH$24:$AH$127,$Z55,$AF$24:$AF$127,$E55))) -> 1.0555556 | Z55: =IFERROR(LOOKUP(H55,{30,43,48,53,58,63,68,73,78,83,88,93,97},{42,47,52,57,62,67,72,77,82,87,92,99,100}),999) -> 77 | AA55: =Y55/(VLOOKUP(E55,$C$2:$I$5,2,FALSE)) -> 1.5079365 | AB55: =IFERROR(IF(I55="AI",AA55-VLOOKUP(Q55,'PBT Tag Rates'!$A$6:$L$53,11,FALSE),AA55-VLOOKUP(Q55,'PBT Tag Rates'!$A$6:$L$53,12,FALSE)),0) -> 1.5196152 | AC55: =AB55/(VLOOKUP(E55,$C$2:$I$5,7,FALSE)) -> 15.366179 | AD55: Abv | AF55: 70 | AG55: F | AH55: 67 | AI55: =SUMIFS($X$7:$X$5545,$Z$7:$Z$5545,$AH55,$N$6:$N$5544,$AG55,$E$6:$E$5544,$AF55,$V$7:$V$5545,"NG") -> 1 | AJ55: =(SUMIFS($X$7:$X$5545,$Z$7:$Z$5545,$AH55,$N$6:$N$5544,$AG55,$E$6:$E$5544,$AF55)) -> 14 | AK55: =IFERROR(AI55/AJ55,0) -> 0.071428571 | AM55: =AJ55*AK55 -> 1
A56: OtsLGRF24S | B56: OtsLGRF24S_0495 | C56: C-00495 | D56: 45524 | E56: =IF(AND(D56>=$F$2,D56<$F$3),70,IF(AND(D56>=$F$3,D56<$F$4),40,IF(AND(D56>=$F$4,D56<$F$5),18,9))) -> 70 | F56: F | G56: 710 | H56: =G56/10 -> 71 | I56: AI | J56: NA | K56: NA | L56: NA | M56: F | N56: =IF(M56="U",F56,M56) -> F | O56: OtsNPFH20S_1_0564 | P56: OtsNPFH20S_1_0524 | Q56: OtsNPFH20S_1 | R56: 4 | S56: =IFERROR($S$4-R56,"U") -> 2020 | T56: FALL | U56: 1 | V56: LGA | W56: =VLOOKUP(Q56,'PBT Tag Rates'!$A$6:$D$67,4,FALSE) -> 0.98845609 | X56: 1 | Y56: =IF(V56="ng",0,X56+(SUMIFS($AK$24:$AK$127,$AG$24:$AG$127,$N56,$AH$24:$AH$127,$Z56,$AF$24:$AF$127,$E56))) -> 1.0666667 | Z56: =IFERROR(LOOKUP(H56,{30,43,48,53,58,63,68,73,78,83,88,93,97},{42,47,52,57,62,67,72,77,82,87,92,99,100}),999) -> 72 | AA56: =Y56/(VLOOKUP(E56,$C$2:$I$5,2,FALSE)) -> 1.5238095 | AB56: =IFERROR(IF(I56="AI",AA56-VLOOKUP(Q56,'PBT Tag Rates'!$A$6:$L$53,11,FALSE),AA56-VLOOKUP(Q56,'PBT Tag Rates'!$A$6:$L$53,12,FALSE)),0) -> 1.5354883 | AC56: =AB56/(VLOOKUP(E56,$C$2:$I$5,7,FALSE)) -> 15.526685 | AD56: Abv | AF56: 70 | AG56: F | AH56: 72 | AI56: =SUMIFS($X$7:$X$5545,$Z$7:$Z$5545,$AH56,$N$6:$N$5544,$AG56,$E$6:$E$5544,$AF56,$V$7:$V$5545,"NG") -> 1 | AJ56: =(SUMIFS($X$7:$X$5545,$Z$7:$Z$5545,$AH56,$N$6:$N$5544,$AG56,$E$6:$E$5544,$AF56)) -> 15 | AK56: =IFERROR(AI56/AJ56,0) -> 0.066666667 | AM56: =AJ56*AK56 -> 1
A57: OtsLGRF24S | B57: OtsLGRF24S_0505 | C57: C-00505 | D57: 45524 | E57: =IF(AND(D57>=$F$2,D57<$F$3),70,IF(AND(D57>=$F$3,D57<$F$4),40,IF(AND(D57>=$F$4,D57<$F$5),18,9))) -> 70 | F57: F | G57: 820 | H57: =G57/10 -> 82 | I57: AD | J57: NA | K57: 3DD.0077B545C9 | L57: NA | M57: F | N57: =IF(M57="U",F57,M57) -> F | O57: OtsLYON19S_1_0523 | P57: OtsLYON19S_1_0346 | Q57: OtsLYON19S_1 | R57: 5 | S57: =IFERROR($S$4-R57,"U") -> 2019 | T57: FALL | U57: 1 | V57: BCA1 | W57: =VLOOKUP(Q57,'PBT Tag Rates'!$A$6:$D$67,4,FALSE) -> 0.95971981 | X57: 1 | Y57: =IF(V57="ng",0,X57+(SUMIFS($AK$24:$AK$127,$AG$24:$AG$127,$N57,$AH$24:$AH$127,$Z57,$AF$24:$AF$127,$E57))) -> 1.137931 | Z57: =IFERROR(LOOKUP(H57,{30,43,48,53,58,63,68,73,78,83,88,93,97},{42,47,52,57,62,67,72,77,82,87,92,99,100}),999) -> 82 | AA57: =Y57/(VLOOKUP(E57,$C$2:$I$5,2,FALSE)) -> 1.6256158 | AB57: =IFERROR(IF(I57="AI",AA57-VLOOKUP(Q57,'PBT Tag Rates'!$A$6:$L$53,11,FALSE),AA57-VLOOKUP(Q57,'PBT Tag Rates'!$A$6:$L$53,12,FALSE)),0) -> 1.6675865 | AC57: =AB57/(VLOOKUP(E57,$C$2:$I$5,7,FALSE)) -> 16.862449 | AD57: Abv | AF57: 70 | AG57: F | AH57: 77 | AI57: =SUMIFS($X$7:$X$5545,$Z$7:$Z$5545,$AH57,$N$6:$N$5544,$AG57,$E$6:$E$5544,$AF57,$V$7:$V$5545,"NG") -> 6 | AJ57: =(SUMIFS($X$7:$X$5545,$Z$7:$Z$5545,$AH57,$N$6:$N$5544,$AG57,$E$6:$E$5544,$AF57)) -> 42 | AK57: =IFERROR(AI57/AJ57,0) -> 0.14285714 | AM57: =AJ57*AK57 -> 6
A58: OtsLGRF24S | B58: OtsLGRF24S_0515 | C58: C-00515 | D58: 45524 | E58: =IF(AND(D58>=$F$2,D58<$F$3),70,IF(AND(D58>=$F$3,D58<$F$4),40,IF(AND(D58>=$F$4,D58<$F$5),18,9))) -> 70 | F58: F | G58: 830 | H58: =G58/10 -> 83 | I58: AD | J58: 1 | K58: 3DD.0077B42DE7 | L58: NA | M58: F | N58: =IF(M58="U",F58,M58) -> F | O58: OtsLYON19S_1_1743 | P58: OtsLYON19S_1_1978 | Q58: OtsLYON19S_1 | R58: 5 | S58: =IFERROR($S$4-R58,"U") -> 2019 | T58: FALL | U58: 1 | V58: IPCSR | W58: =VLOOKUP(Q58,'PBT Tag Rates'!$A$6:$D$67,4,FALSE) -> 0.95971981 | X58: 1 | Y58: =IF(V58="ng",0,X58+(SUMIFS($AK$24:$AK$127,$AG$24:$AG$127,$N58,$AH$24:$AH$127,$Z58,$AF$24:$AF$127,$E58))) -> 1 | Z58: =IFERROR(LOOKUP(H58,{30,43,48,53,58,63,68,73,78,83,88,93,97},{42,47,52,57,62,67,72,77,82,87,92,99,100}),999) -> 87 | AA58: =Y58/(VLOOKUP(E58,$C$2:$I$5,2,FALSE)) -> 1.4285714 | AB58: =IFERROR(IF(I58="AI",AA58-VLOOKUP(Q58,'PBT Tag Rates'!$A$6:$L$53,11,FALSE),AA58-VLOOKUP(Q58,'PBT Tag Rates'!$A$6:$L$53,12,FALSE)),0) -> 1.4705422 | AC58: =AB58/(VLOOKUP(E58,$C$2:$I$5,7,FALSE)) -> 14.869958 | AD58: Abv | AF58: 70 | AG58: F | AH58: 82 | AI58: =SUMIFS($X$7:$X$5545,$Z$7:$Z$5545,$AH58,$N$6:$N$5544,$AG58,$E$6:$E$5544,$AF58,$V$7:$V$5545,"NG") -> 4 | AJ58: =(SUMIFS($X$7:$X$5545,$Z$7:$Z$5545,$AH58,$N$6:$N$5544,$AG58,$E$6:$E$5544,$AF58)) -> 29 | AK58: =IFERROR(AI58/AJ58,0) -> 0.13793103 | AM58: =AJ58*AK58 -> 4
A59: OtsLGRF24S | B59: OtsLGRF24S_0525 | C59: C-00525 | D59: 45524 | E59: =IF(AND(D59>=$F$2,D59<$F$3),70,IF(AND(D59>=$F$3,D59<$F$4),40,IF(AND(D59>=$F$4,D59<$F$5),18,9))) -> 70 | F59: F | G59: 690 | H59: =G59/10 -> 69 | I59: AI | J59: NA | K59: NA | L59: NA | M59: F | N59: =IF(M59="U",F59,M59) -> F | O59: NA | P59: NA | Q59: Unassigned | R59: NA | S59: =IFERROR($S$4-R59,"U") -> U | T59: FALL | U59: 1 | V59: NA | W59: =VLOOKUP(Q59,'PBT Tag Rates'!$A$6:$D$67,4,FALSE) -> 1 | X59: 1 | Y59: =IF(V59="ng",0,X59+(SUMIFS($AK$24:$AK$127,$AG$24:$AG$127,$N59,$AH$24:$AH$127,$Z59,$AF$24:$AF$127,$E59))) -> 1.0666667 | Z59: =IFERROR(LOOKUP(H59,{30,43,48,53,58,63,68,73,78,83,88,93,97},{42,47,52,57,62,67,72,77,82,87,92,99,100}),999) -> 72 | AA59: =Y59/(VLOOKUP(E59,$C$2:$I$5,2,FALSE)) -> 1.5238095 | AB59: =IFERROR(IF(I59="AI",AA59-VLOOKUP(Q59,'PBT Tag Rates'!$A$6:$L$53,11,FALSE),AA59-VLOOKUP(Q59,'PBT Tag Rates'!$A$6:$L$53,12,FALSE)),0) -> 1.4825064 | AC59: =AB59/(VLOOKUP(E59,$C$2:$I$5,7,FALSE)) -> 14.990939 | AD59: Abv | AF59: 70 | AG59: F | AH59: 87 | AI59: =SUMIFS($X$7:$X$5545,$Z$7:$Z$5545,$AH59,$N$6:$N$5544,$AG59,$E$6:$E$5544,$AF59,$V$7:$V$5545,"NG") -> 0 | AJ59: =(SUMIFS($X$7:$X$5545,$Z$7:$Z$5545,$AH59,$N$6:$N$5544,$AG59,$E$6:$E$5544,$AF59)) -> 17 | AK59: =IFERROR(AI59/AJ59,0) -> 0 | AM59: =AJ59*AK59 -> 0
A60: OtsLGRF24S | B60: OtsLGRF24S_0535 | C60: C-00535 | D60: 45525 | E60: =IF(AND(D60>=$F$2,D60<$F$3),70,IF(AND(D60>=$F$3,D60<$F$4),40,IF(AND(D60>=$F$4,D60<$F$5),18,9))) -> 70 | F60: M | G60: 760 | H60: =G60/10 -> 76 | I60: AD | J60: 1 | K60: 3DD.0077CCBA5C | L60: NA | M60: M | N60: =IF(M60="U",F60,M60) -> M | O60: OtsLYON20S_1_1343 | P60: OtsLYON20S_1_0878 | Q60: OtsLYON20S_1 | R60: 4 | S60: =IFERROR($S$4-R60,"U") -> 2020 | T60: FALL | U60: 1 | V60: PLA2 | W60: =VLOOKUP(Q60,'PBT Tag Rates'!$A$6:$D$67,4,FALSE) -> 0.98961046 | X60: 1 | Y60: =IF(V60="ng",0,X60+(SUMIFS($AK$24:$AK$127,$AG$24:$AG$127,$N60,$AH$24:$AH$127,$Z60,$AF$24:$AF$127,$E60))) -> 1.0555556 | Z60: =IFERROR(LOOKUP(H60,{30,43,48,53,58,63,68,73,78,83,88,93,97},{42,47,52,57,62,67,72,77,82,87,92,99,100}),999) -> 77 | AA60: =Y60/(VLOOKUP(E60,$C$2:$I$5,2,FALSE)) -> 1.5079365 | AB60: =IFERROR(IF(I60="AI",AA60-VLOOKUP(Q60,'PBT Tag Rates'!$A$6:$L$53,11,FALSE),AA60-VLOOKUP(Q60,'PBT Tag Rates'!$A$6:$L$53,12,FALSE)),0) -> 1.5184351 | AC60: =AB60/(VLOOKUP(E60,$C$2:$I$5,7,FALSE)) -> 15.354246 | AD60: Abv | AF60: 70 | AG60: F | AH60: 92 | AI60: =SUMIFS($X$7:$X$5545,$Z$7:$Z$5545,$AH60,$N$6:$N$5544,$AG60,$E$6:$E$5544,$AF60,$V$7:$V$5545,"NG") -> 1 | AJ60: =(SUMIFS($X$7:$X$5545,$Z$7:$Z$5545,$AH60,$N$6:$N$5544,$AG60,$E$6:$E$5544,$AF60)) -> 4 | AK60: =IFERROR(AI60/AJ60,0) -> 0.25 | AM60: =AJ60*AK60 -> 1
A61: OtsLGRF24S | B61: OtsLGRF24S_0545 | C61: C-00545 | D61: 45525 | E61: =IF(AND(D61>=$F$2,D61<$F$3),70,IF(AND(D61>=$F$3,D61<$F$4),40,IF(AND(D61>=$F$4,D61<$F$5),18,9))) -> 70 | F61: M | G61: 810 | H61: =G61/10 -> 81 | I61: AD | J61: 1 | K61: 3DD.0077B4823E | L61: NA | M61: M | N61: =IF(M61="U",F61,M61) -> M | O61: OtsLYON20S_1_0284 | P61: OtsLYON20S_1_1046 | Q61: OtsLYON20S_1 | R61: 4 | S61: =IFERROR($S$4-R61,"U") -> 2020 | T61: FALL | U61: 1 | V61: CJA1 | W61: =VLOOKUP(Q61,'PBT Tag Rates'!$A$6:$D$67,4,FALSE) -> 0.98961046 | X61: 1 | Y61: =IF(V61="ng",0,X61+(SUMIFS($AK$24:$AK$127,$AG$24:$AG$127,$N61,$AH$24:$AH$127,$Z61,$AF$24:$AF$127,$E61))) -> 1.025 | Z61: =IFERROR(LOOKUP(H61,{30,43,48,53,58,63,68,73,78,83,88,93,97},{42,47,52,57,62,67,72,77,82,87,92,99,100}),999) -> 82 | AA61: =Y61/(VLOOKUP(E61,$C$2:$I$5,2,FALSE)) -> 1.4642857 | AB61: =IFERROR(IF(I61="AI",AA61-VLOOKUP(Q61,'PBT Tag Rates'!$A$6:$L$53,11,FALSE),AA61-VLOOKUP(Q61,'PBT Tag Rates'!$A$6:$L$53,12,FALSE)),0) -> 1.4747843 | AC61: =AB61/(VLOOKUP(E61,$C$2:$I$5,7,FALSE)) -> 14.912854 | AD61: Abv | AF61: 70 | AG61: F | AH61: 99 | AI61: =SUMIFS($X$7:$X$5545,$Z$7:$Z$5545,$AH61,$N$6:$N$5544,$AG61,$E$6:$E$5544,$AF61,$V$7:$V$5545,"NG") -> 0 | AJ61: =(SUMIFS($X$7:$X$5545,$Z$7:$Z$5545,$AH61,$N$6:$N$5544,$AG61,$E$6:$E$5544,$AF61)) -> 0 | AK61: =IFERROR(AI61/AJ61,0) -> 0 | AM61: =AJ61*AK61 -> 0
A62: OtsLGRF24S | B62: OtsLGRF24S_0555 | C62: C-00555 | D62: 45525 | E62: =IF(AND(D62>=$F$2,D62<$F$3),70,IF(AND(D62>=$F$3,D62<$F$4),40,IF(AND(D62>=$F$4,D62<$F$5),18,9))) -> 70 | F62: M | G62: 830 | H62: =G62/10 -> 83 | I62: AD | J62: 1 | K62: 3DD.0077CC7752 | L62: NA | M62: M | N62: =IF(M62="U",F62,M62) -> M | O62: OtsLYON19S_1_0579 | P62: OtsLYON19S_1_0638 | Q62: OtsLYON19S_1 | R62: 5 | S62: =IFERROR($S$4-R62,"U") -> 2019 | T62: FALL | U62: 1 | V62: CJA1 | W62: =VLOOKUP(Q62,'PBT Tag Rates'!$A$6:$D$67,4,FALSE) -> 0.95971981 | X62: 1 | Y62: =IF(V62="ng",0,X62+(SUMIFS($AK$24:$AK$127,$AG$24:$AG$127,$N62,$AH$24:$AH$127,$Z62,$AF$24:$AF$127,$E62))) -> 1 | Z62: =IFERROR(LOOKUP(H62,{30,43,48,53,58,63,68,73,78,83,88,93,97},{42,47,52,57,62,67,72,77,82,87,92,99,100}),999) -> 87 | AA62: =Y62/(VLOOKUP(E62,$C$2:$I$5,2,FALSE)) -> 1.4285714 | AB62: =IFERROR(IF(I62="AI",AA62-VLOOKUP(Q62,'PBT Tag Rates'!$A$6:$L$53,11,FALSE),AA62-VLOOKUP(Q62,'PBT Tag Rates'!$A$6:$L$53,12,FALSE)),0) -> 1.4705422 | AC62: =AB62/(VLOOKUP(E62,$C$2:$I$5,7,FALSE)) -> 14.869958 | AD62: Abv | AF62: 70 | AG62: F | AH62: 100 | AI62: =SUMIFS($X$7:$X$5545,$Z$7:$Z$5545,$AH62,$N$6:$N$5544,$AG62,$E$6:$E$5544,$AF62,$V$7:$V$5545,"NG") -> 0 | AJ62: =(SUMIFS($X$7:$X$5545,$Z$7:$Z$5545,$AH62,$N$6:$N$5544,$AG62,$E$6:$E$5544,$AF62)) -> 0 | AK62: =IFERROR(AI62/AJ62,0) -> 0 | AM62: =AJ62*AK62 -> 0
A63: OtsLGRF24S | B63: OtsLGRF24S_0565 | C63: C-00565 | D63: 45525 | E63: =IF(AND(D63>=$F$2,D63<$F$3),70,IF(AND(D63>=$F$3,D63<$F$4),40,IF(AND(D63>=$F$4,D63<$F$5),18,9))) -> 70 | F63: M | G63: 750 | H63: =G63/10 -> 75 | I63: AD | J63: 1 | K63: 3DD.0077CC6805 | L63: NA | M63: M | N63: =IF(M63="U",F63,M63) -> M | O63: OtsLYON21S_1_0769 | P63: OtsLYON21S_1_0429 | Q63: OtsLYON21S_1 | R63: 3 | S63: =IFERROR($S$4-R63,"U") -> 2021 | T63: FALL | U63: 1 | V63: LFSO | W63: =VLOOKUP(Q63,'PBT Tag Rates'!$A$6:$D$67,4,FALSE) -> 0.9814 | X63: 1 | Y63: =IF(V63="ng",0,X63+(SUMIFS($AK$24:$AK$127,$AG$24:$AG$127,$N63,$AH$24:$AH$127,$Z63,$AF$24:$AF$127,$E63))) -> 1.0555556 | Z63: =IFERROR(LOOKUP(H63,{30,43,48,53,58,63,68,73,78,83,88,93,97},{42,47,52,57,62,67,72,77,82,87,92,99,100}),999) -> 77 | AA63: =Y63/(VLOOKUP(E63,$C$2:$I$5,2,FALSE)) -> 1.5079365 | AB63: =IFERROR(IF(I63="AI",AA63-VLOOKUP(Q63,'PBT Tag Rates'!$A$6:$L$53,11,FALSE),AA63-VLOOKUP(Q63,'PBT Tag Rates'!$A$6:$L$53,12,FALSE)),0) -> 1.526889 | AC63: =AB63/(VLOOKUP(E63,$C$2:$I$5,7,FALSE)) -> 15.439731 | AD63: Abv | AF63: 70 | AG63: M | AH63: 42 | AI63: =SUMIFS($X$7:$X$5545,$Z$7:$Z$5545,$AH63,$N$6:$N$5544,$AG63,$E$6:$E$5544,$AF63,$V$7:$V$5545,"NG") -> 0 | AJ63: =(SUMIFS($X$7:$X$5545,$Z$7:$Z$5545,$AH63,$N$6:$N$5544,$AG63,$E$6:$E$5544,$AF63)) -> 0 | AK63: =IFERROR(AI63/AJ63,0) -> 0 | AM63: =AJ63*AK63 -> 0
A64: OtsLGRF24S | B64: OtsLGRF24S_0575 | C64: C-00575 | D64: 45525 | E64: =IF(AND(D64>=$F$2,D64<$F$3),70,IF(AND(D64>=$F$3,D64<$F$4),40,IF(AND(D64>=$F$4,D64<$F$5),18,9))) -> 70 | F64: M | G64: 820 | H64: =G64/10 -> 82 | I64: AD | J64: 1 | K64: 3DD.0078C3159D | L64: NA | M64: M | N64: =IF(M64="U",F64,M64) -> M | O64: OtsLYON20S_1_0237 | P64: OtsLYON20S_1_0080 | Q64: OtsLYON20S_1 | R64: 4 | S64: =IFERROR($S$4-R64,"U") -> 2020 | T64: FALL | U64: 1 | V64: PLA1 | W64: =VLOOKUP(Q64,'PBT Tag Rates'!$A$6:$D$67,4,FALSE) -> 0.98961046 | X64: 1 | Y64: =IF(V64="ng",0,X64+(SUMIFS($AK$24:$AK$127,$AG$24:$AG$127,$N64,$AH$24:$AH$127,$Z64,$AF$24:$AF$127,$E64))) -> 1.025 | Z64: =IFERROR(LOOKUP(H64,{30,43,48,53,58,63,68,73,78,83,88,93,97},{42,47,52,57,62,67,72,77,82,87,92,99,100}),999) -> 82 | AA64: =Y64/(VLOOKUP(E64,$C$2:$I$5,2,FALSE)) -> 1.4642857 | AB64: =IFERROR(IF(I64="AI",AA64-VLOOKUP(Q64,'PBT Tag Rates'!$A$6:$L$53,11,FALSE),AA64-VLOOKUP(Q64,'PBT Tag Rates'!$A$6:$L$53,12,FALSE)),0) -> 1.4747843 | AC64: =AB64/(VLOOKUP(E64,$C$2:$I$5,7,FALSE)) -> 14.912854 | AD64: Abv | AF64: 70 | AG64: M | AH64: 47 | AI64: =SUMIFS($X$7:$X$5545,$Z$7:$Z$5545,$AH64,$N$6:$N$5544,$AG64,$E$6:$E$5544,$AF64,$V$7:$V$5545,"NG") -> 0 | AJ64: =(SUMIFS($X$7:$X$5545,$Z$7:$Z$5545,$AH64,$N$6:$N$5544,$AG64,$E$6:$E$5544,$AF64)) -> 1 | AK64: =IFERROR(AI64/AJ64,0) -> 0 | AM64: =AJ64*AK64 -> 0
A65: OtsLGRF24S | B65: OtsLGRF24S_0585 | C65: C-00585 | D65: 45525 | E65: =IF(AND(D65>=$F$2,D65<$F$3),70,IF(AND(D65>=$F$3,D65<$F$4),40,IF(AND(D65>=$F$4,D65<$F$5),18,9))) -> 70 | F65: M | G65: 690 | H65: =G65/10 -> 69 | I65: AI | J65: NA | K65: NA | L65: NA | M65: M | N65: =IF(M65="U",F65,M65) -> M | O65: OtsLYON21S_1_0826 | P65: OtsLYON21S_1_1658 | Q65: OtsLYON21S_1 | R65: 3 | S65: =IFERROR($S$4-R65,"U") -> 2021 | T65: FALL | U65: 1 | V65: LFSO | W65: =VLOOKUP(Q65,'PBT Tag Rates'!$A$6:$D$67,4,FALSE) -> 0.9814 | X65: 1 | Y65: =IF(V65="ng",0,X65+(SUMIFS($AK$24:$AK$127,$AG$24:$AG$127,$N65,$AH$24:$AH$127,$Z65,$AF$24:$AF$127,$E65))) -> 1.0952381 | Z65: =IFERROR(LOOKUP(H65,{30,43,48,53,58,63,68,73,78,83,88,93,97},{42,47,52,57,62,67,72,77,82,87,92,99,100}),999) -> 72 | AA65: =Y65/(VLOOKUP(E65,$C$2:$I$5,2,FALSE)) -> 1.5646259 | AB65: =IFERROR(IF(I65="AI",AA65-VLOOKUP(Q65,'PBT Tag Rates'!$A$6:$L$53,11,FALSE),AA65-VLOOKUP(Q65,'PBT Tag Rates'!$A$6:$L$53,12,FALSE)),0) -> 1.5835784 | AC65: =AB65/(VLOOKUP(E65,$C$2:$I$5,7,FALSE)) -> 16.012967 | AD65: Abv | AF65: 70 | AG65: M | AH65: 52 | AI65: =SUMIFS($X$7:$X$5545,$Z$7:$Z$5545,$AH65,$N$6:$N$5544,$AG65,$E$6:$E$5544,$AF65,$V$7:$V$5545,"NG") -> 2 | AJ65: =(SUMIFS($X$7:$X$5545,$Z$7:$Z$5545,$AH65,$N$6:$N$5544,$AG65,$E$6:$E$5544,$AF65)) -> 7 | AK65: =IFERROR(AI65/AJ65,0) -> 0.28571429 | AM65: =AJ65*AK65 -> 2
A66: OtsLGRF24S | B66: OtsLGRF24S_0595 | C66: C-00595 | D66: 45525 | E66: =IF(AND(D66>=$F$2,D66<$F$3),70,IF(AND(D66>=$F$3,D66<$F$4),40,IF(AND(D66>=$F$4,D66<$F$5),18,9))) -> 70 | F66: F | G66: 770 | H66: =G66/10 -> 77 | I66: AD | J66: 1 | K66: 3DD.0077A5C8D3 | L66: NA | M66: F | N66: =IF(M66="U",F66,M66) -> F | O66: OtsLYON20S_1_0207 | P66: OtsLYON20S_1_0038 | Q66: OtsLYON20S_1 | R66: 4 | S66: =IFERROR($S$4-R66,"U") -> 2020 | T66: FALL | U66: 1 | V66: PLA1 | W66: =VLOOKUP(Q66,'PBT Tag Rates'!$A$6:$D$67,4,FALSE) -> 0.98961046 | X66: 1 | Y66: =IF(V66="ng",0,X66+(SUMIFS($AK$24:$AK$127,$AG$24:$AG$127,$N66,$AH$24:$AH$127,$Z66,$AF$24:$AF$127,$E66))) -> 1.1428571 | Z66: =IFERROR(LOOKUP(H66,{30,43,48,53,58,63,68,73,78,83,88,93,97},{42,47,52,57,62,67,72,77,82,87,92,99,100}),999) -> 77 | AA66: =Y66/(VLOOKUP(E66,$C$2:$I$5,2,FALSE)) -> 1.6326531 | AB66: =IFERROR(IF(I66="AI",AA66-VLOOKUP(Q66,'PBT Tag Rates'!$A$6:$L$53,11,FALSE),AA66-VLOOKUP(Q66,'PBT Tag Rates'!$A$6:$L$53,12,FALSE)),0) -> 1.6431517 | AC66: =AB66/(VLOOKUP(E66,$C$2:$I$5,7,FALSE)) -> 16.615366 | AD66: Abv | AF66: 70 | AG66: M | AH66: 57 | AI66: =SUMIFS($X$7:$X$5545,$Z$7:$Z$5545,$AH66,$N$6:$N$5544,$AG66,$E$6:$E$5544,$AF66,$V$7:$V$5545,"NG") -> 0 | AJ66: =(SUMIFS($X$7:$X$5545,$Z$7:$Z$5545,$AH66,$N$6:$N$5544,$AG66,$E$6:$E$5544,$AF66)) -> 1 | AK66: =IFERROR(AI66/AJ66,0) -> 0 | AM66: =AJ66*AK66 -> 0
A67: OtsLGRF24S | B67: OtsLGRF24S_0605 | C67: C-00605 | D67: 45525 | E67: =IF(AND(D67>=$F$2,D67<$F$3),70,IF(AND(D67>=$F$3,D67<$F$4),40,IF(AND(D67>=$F$4,D67<$F$5),18,9))) -> 70 | F67: F | G67: 780 | H67: =G67/10 -> 78 | I67: AD | J67: 1 | K67: 3DD.0077A5CB74 | L67: NA | M67: F | N67: =IF(M67="U",F67,M67) -> F | O67: OtsNPFH20S_1_0493 | P67: OtsNPFH20S_1_0454 | Q67: OtsNPFH20S_1 | R67: 4 | S67: =IFERROR($S$4-R67,"U") -> 2020 | T67: FALL | U67: 1 | V67: CFA | W67: =VLOOKUP(Q67,'PBT Tag Rates'!$A$6:$D$67,4,FALSE) -> 0.98845609 | X67: 1 | Y67: =IF(V67="ng",0,X67+(SUMIFS($AK$24:$AK$127,$AG$24:$AG$127,$N67,$AH$24:$AH$127,$Z67,$AF$24:$AF$127,$E67))) -> 1.137931 | Z67: =IFERROR(LOOKUP(H67,{30,43,48,53,58,63,68,73,78,83,88,93,97},{42,47,52,57,62,67,72,77,82,87,92,99,100}),999) -> 82 | AA67: =Y67/(VLOOKUP(E67,$C$2:$I$5,2,FALSE)) -> 1.6256158 | AB67: =IFERROR(IF(I67="AI",AA67-VLOOKUP(Q67,'PBT Tag Rates'!$A$6:$L$53,11,FALSE),AA67-VLOOKUP(Q67,'PBT Tag Rates'!$A$6:$L$53,12,FALSE)),0) -> 1.6372945 | AC67: =AB67/(VLOOKUP(E67,$C$2:$I$5,7,FALSE)) -> 16.556139 | AD67: Abv | AF67: 70 | AG67: M | AH67: 62 | AI67: =SUMIFS($X$7:$X$5545,$Z$7:$Z$5545,$AH67,$N$6:$N$5544,$AG67,$E$6:$E$5544,$AF67,$V$7:$V$5545,"NG") -> 0 | AJ67: =(SUMIFS($X$7:$X$5545,$Z$7:$Z$5545,$AH67,$N$6:$N$5544,$AG67,$E$6:$E$5544,$AF67)) -> 7 | AK67: =IFERROR(AI67/AJ67,0) -> 0 | AM67: =AJ67*AK67 -> 0
A68: OtsLGRF24S | B68: OtsLGRF24S_0615 | C68: C-00615 | D68: 45525 | E68: =IF(AND(D68>=$F$2,D68<$F$3),70,IF(AND(D68>=$F$3,D68<$F$4),40,IF(AND(D68>=$F$4,D68<$F$5),18,9))) -> 70 | F68: M | G68: 820 | H68: =G68/10 -> 82 | I68: AD | J68: 1 | K68: 3DD.0078C315C6 | L68: NA | M68: M | N68: =IF(M68="U",F68,M68) -> M | O68: OtsLYON20S_1_0296 | P68: OtsLYON20S_1_1053 | Q68: OtsLYON20S_1 | R68: 4 | S68: =IFERROR($S$4-R68,"U") -> 2020 | T68: FALL | U68: 1 | V68: CJA1 | W68: =VLOOKUP(Q68,'PBT Tag Rates'!$A$6:$D$67,4,FALSE) -> 0.98961046 | X68: 1 | Y68: =IF(V68="ng",0,X68+(SUMIFS($AK$24:$AK$127,$AG$24:$AG$127,$N68,$AH$24:$AH$127,$Z68,$AF$24:$AF$127,$E68))) -> 1.025 | Z68: =IFERROR(LOOKUP(H68,{30,43,48,53,58,63,68,73,78,83,88,93,97},{42,47,52,57,62,67,72,77,82,87,92,99,100}),999) -> 82 | AA68: =Y68/(VLOOKUP(E68,$C$2:$I$5,2,FALSE)) -> 1.4642857 | AB68: =IFERROR(IF(I68="AI",AA68-VLOOKUP(Q68,'PBT Tag Rates'!$A$6:$L$53,11,FALSE),AA68-VLOOKUP(Q68,'PBT Tag Rates'!$A$6:$L$53,12,FALSE)),0) -> 1.4747843 | AC68: =AB68/(VLOOKUP(E68,$C$2:$I$5,7,FALSE)) -> 14.912854 | AD68: Abv | AF68: 70 | AG68: M | AH68: 67 | AI68: =SUMIFS($X$7:$X$5545,$Z$7:$Z$5545,$AH68,$N$6:$N$5544,$AG68,$E$6:$E$5544,$AF68,$V$7:$V$5545,"NG") -> 1 | AJ68: =(SUMIFS($X$7:$X$5545,$Z$7:$Z$5545,$AH68,$N$6:$N$5544,$AG68,$E$6:$E$5544,$AF68)) -> 12 | AK68: =IFERROR(AI68/AJ68,0) -> 0.083333333 | AM68: =AJ68*AK68 -> 1
A69: OtsLGRF24S | B69: OtsLGRF24S_0625 | C69: C-00625 | D69: 45525 | E69: =IF(AND(D69>=$F$2,D69<$F$3),70,IF(AND(D69>=$F$3,D69<$F$4),40,IF(AND(D69>=$F$4,D69<$F$5),18,9))) -> 70 | F69: M | G69: 620 | H69: =G69/10 -> 62 | I69: AD | J69: 1 | K69: NA | L69: NA | M69: M | N69: =IF(M69="U",F69,M69) -> M | O69: OtsLYON21S_1_0863 | P69: OtsLYON21S_1_1833 | Q69: OtsLYON21S_1 | R69: 3 | S69: =IFERROR($S$4-R69,"U") -> 2021 | T69: FALL | U69: 1 | V69: BCA2 | W69: =VLOOKUP(Q69,'PBT Tag Rates'!$A$6:$D$67,4,FALSE) -> 0.9814 | X69: 1 | Y69: =IF(V69="ng",0,X69+(SUMIFS($AK$24:$AK$127,$AG$24:$AG$127,$N69,$AH$24:$AH$127,$Z69,$AF$24:$AF$127,$E69))) -> 1 | Z69: =IFERROR(LOOKUP(H69,{30,43,48,53,58,63,68,73,78,83,88,93,97},{42,47,52,57,62,67,72,77,82,87,92,99,100}),999) -> 62 | AA69: =Y69/(VLOOKUP(E69,$C$2:$I$5,2,FALSE)) -> 1.4285714 | AB69: =IFERROR(IF(I69="AI",AA69-VLOOKUP(Q69,'PBT Tag Rates'!$A$6:$L$53,11,FALSE),AA69-VLOOKUP(Q69,'PBT Tag Rates'!$A$6:$L$53,12,FALSE)),0) -> 1.4475239 | AC69: =AB69/(VLOOKUP(E69,$C$2:$I$5,7,FALSE)) -> 14.6372 | AD69: Abv | AF69: 70 | AG69: M | AH69: 72 | AI69: =SUMIFS($X$7:$X$5545,$Z$7:$Z$5545,$AH69,$N$6:$N$5544,$AG69,$E$6:$E$5544,$AF69,$V$7:$V$5545,"NG") -> 2 | AJ69: =(SUMIFS($X$7:$X$5545,$Z$7:$Z$5545,$AH69,$N$6:$N$5544,$AG69,$E$6:$E$5544,$AF69)) -> 21 | AK69: =IFERROR(AI69/AJ69,0) -> 0.095238095 | AM69: =AJ69*AK69 -> 2
A70: OtsLGRF24S | B70: OtsLGRF24S_0635 | C70: C-00635 | D70: 45525 | E70: =IF(AND(D70>=$F$2,D70<$F$3),70,IF(AND(D70>=$F$3,D70<$F$4),40,IF(AND(D70>=$F$4,D70<$F$5),18,9))) -> 70 | F70: F | G70: 770 | H70: =G70/10 -> 77 | I70: AI | J70: NA | K70: 3DD.0078C315C4 | L70: NA | M70: F | N70: =IF(M70="U",F70,M70) -> F | O70: NA | P70: NA | Q70: Unassigned | R70: NA | S70: =IFERROR($S$4-R70,"U") -> U | T70: FALL | U70: 1 | V70: NA | W70: =VLOOKUP(Q70,'PBT Tag Rates'!$A$6:$D$67,4,FALSE) -> 1 | X70: 1 | Y70: =IF(V70="ng",0,X70+(SUMIFS($AK$24:$AK$127,$AG$24:$AG$127,$N70,$AH$24:$AH$127,$Z70,$AF$24:$AF$127,$E70))) -> 1.1428571 | Z70: =IFERROR(LOOKUP(H70,{30,43,48,53,58,63,68,73,78,83,88,93,97},{42,47,52,57,62,67,72,77,82,87,92,99,100}),999) -> 77 | AA70: =Y70/(VLOOKUP(E70,$C$2:$I$5,2,FALSE)) -> 1.6326531 | AB70: =IFERROR(IF(I70="AI",AA70-VLOOKUP(Q70,'PBT Tag Rates'!$A$6:$L$53,11,FALSE),AA70-VLOOKUP(Q70,'PBT Tag Rates'!$A$6:$L$53,12,FALSE)),0) -> 1.5913499 | AC70: =AB70/(VLOOKUP(E70,$C$2:$I$5,7,FALSE)) -> 16.091552 | AD70: Abv | AF70: 70 | AG70: M | AH70: 77 | AI70: =SUMIFS($X$7:$X$5545,$Z$7:$Z$5545,$AH70,$N$6:$N$5544,$AG70,$E$6:$E$5544,$AF70,$V$7:$V$5545,"NG") -> 2 | AJ70: =(SUMIFS($X$7:$X$5545,$Z$7:$Z$5545,$AH70,$N$6:$N$5544,$AG70,$E$6:$E$5544,$AF70)) -> 36 | AK70: =IFERROR(AI70/AJ70,0) -> 0.055555556 | AM70: =AJ70*AK70 -> 2
A71: OtsLGRF24S | B71: OtsLGRF24S_0645 | C71: C-00645 | D71: 45525 | E71: =IF(AND(D71>=$F$2,D71<$F$3),70,IF(AND(D71>=$F$3,D71<$F$4),40,IF(AND(D71>=$F$4,D71<$F$5),18,9))) -> 70 | F71: F | G71: 750 | H71: =G71/10 -> 75 | I71: AI | J71: NA | K71: 3DD.003D3FDAD1 | L71: NA | M71: F | N71: =IF(M71="U",F71,M71) -> F | O71: OtsLYON20S_1_0452 | P71: OtsLYON20S_1_1175 | Q71: OtsLYON20S_1 | R71: 4 | S71: =IFERROR($S$4-R71,"U") -> 2020 | T71: FALL | U71: 1 | V71: LFSO | W71: =VLOOKUP(Q71,'PBT Tag Rates'!$A$6:$D$67,4,FALSE) -> 0.98961046 | X71: 1 | Y71: =IF(V71="ng",0,X71+(SUMIFS($AK$24:$AK$127,$AG$24:$AG$127,$N71,$AH$24:$AH$127,$Z71,$AF$24:$AF$127,$E71))) -> 1.1428571 | Z71: =IFERROR(LOOKUP(H71,{30,43,48,53,58,63,68,73,78,83,88,93,97},{42,47,52,57,62,67,72,77,82,87,92,99,100}),999) -> 77 | AA71: =Y71/(VLOOKUP(E71,$C$2:$I$5,2,FALSE)) -> 1.6326531 | AB71: =IFERROR(IF(I71="AI",AA71-VLOOKUP(Q71,'PBT Tag Rates'!$A$6:$L$53,11,FALSE),AA71-VLOOKUP(Q71,'PBT Tag Rates'!$A$6:$L$53,12,FALSE)),0) -> 1.6431517 | AC71: =AB71/(VLOOKUP(E71,$C$2:$I$5,7,FALSE)) -> 16.615366 | AD71: Abv | AF71: 70 | AG71: M | AH71: 82 | AI71: =SUMIFS($X$7:$X$5545,$Z$7:$Z$5545,$AH71,$N$6:$N$5544,$AG71,$E$6:$E$5544,$AF71,$V$7:$V$5545,"NG") -> 1 | AJ71: =(SUMIFS($X$7:$X$5545,$Z$7:$Z$5545,$AH71,$N$6:$N$5544,$AG71,$E$6:$E$5544,$AF71)) -> 40 | AK71: =IFERROR(AI71/AJ71,0) -> 0.025 | AM71: =AJ71*AK71 -> 1
A72: OtsLGRF24S | B72: OtsLGRF24S_0655 | C72: C-00655 | D72: 45525 | E72: =IF(AND(D72>=$F$2,D72<$F$3),70,IF(AND(D72>=$F$3,D72<$F$4),40,IF(AND(D72>=$F$4,D72<$F$5),18,9))) -> 70 | F72: F | G72: 800 | H72: =G72/10 -> 80 | I72: AI | J72: NA | K72: 3DD.0078C315A3 | L72: NA | M72: F | N72: =IF(M72="U",F72,M72) -> F | O72: OtsLYON20S_1_0297 | P72: OtsLYON20S_1_1060 | Q72: OtsLYON20S_1 | R72: 4 | S72: =IFERROR($S$4-R72,"U") -> 2020 | T72: FALL | U72: 1 | V72: CJA1 | W72: =VLOOKUP(Q72,'PBT Tag Rates'!$A$6:$D$67,4,FALSE) -> 0.98961046 | X72: 1 | Y72: =IF(V72="ng",0,X72+(SUMIFS($AK$24:$AK$127,$AG$24:$AG$127,$N72,$AH$24:$AH$127,$Z72,$AF$24:$AF$127,$E72))) -> 1.137931 | Z72: =IFERROR(LOOKUP(H72,{30,43,48,53,58,63,68,73,78,83,88,93,97},{42,47,52,57,62,67,72,77,82,87,92,99,100}),999) -> 82 | AA72: =Y72/(VLOOKUP(E72,$C$2:$I$5,2,FALSE)) -> 1.6256158 | AB72: =IFERROR(IF(I72="AI",AA72-VLOOKUP(Q72,'PBT Tag Rates'!$A$6:$L$53,11,FALSE),AA72-VLOOKUP(Q72,'PBT Tag Rates'!$A$6:$L$53,12,FALSE)),0) -> 1.6361144 | AC72: =AB72/(VLOOKUP(E72,$C$2:$I$5,7,FALSE)) -> 16.544206 | AD72: Abv | AF72: 70 | AG72: M | AH72: 87 | AI72: =SUMIFS($X$7:$X$5545,$Z$7:$Z$5545,$AH72,$N$6:$N$5544,$AG72,$E$6:$E$5544,$AF72,$V$7:$V$5545,"NG") -> 0 | AJ72: =(SUMIFS($X$7:$X$5545,$Z$7:$Z$5545,$AH72,$N$6:$N$5544,$AG72,$E$6:$E$5544,$AF72)) -> 16 | AK72: =IFERROR(AI72/AJ72,0) -> 0 | AM72: =AJ72*AK72 -> 0
A73: OtsLGRF24S | B73: OtsLGRF24S_0665 | C73: C-00665 | D73: 45525 | E73: =IF(AND(D73>=$F$2,D73<$F$3),70,IF(AND(D73>=$F$3,D73<$F$4),40,IF(AND(D73>=$F$4,D73<$F$5),18,9))) -> 70 | F73: F | G73: 810 | H73: =G73/10 -> 81 | I73: AI | J73: NA | K73: 3DD.0078C315B4 | L73: NA | M73: F | N73: =IF(M73="U",F73,M73) -> F | O73: OtsNPFH19S_1_1315 | P73: OtsNPFH19S_1_1056 | Q73: OtsNPFH19S_1 | R73: 5 | S73: =IFERROR($S$4-R73,"U") -> 2019 | T73: FALL | U73: 1 | V73: NPTH | W73: =VLOOKUP(Q73,'PBT Tag Rates'!$A$6:$D$67,4,FALSE) -> 0.99705232 | X73: 1 | Y73: =IF(V73="ng",0,X73+(SUMIFS($AK$24:$AK$127,$AG$24:$AG$127,$N73,$AH$24:$AH$127,$Z73,$AF$24:$AF$127,$E73))) -> 1.137931 | Z73: =IFERROR(LOOKUP(H73,{30,43,48,53,58,63,68,73,78,83,88,93,97},{42,47,52,57,62,67,72,77,82,87,92,99,100}),999) -> 82 | AA73: =Y73/(VLOOKUP(E73,$C$2:$I$5,2,FALSE)) -> 1.6256158 | AB73: =IFERROR(IF(I73="AI",AA73-VLOOKUP(Q73,'PBT Tag Rates'!$A$6:$L$53,11,FALSE),AA73-VLOOKUP(Q73,'PBT Tag Rates'!$A$6:$L$53,12,FALSE)),0) -> 1.6285722 | AC73: =AB73/(VLOOKUP(E73,$C$2:$I$5,7,FALSE)) -> 16.467939 | AD73: Abv | AF73: 70 | AG73: M | AH73: 92 | AI73: =SUMIFS($X$7:$X$5545,$Z$7:$Z$5545,$AH73,$N$6:$N$5544,$AG73,$E$6:$E$5544,$AF73,$V$7:$V$5545,"NG") -> 0 | AJ73: =(SUMIFS($X$7:$X$5545,$Z$7:$Z$5545,$AH73,$N$6:$N$5544,$AG73,$E$6:$E$5544,$AF73)) -> 4 | AK73: =IFERROR(AI73/AJ73,0) -> 0 | AM73: =AJ73*AK73 -> 0
A74: OtsLGRF24S | B74: OtsLGRF24S_0675 | C74: C-00675 | D74: 45525 | E74: =IF(AND(D74>=$F$2,D74<$F$3),70,IF(AND(D74>=$F$3,D74<$F$4),40,IF(AND(D74>=$F$4,D74<$F$5),18,9))) -> 70 | F74: F | G74: 780 | H74: =G74/10 -> 78 | I74: AD | J74: 1 | K74: 3DD.0078C315C9 | L74: NA | M74: F | N74: =IF(M74="U",F74,M74) -> F | O74: OtsLYON19S_1_1316 | P74: OtsLYON19S_1_1229 | Q74: OtsLYON19S_1 | R74: 5 | S74: =IFERROR($S$4-R74,"U") -> 2019 | T74: FALL | U74: 1 | V74: CJA2 | W74: =VLOOKUP(Q74,'PBT Tag Rates'!$A$6:$D$67,4,FALSE) -> 0.95971981 | X74: 1 | Y74: =IF(V74="ng",0,X74+(SUMIFS($AK$24:$AK$127,$AG$24:$AG$127,$N74,$AH$24:$AH$127,$Z74,$AF$24:$AF$127,$E74))) -> 1.137931 | Z74: =IFERROR(LOOKUP(H74,{30,43,48,53,58,63,68,73,78,83,88,93,97},{42,47,52,57,62,67,72,77,82,87,92,99,100}),999) -> 82 | AA74: =Y74/(VLOOKUP(E74,$C$2:$I$5,2,FALSE)) -> 1.6256158 | AB74: =IFERROR(IF(I74="AI",AA74-VLOOKUP(Q74,'PBT Tag Rates'!$A$6:$L$53,11,FALSE),AA74-VLOOKUP(Q74,'PBT Tag Rates'!$A$6:$L$53,12,FALSE)),0) -> 1.6675865 | AC74: =AB74/(VLOOKUP(E74,$C$2:$I$5,7,FALSE)) -> 16.862449 | AD74: Abv | AF74: 70 | AG74: M | AH74: 99 | AI74: =SUMIFS($X$7:$X$5545,$Z$7:$Z$5545,$AH74,$N$6:$N$5544,$AG74,$E$6:$E$5544,$AF74,$V$7:$V$5545,"NG") -> 0 | AJ74: =(SUMIFS($X$7:$X$5545,$Z$7:$Z$5545,$AH74,$N$6:$N$5544,$AG74,$E$6:$E$5544,$AF74)) -> 0 | AK74: =IFERROR(AI74/AJ74,0) -> 0 | AM74: =AJ74*AK74 -> 0
A75: OtsLGRF24S | B75: OtsLGRF24S_0685 | C75: C-00685 | D75: 45525 | E75: =IF(AND(D75>=$F$2,D75<$F$3),70,IF(AND(D75>=$F$3,D75<$F$4),40,IF(AND(D75>=$F$4,D75<$F$5),18,9))) -> 70 | F75: F | G75: 670 | H75: =G75/10 -> 67 | I75: AD | J75: 1 | K75: NA | L75: This individual failed to genotype | M75: U | N75: =IF(M75="U",F75,M75) -> F | O75: NG | P75: NG | Q75: NA | R75: NA | S75: =IFERROR($S$4-R75,"U") -> U | T75: NA | U75: NA | V75: NG | W75: =VLOOKUP(Q75,'PBT Tag Rates'!$A$6:$D$67,4,FALSE) -> #N/A | X75: 1 | Y75: =IF(V75="ng",0,X75+(SUMIFS($AK$24:$AK$127,$AG$24:$AG$127,$N75,$AH$24:$AH$127,$Z75,$AF$24:$AF$127,$E75))) -> 0 | Z75: =IFERROR(LOOKUP(H75,{30,43,48,53,58,63,68,73,78,83,88,93,97},{42,47,52,57,62,67,72,77,82,87,92,99,100}),999) -> 67 | AA75: =Y75/(VLOOKUP(E75,$C$2:$I$5,2,FALSE)) -> 0 | AB75: =IFERROR(IF(I75="AI",AA75-VLOOKUP(Q75,'PBT Tag Rates'!$A$6:$L$53,11,FALSE),AA75-VLOOKUP(Q75,'PBT Tag Rates'!$A$6:$L$53,12,FALSE)),0) -> 0 | AC75: =AB75/(VLOOKUP(E75,$C$2:$I$5,7,FALSE)) -> 0 | AD75: Blw | AF75: 70 | AG75: M | AH75: 100 | AI75: =SUMIFS($X$7:$X$5545,$Z$7:$Z$5545,$AH75,$N$6:$N$5544,$AG75,$E$6:$E$5544,$AF75,$V$7:$V$5545,"NG") -> 0 | AJ75: =(SUMIFS($X$7:$X$5545,$Z$7:$Z$5545,$AH75,$N$6:$N$5544,$AG75,$E$6:$E$5544,$AF75)) -> 0 | AK75: =IFERROR(AI75/AJ75,0) -> 0 | AM75: =AJ75*AK75 -> 0
A76: OtsLGRF24S | B76: OtsLGRF24S_0695 | C76: C-00695 | D76: 45525 | E76: =IF(AND(D76>=$F$2,D76<$F$3),70,IF(AND(D76>=$F$3,D76<$F$4),40,IF(AND(D76>=$F$4,D76<$F$5),18,9))) -> 70 | F76: F | G76: 840 | H76: =G76/10 -> 84 | I76: AI | J76: NA | K76: 3DD.0078C315BD | L76: NA | M76: F | N76: =IF(M76="U",F76,M76) -> F | O76: OtsLYON19S_1_0592 | P76: OtsLYON19S_1_0655 | Q76: OtsLYON19S_1 | R76: 5 | S76: =IFERROR($S$4-R76,"U") -> 2019 | T76: FALL | U76: 1 | V76: CJA1 | W76: =VLOOKUP(Q76,'PBT Tag Rates'!$A$6:$D$67,4,FALSE) -> 0.95971981 | X76: 1 | Y76: =IF(V76="ng",0,X76+(SUMIFS($AK$24:$AK$127,$AG$24:$AG$127,$N76,$AH$24:$AH$127,$Z76,$AF$24:$AF$127,$E76))) -> 1 | Z76: =IFERROR(LOOKUP(H76,{30,43,48,53,58,63,68,73,78,83,88,93,97},{42,47,52,57,62,67,72,77,82,87,92,99,100}),999) -> 87 | AA76: =Y76/(VLOOKUP(E76,$C$2:$I$5,2,FALSE)) -> 1.4285714 | AB76: =IFERROR(IF(I76="AI",AA76-VLOOKUP(Q76,'PBT Tag Rates'!$A$6:$L$53,11,FALSE),AA76-VLOOKUP(Q76,'PBT Tag Rates'!$A$6:$L$53,12,FALSE)),0) -> 1.4705422 | AC76: =AB76/(VLOOKUP(E76,$C$2:$I$5,7,FALSE)) -> 14.869958 | AD76: Abv | AF76: 40 | AG76: F | AH76: 42 | AI76: =SUMIFS($X$7:$X$5545,$Z$7:$Z$5545,$AH76,$N$6:$N$5544,$AG76,$E$6:$E$5544,$AF76,$V$7:$V$5545,"NG") -> 0 | AJ76: =(SUMIFS($X$7:$X$5545,$Z$7:$Z$5545,$AH76,$N$6:$N$5544,$AG76,$E$6:$E$5544,$AF76)) -> 2 | AK76: =IFERROR(AI76/AJ76,0) -> 0 | AM76: =AJ76*AK76 -> 0
A77: OtsLGRF24S | B77: OtsLGRF24S_0705 | C77: C-00705 | D77: 45525 | E77: =IF(AND(D77>=$F$2,D77<$F$3),70,IF(AND(D77>=$F$3,D77<$F$4),40,IF(AND(D77>=$F$4,D77<$F$5),18,9))) -> 70 | F77: M | G77: 580 | H77: =G77/10 -> 58 | I77: AD | J77: 1 | K77: NA | L77: NA | M77: M | N77: =IF(M77="U",F77,M77) -> M | O77: OtsLYON21S_1_0718 | P77: OtsLYON21S_1_0299 | Q77: OtsLYON21S_1 | R77: 3 | S77: =IFERROR($S$4-R77,"U") -> 2021 | T77: FALL | U77: 1 | V77: CJA1 | W77: =VLOOKUP(Q77,'PBT Tag Rates'!$A$6:$D$67,4,FALSE) -> 0.9814 | X77: 1 | Y77: =IF(V77="ng",0,X77+(SUMIFS($AK$24:$AK$127,$AG$24:$AG$127,$N77,$AH$24:$AH$127,$Z77,$AF$24:$AF$127,$E77))) -> 1 | Z77: =IFERROR(LOOKUP(H77,{30,43,48,53,58,63,68,73,78,83,88,93,97},{42,47,52,57,62,67,72,77,82,87,92,99,100}),999) -> 62 | AA77: =Y77/(VLOOKUP(E77,$C$2:$I$5,2,FALSE)) -> 1.4285714 | AB77: =IFERROR(IF(I77="AI",AA77-VLOOKUP(Q77,'PBT Tag Rates'!$A$6:$L$53,11,FALSE),AA77-VLOOKUP(Q77,'PBT Tag Rates'!$A$6:$L$53,12,FALSE)),0) -> 1.4475239 | AC77: =AB77/(VLOOKUP(E77,$C$2:$I$5,7,FALSE)) -> 14.6372 | AD77: Abv | AF77: 40 | AG77: F | AH77: 47 | AI77: =SUMIFS($X$7:$X$5545,$Z$7:$Z$5545,$AH77,$N$6:$N$5544,$AG77,$E$6:$E$5544,$AF77,$V$7:$V$5545,"NG") -> 0 | AJ77: =(SUMIFS($X$7:$X$5545,$Z$7:$Z$5545,$AH77,$N$6:$N$5544,$AG77,$E$6:$E$5544,$AF77)) -> 13 | AK77: =IFERROR(AI77/AJ77,0) -> 0 | AM77: =AJ77*AK77 -> 0
A78: OtsLGRF24S | B78: OtsLGRF24S_0715 | C78: C-00715 | D78: 45525 | E78: =IF(AND(D78>=$F$2,D78<$F$3),70,IF(AND(D78>=$F$3,D78<$F$4),40,IF(AND(D78>=$F$4,D78<$F$5),18,9))) -> 70 | F78: M | G78: 780 | H78: =G78/10 -> 78 | I78: AI | J78: NA | K78: 3DD.0078C31596 | L78: NA | M78: M | N78: =IF(M78="U",F78,M78) -> M | O78: OtsLYON20S_1_0416 | P78: OtsLYON20S_1_1103 | Q78: OtsLYON20S_1 | R78: 4 | S78: =IFERROR($S$4-R78,"U") -> 2020 | T78: FALL | U78: 1 | V78: CJA1 | W78: =VLOOKUP(Q78,'PBT Tag Rates'!$A$6:$D$67,4,FALSE) -> 0.98961046 | X78: 1 | Y78: =IF(V78="ng",0,X78+(SUMIFS($AK$24:$AK$127,$AG$24:$AG$127,$N78,$AH$24:$AH$127,$Z78,$AF$24:$AF$127,$E78))) -> 1.025 | Z78: =IFERROR(LOOKUP(H78,{30,43,48,53,58,63,68,73,78,83,88,93,97},{42,47,52,57,62,67,72,77,82,87,92,99,100}),999) -> 82 | AA78: =Y78/(VLOOKUP(E78,$C$2:$I$5,2,FALSE)) -> 1.4642857 | AB78: =IFERROR(IF(I78="AI",AA78-VLOOKUP(Q78,'PBT Tag Rates'!$A$6:$L$53,11,FALSE),AA78-VLOOKUP(Q78,'PBT Tag Rates'!$A$6:$L$53,12,FALSE)),0) -> 1.4747843 | AC78: =AB78/(VLOOKUP(E78,$C$2:$I$5,7,FALSE)) -> 14.912854 | AD78: Abv | AF78: 40 | AG78: F | AH78: 52 | AI78: =SUMIFS($X$7:$X$5545,$Z$7:$Z$5545,$AH78,$N$6:$N$5544,$AG78,$E$6:$E$5544,$AF78,$V$7:$V$5545,"NG") -> 0 | AJ78: =(SUMIFS($X$7:$X$5545,$Z$7:$Z$5545,$AH78,$N$6:$N$5544,$AG78,$E$6:$E$5544,$AF78)) -> 15 | AK78: =IFERROR(AI78/AJ78,0) -> 0 | AM78: =AJ78*AK78 -> 0
A79: OtsLGRF24S | B79: OtsLGRF24S_0725 | C79: C-00725 | D79: 45525 | E79: =IF(AND(D79>=$F$2,D79<$F$3),70,IF(AND(D79>=$F$3,D79<$F$4),40,IF(AND(D79>=$F$4,D79<$F$5),18,9))) -> 70 | F79: M | G79: 860 | H79: =G79/10 -> 86 | I79: AI | J79: NA | K79: 3DD.0077A5131A | L79: NA | M79: M | N79: =IF(M79="U",F79,M79) -> M | O79: OtsLYON20S_1_0418 | P79: OtsLYON20S_1_1077 | Q79: OtsLYON20S_1 | R79: 4 | S79: =IFERROR($S$4-R79,"U") -> 2020 | T79: FALL | U79: 1 | V79: CJA1 | W79: =VLOOKUP(Q79,'PBT Tag Rates'!$A$6:$D$67,4,FALSE) -> 0.98961046 | X79: 1 | Y79: =IF(V79="ng",0,X79+(SUMIFS($AK$24:$AK$127,$AG$24:$AG$127,$N79,$AH$24:$AH$127,$Z79,$AF$24:$AF$127,$E79))) -> 1 | Z79: =IFERROR(LOOKUP(H79,{30,43,48,53,58,63,68,73,78,83,88,93,97},{42,47,52,57,62,67,72,77,82,87,92,99,100}),999) -> 87 | AA79: =Y79/(VLOOKUP(E79,$C$2:$I$5,2,FALSE)) -> 1.4285714 | AB79: =IFERROR(IF(I79="AI",AA79-VLOOKUP(Q79,'PBT Tag Rates'!$A$6:$L$53,11,FALSE),AA79-VLOOKUP(Q79,'PBT Tag Rates'!$A$6:$L$53,12,FALSE)),0) -> 1.43907 | AC79: =AB79/(VLOOKUP(E79,$C$2:$I$5,7,FALSE)) -> 14.551715 | AD79: Abv | AF79: 40 | AG79: F | AH79: 57 | AI79: =SUMIFS($X$7:$X$5545,$Z$7:$Z$5545,$AH79,$N$6:$N$5544,$AG79,$E$6:$E$5544,$AF79,$V$7:$V$5545,"NG") -> 0 | AJ79: =(SUMIFS($X$7:$X$5545,$Z$7:$Z$5545,$AH79,$N$6:$N$5544,$AG79,$E$6:$E$5544,$AF79)) -> 11 | AK79: =IFERROR(AI79/AJ79,0) -> 0 | AM79: =AJ79*AK79 -> 0
A80: OtsLGRF24S | B80: OtsLGRF24S_0735 | C80: C-00735 | D80: 45525 | E80: =IF(AND(D80>=$F$2,D80<$F$3),70,IF(AND(D80>=$F$3,D80<$F$4),40,IF(AND(D80>=$F$4,D80<$F$5),18,9))) -> 70 | F80: M | G80: 620 | H80: =G80/10 -> 62 | I80: AI | J80: NA | K80: NA | L80: NA | M80: M | N80: =IF(M80="U",F80,M80) -> M | O80: OtsNPFH21S_1_1627 | P80: OtsNPFH21S_1_1546 | Q80: OtsNPFH21S_1 | R80: 3 | S80: =IFERROR($S$4-R80,"U") -> 2021 | T80: FALL | U80: 1 | V80: LGA | W80: =VLOOKUP(Q80,'PBT Tag Rates'!$A$6:$D$67,4,FALSE) -> 0.9826 | X80: 1 | Y80: =IF(V80="ng",0,X80+(SUMIFS($AK$24:$AK$127,$AG$24:$AG$127,$N80,$AH$24:$AH$127,$Z80,$AF$24:$AF$127,$E80))) -> 1 | Z80: =IFERROR(LOOKUP(H80,{30,43,48,53,58,63,68,73,78,83,88,93,97},{42,47,52,57,62,67,72,77,82,87,92,99,100}),999) -> 62 | AA80: =Y80/(VLOOKUP(E80,$C$2:$I$5,2,FALSE)) -> 1.4285714 | AB80: =IFERROR(IF(I80="AI",AA80-VLOOKUP(Q80,'PBT Tag Rates'!$A$6:$L$53,11,FALSE),AA80-VLOOKUP(Q80,'PBT Tag Rates'!$A$6:$L$53,12,FALSE)),0) -> 1.4462795 | AC80: =AB80/(VLOOKUP(E80,$C$2:$I$5,7,FALSE)) -> 14.624617 | AD80: Abv | AF80: 40 | AG80: F | AH80: 62 | AI80: =SUMIFS($X$7:$X$5545,$Z$7:$Z$5545,$AH80,$N$6:$N$5544,$AG80,$E$6:$E$5544,$AF80,$V$7:$V$5545,"NG") -> 0 | AJ80: =(SUMIFS($X$7:$X$5545,$Z$7:$Z$5545,$AH80,$N$6:$N$5544,$AG80,$E$6:$E$5544,$AF80)) -> 21 | AK80: =IFERROR(AI80/AJ80,0) -> 0 | AM80: =AJ80*AK80 -> 0
A81: OtsLGRF24S | B81: OtsLGRF24S_0745 | C81: C-00745 | D81: 45525 | E81: =IF(AND(D81>=$F$2,D81<$F$3),70,IF(AND(D81>=$F$3,D81<$F$4),40,IF(AND(D81>=$F$4,D81<$F$5),18,9))) -> 70 | F81: M | G81: 740 | H81: =G81/10 -> 74 | I81: AI | J81: NA | K81: 3DD.0077A686FE | L81: NA | M81: M | N81: =IF(M81="U",F81,M81) -> M | O81: OtsLYON21S_1_0763 | P81: OtsLYON21S_1_0423 | Q81: OtsLYON21S_1 | R81: 3 | S81: =IFERROR($S$4-R81,"U") -> 2021 | T81: FALL | U81: 1 | V81: BCA1 | W81: =VLOOKUP(Q81,'PBT Tag Rates'!$A$6:$D$67,4,FALSE) -> 0.9814 | X81: 1 | Y81: =IF(V81="ng",0,X81+(SUMIFS($AK$24:$AK$127,$AG$24:$AG$127,$N81,$AH$24:$AH$127,$Z81,$AF$24:$AF$127,$E81))) -> 1.0555556 | Z81: =IFERROR(LOOKUP(H81,{30,43,48,53,58,63,68,73,78,83,88,93,97},{42,47,52,57,62,67,72,77,82,87,92,99,100}),999) -> 77 | AA81: =Y81/(VLOOKUP(E81,$C$2:$I$5,2,FALSE)) -> 1.5079365 | AB81: =IFERROR(IF(I81="AI",AA81-VLOOKUP(Q81,'PBT Tag Rates'!$A$6:$L$53,11,FALSE),AA81-VLOOKUP(Q81,'PBT Tag Rates'!$A$6:$L$53,12,FALSE)),0) -> 1.526889 | AC81: =AB81/(VLOOKUP(E81,$C$2:$I$5,7,FALSE)) -> 15.439731 | AD81: Abv | AF81: 40 | AG81: F | AH81: 67 | AI81: =SUMIFS($X$7:$X$5545,$Z$7:$Z$5545,$AH81,$N$6:$N$5544,$AG81,$E$6:$E$5544,$AF81,$V$7:$V$5545,"NG") -> 0 | AJ81: =(SUMIFS($X$7:$X$5545,$Z$7:$Z$5545,$AH81,$N$6:$N$5544,$AG81,$E$6:$E$5544,$AF81)) -> 45 | AK81: =IFERROR(AI81/AJ81,0) -> 0 | AM81: =AJ81*AK81 -> 0
A82: OtsLGRF24S | B82: OtsLGRF24S_0755 | C82: C-00755 | D82: 45525 | E82: =IF(AND(D82>=$F$2,D82<$F$3),70,IF(AND(D82>=$F$3,D82<$F$4),40,IF(AND(D82>=$F$4,D82<$F$5),18,9))) -> 70 | F82: F | G82: 760 | H82: =G82/10 -> 76 | I82: AI | J82: NA | K82: 3DD.0078C315BB | L82: NA | M82: F | N82: =IF(M82="U",F82,M82) -> F | O82: OtsLYON20S_1_0621 | P82: OtsLYON20S_1_0589 | Q82: OtsLYON20S_1 | R82: 4 | S82: =IFERROR($S$4-R82,"U") -> 2020 | T82: FALL | U82: 1 | V82: LFSO | W82: =VLOOKUP(Q82,'PBT Tag Rates'!$A$6:$D$67,4,FALSE) -> 0.98961046 | X82: 1 | Y82: =IF(V82="ng",0,X82+(SUMIFS($AK$24:$AK$127,$AG$24:$AG$127,$N82,$AH$24:$AH$127,$Z82,$AF$24:$AF$127,$E82))) -> 1.1428571 | Z82: =IFERROR(LOOKUP(H82,{30,43,48,53,58,63,68,73,78,83,88,93,97},{42,47,52,57,62,67,72,77,82,87,92,99,100}),999) -> 77 | AA82: =Y82/(VLOOKUP(E82,$C$2:$I$5,2,FALSE)) -> 1.6326531 | AB82: =IFERROR(IF(I82="AI",AA82-VLOOKUP(Q82,'PBT Tag Rates'!$A$6:$L$53,11,FALSE),AA82-VLOOKUP(Q82,'PBT Tag Rates'!$A$6:$L$53,12,FALSE)),0) -> 1.6431517 | AC82: =AB82/(VLOOKUP(E82,$C$2:$I$5,7,FALSE)) -> 16.615366 | AD82: Abv | AF82: 40 | AG82: F | AH82: 72 | AI82: =SUMIFS($X$7:$X$5545,$Z$7:$Z$5545,$AH82,$N$6:$N$5544,$AG82,$E$6:$E$5544,$AF82,$V$7:$V$5545,"NG") -> 0 | AJ82: =(SUMIFS($X$7:$X$5545,$Z$7:$Z$5545,$AH82,$N$6:$N$5544,$AG82,$E$6:$E$5544,$AF82)) -> 58 | AK82: =IFERROR(AI82/AJ82,0) -> 0 | AM82: =AJ82*AK82 -> 0
A83: OtsLGRF24S | B83: OtsLGRF24S_0765 | C83: C-00765 | D83: 45525 | E83: =IF(AND(D83>=$F$2,D83<$F$3),70,IF(AND(D83>=$F$3,D83<$F$4),40,IF(AND(D83>=$F$4,D83<$F$5),18,9))) -> 70 | F83: M | G83: 450 | H83: =G83/10 -> 45 | I83: AI | J83: NA | K83: NA | L83: NA | M83: M | N83: =IF(M83="U",F83,M83) -> M | O83: OtsLYON22S_1_0432 | P83: OtsLYON22S_1_4218 | Q83: OtsLYON22S_1 | R83: 2 | S83: =IFERROR($S$4-R83,"U") -> 2022 | T83: FALL | U83: 1 | V83: IPCSR | W83: =VLOOKUP(Q83,'PBT Tag Rates'!$A$6:$D$67,4,FALSE) -> 0.98 | X83: 1 | Y83: =IF(V83="ng",0,X83+(SUMIFS($AK$24:$AK$127,$AG$24:$AG$127,$N83,$AH$24:$AH$127,$Z83,$AF$24:$AF$127,$E83))) -> 1 | Z83: =IFERROR(LOOKUP(H83,{30,43,48,53,58,63,68,73,78,83,88,93,97},{42,47,52,57,62,67,72,77,82,87,92,99,100}),999) -> 47 | AA83: =Y83/(VLOOKUP(E83,$C$2:$I$5,2,FALSE)) -> 1.4285714 | AB83: =IFERROR(IF(I83="AI",AA83-VLOOKUP(Q83,'PBT Tag Rates'!$A$6:$L$53,11,FALSE),AA83-VLOOKUP(Q83,'PBT Tag Rates'!$A$6:$L$53,12,FALSE)),0) -> 1.4489796 | AC83: =AB83/(VLOOKUP(E83,$C$2:$I$5,7,FALSE)) -> 14.65192 | AD83: Abv | AF83: 40 | AG83: F | AH83: 77 | AI83: =SUMIFS($X$7:$X$5545,$Z$7:$Z$5545,$AH83,$N$6:$N$5544,$AG83,$E$6:$E$5544,$AF83,$V$7:$V$5545,"NG") -> 0 | AJ83: =(SUMIFS($X$7:$X$5545,$Z$7:$Z$5545,$AH83,$N$6:$N$5544,$AG83,$E$6:$E$5544,$AF83)) -> 59 | AK83: =IFERROR(AI83/AJ83,0) -> 0 | AM83: =AJ83*AK83 -> 0
A84: OtsLGRF24S | B84: OtsLGRF24S_0775 | C84: C-00775 | D84: 45525 | E84: =IF(AND(D84>=$F$2,D84<$F$3),70,IF(AND(D84>=$F$3,D84<$F$4),40,IF(AND(D84>=$F$4,D84<$F$5),18,9))) -> 70 | F84: F | G84: 800 | H84: =G84/10 -> 80 | I84: AI | J84: NA | K84: 3DD.0077A6B268 | L84: NA | M84: F | N84: =IF(M84="U",F84,M84) -> F | O84: OtsLYON19S_1_1395 | P84: OtsLYON19S_1_1496 | Q84: OtsLYON19S_1 | R84: 5 | S84: =IFERROR($S$4-R84,"U") -> 2019 | T84: FALL | U84: 1 | V84: IPCSR | W84: =VLOOKUP(Q84,'PBT Tag Rates'!$A$6:$D$67,4,FALSE) -> 0.95971981 | X84: 1 | Y84: =IF(V84="ng",0,X84+(SUMIFS($AK$24:$AK$127,$AG$24:$AG$127,$N84,$AH$24:$AH$127,$Z84,$AF$24:$AF$127,$E84))) -> 1.137931 | Z84: =IFERROR(LOOKUP(H84,{30,43,48,53,58,63,68,73,78,83,88,93,97},{42,47,52,57,62,67,72,77,82,87,92,99,100}),999) -> 82 | AA84: =Y84/(VLOOKUP(E84,$C$2:$I$5,2,FALSE)) -> 1.6256158 | AB84: =IFERROR(IF(I84="AI",AA84-VLOOKUP(Q84,'PBT Tag Rates'!$A$6:$L$53,11,FALSE),AA84-VLOOKUP(Q84,'PBT Tag Rates'!$A$6:$L$53,12,FALSE)),0) -> 1.6675865 | AC84: =AB84/(VLOOKUP(E84,$C$2:$I$5,7,FALSE)) -> 16.862449 | AD84: Abv | AF84: 40 | AG84: F | AH84: 82 | AI84: =SUMIFS($X$7:$X$5545,$Z$7:$Z$5545,$AH84,$N$6:$N$5544,$AG84,$E$6:$E$5544,$AF84,$V$7:$V$5545,"NG") -> 1 | AJ84: =(SUMIFS($X$7:$X$5545,$Z$7:$Z$5545,$AH84,$N$6:$N$5544,$AG84,$E$6:$E$5544,$AF84)) -> 48 | AK84: =IFERROR(AI84/AJ84,0) -> 0.020833333 | AM84: =AJ84*AK84 -> 1
A85: OtsLGRF24S | B85: OtsLGRF24S_0785 | C85: C-00785 | D85: 45526 | E85: =IF(AND(D85>=$F$2,D85<$F$3),70,IF(AND(D85>=$F$3,D85<$F$4),40,IF(AND(D85>=$F$4,D85<$F$5),18,9))) -> 70 | F85: F | G85: 800 | H85: =G85/10 -> 80 | I85: AD | J85: NA | K85: NA | L85: NA | M85: F | N85: =IF(M85="U",F85,M85) -> F | O85: OtsLYON20S_1_0266 | P85: OtsLYON20S_1_0126 | Q85: OtsLYON20S_1 | R85: 4 | S85: =IFERROR($S$4-R85,"U") -> 2020 | T85: FALL | U85: 1 | V85: BCA1 | W85: =VLOOKUP(Q85,'PBT Tag Rates'!$A$6:$D$67,4,FALSE) -> 0.98961046 | X85: 1 | Y85: =IF(V85="ng",0,X85+(SUMIFS($AK$24:$AK$127,$AG$24:$AG$127,$N85,$AH$24:$AH$127,$Z85,$AF$24:$AF$127,$E85))) -> 1.137931 | Z85: =IFERROR(LOOKUP(H85,{30,43,48,53,58,63,68,73,78,83,88,93,97},{42,47,52,57,62,67,72,77,82,87,92,99,100}),999) -> 82 | AA85: =Y85/(VLOOKUP(E85,$C$2:$I$5,2,FALSE)) -> 1.6256158 | AB85: =IFERROR(IF(I85="AI",AA85-VLOOKUP(Q85,'PBT Tag Rates'!$A$6:$L$53,11,FALSE),AA85-VLOOKUP(Q85,'PBT Tag Rates'!$A$6:$L$53,12,FALSE)),0) -> 1.6361144 | AC85: =AB85/(VLOOKUP(E85,$C$2:$I$5,7,FALSE)) -> 16.544206 | AD85: Abv | AF85: 40 | AG85: F | AH85: 87 | AI85: =SUMIFS($X$7:$X$5545,$Z$7:$Z$5545,$AH85,$N$6:$N$5544,$AG85,$E$6:$E$5544,$AF85,$V$7:$V$5545,"NG") -> 0 | AJ85: =(SUMIFS($X$7:$X$5545,$Z$7:$Z$5545,$AH85,$N$6:$N$5544,$AG85,$E$6:$E$5544,$AF85)) -> 18 | AK85: =IFERROR(AI85/AJ85,0) -> 0 | AM85: =AJ85*AK85 -> 0
A86: OtsLGRF24S | B86: OtsLGRF24S_0795 | C86: C-00795 | D86: 45526 | E86: =IF(AND(D86>=$F$2,D86<$F$3),70,IF(AND(D86>=$F$3,D86<$F$4),40,IF(AND(D86>=$F$4,D86<$F$5),18,9))) -> 70 | F86: F | G86: 810 | H86: =G86/10 -> 81 | I86: AI | J86: NA | K86: 3DD.0077A59331 | L86: NA | M86: F | N86: =IF(M86="U",F86,M86) -> F | O86: NA | P86: NA | Q86: Unassigned | R86: NA | S86: =IFERROR($S$4-R86,"U") -> U | T86: FALL | U86: 1 | V86: NA | W86: =VLOOKUP(Q86,'PBT Tag Rates'!$A$6:$D$67,4,FALSE) -> 1 | X86: 1 | Y86: =IF(V86="ng",0,X86+(SUMIFS($AK$24:$AK$127,$AG$24:$AG$127,$N86,$AH$24:$AH$127,$Z86,$AF$24:$AF$127,$E86))) -> 1.137931 | Z86: =IFERROR(LOOKUP(H86,{30,43,48,53,58,63,68,73,78,83,88,93,97},{42,47,52,57,62,67,72,77,82,87,92,99,100}),999) -> 82 | AA86: =Y86/(VLOOKUP(E86,$C$2:$I$5,2,FALSE)) -> 1.6256158 | AB86: =IFERROR(IF(I86="AI",AA86-VLOOKUP(Q86,'PBT Tag Rates'!$A$6:$L$53,11,FALSE),AA86-VLOOKUP(Q86,'PBT Tag Rates'!$A$6:$L$53,12,FALSE)),0) -> 1.5843126 | AC86: =AB86/(VLOOKUP(E86,$C$2:$I$5,7,FALSE)) -> 16.020392 | AD86: Abv | AF86: 40 | AG86: F | AH86: 92 | AI86: =SUMIFS($X$7:$X$5545,$Z$7:$Z$5545,$AH86,$N$6:$N$5544,$AG86,$E$6:$E$5544,$AF86,$V$7:$V$5545,"NG") -> 0 | AJ86: =(SUMIFS($X$7:$X$5545,$Z$7:$Z$5545,$AH86,$N$6:$N$5544,$AG86,$E$6:$E$5544,$AF86)) -> 2 | AK86: =IFERROR(AI86/AJ86,0) -> 0 | AM86: =AJ86*AK86 -> 0
A87: OtsLGRF24S | B87: OtsLGRF24S_0805 | C87: C-00805 | D87: 45526 | E87: =IF(AND(D87>=$F$2,D87<$F$3),70,IF(AND(D87>=$F$3,D87<$F$4),40,IF(AND(D87>=$F$4,D87<$F$5),18,9))) -> 70 | F87: F | G87: 770 | H87: =G87/10 -> 77 | I87: AD | J87: 1 | K87: NA | L87: NA | M87: F | N87: =IF(M87="U",F87,M87) -> F | O87: NA | P87: NA | Q87: Unassigned | R87: NA | S87: =IFERROR($S$4-R87,"U") -> U | T87: FALL | U87: 1 | V87: NA | W87: =VLOOKUP(Q87,'PBT Tag Rates'!$A$6:$D$67,4,FALSE) -> 1 | X87: 1 | Y87: =IF(V87="ng",0,X87+(SUMIFS($AK$24:$AK$127,$AG$24:$AG$127,$N87,$AH$24:$AH$127,$Z87,$AF$24:$AF$127,$E87))) -> 1.1428571 | Z87: =IFERROR(LOOKUP(H87,{30,43,48,53,58,63,68,73,78,83,88,93,97},{42,47,52,57,62,67,72,77,82,87,92,99,100}),999) -> 77 | AA87: =Y87/(VLOOKUP(E87,$C$2:$I$5,2,FALSE)) -> 1.6326531 | AB87: =IFERROR(IF(I87="AI",AA87-VLOOKUP(Q87,'PBT Tag Rates'!$A$6:$L$53,11,FALSE),AA87-VLOOKUP(Q87,'PBT Tag Rates'!$A$6:$L$53,12,FALSE)),0) -> 1.1163756 | AC87: =AB87/(VLOOKUP(E87,$C$2:$I$5,7,FALSE)) -> 11.288665 | AD87: Abv | AF87: 40 | AG87: F | AH87: 99 | AI87: =SUMIFS($X$7:$X$5545,$Z$7:$Z$5545,$AH87,$N$6:$N$5544,$AG87,$E$6:$E$5544,$AF87,$V$7:$V$5545,"NG") -> 1 | AJ87: =(SUMIFS($X$7:$X$5545,$Z$7:$Z$5545,$AH87,$N$6:$N$5544,$AG87,$E$6:$E$5544,$AF87)) -> 5 | AK87: =IFERROR(AI87/AJ87,0) -> 0.2 | AM87: =AJ87*AK87 -> 1
A88: OtsLGRF24S | B88: OtsLGRF24S_0815 | C88: C-00815 | D88: 45526 | E88: =IF(AND(D88>=$F$2,D88<$F$3),70,IF(AND(D88>=$F$3,D88<$F$4),40,IF(AND(D88>=$F$4,D88<$F$5),18,9))) -> 70 | F88: F | G88: 680 | H88: =G88/10 -> 68 | I88: AI | J88: NA | K88: NA | L88: NA | M88: F | N88: =IF(M88="U",F88,M88) -> F | O88: OtsLYON20S_1_0409 | P88: OtsLYON20S_1_1072 | Q88: OtsLYON20S_1 | R88: 4 | S88: =IFERROR($S$4-R88,"U") -> 2020 | T88: FALL | U88: 1 | V88: CJA1 | W88: =VLOOKUP(Q88,'PBT Tag Rates'!$A$6:$D$67,4,FALSE) -> 0.98961046 | X88: 1 | Y88: =IF(V88="ng",0,X88+(SUMIFS($AK$24:$AK$127,$AG$24:$AG$127,$N88,$AH$24:$AH$127,$Z88,$AF$24:$AF$127,$E88))) -> 1.0666667 | Z88: =IFERROR(LOOKUP(H88,{30,43,48,53,58,63,68,73,78,83,88,93,97},{42,47,52,57,62,67,72,77,82,87,92,99,100}),999) -> 72 | AA88: =Y88/(VLOOKUP(E88,$C$2:$I$5,2,FALSE)) -> 1.5238095 | AB88: =IFERROR(IF(I88="AI",AA88-VLOOKUP(Q88,'PBT Tag Rates'!$A$6:$L$53,11,FALSE),AA88-VLOOKUP(Q88,'PBT Tag Rates'!$A$6:$L$53,12,FALSE)),0) -> 1.5343081 | AC88: =AB88/(VLOOKUP(E88,$C$2:$I$5,7,FALSE)) -> 15.514752 | AD88: Abv | AF88: 40 | AG88: F | AH88: 100 | AI88: =SUMIFS($X$7:$X$5545,$Z$7:$Z$5545,$AH88,$N$6:$N$5544,$AG88,$E$6:$E$5544,$AF88,$V$7:$V$5545,"NG") -> 0 | AJ88: =(SUMIFS($X$7:$X$5545,$Z$7:$Z$5545,$AH88,$N$6:$N$5544,$AG88,$E$6:$E$5544,$AF88)) -> 0 | AK88: =IFERROR(AI88/AJ88,0) -> 0 | AM88: =AJ88*AK88 -> 0
A89: OtsLGRF24S | B89: OtsLGRF24S_0825 | C89: C-00825 | D89: 45526 | E89: =IF(AND(D89>=$F$2,D89<$F$3),70,IF(AND(D89>=$F$3,D89<$F$4),40,IF(AND(D89>=$F$4,D89<$F$5),18,9))) -> 70 | F89: F | G89: 860 | H89: =G89/10 -> 86 | I89: AD | J89: 1 | K89: NA | L89: NA | M89: F | N89: =IF(M89="U",F89,M89) -> F | O89: OtsLYON19S_1_0712 | P89: OtsLYON19S_1_0801 | Q89: OtsLYON19S_1 | R89: 5 | S89: =IFERROR($S$4-R89,"U") -> 2019 | T89: FALL | U89: 1 | V89: CJA1 | W89: =VLOOKUP(Q89,'PBT Tag Rates'!$A$6:$D$67,4,FALSE) -> 0.95971981 | X89: 1 | Y89: =IF(V89="ng",0,X89+(SUMIFS($AK$24:$AK$127,$AG$24:$AG$127,$N89,$AH$24:$AH$127,$Z89,$AF$24:$AF$127,$E89))) -> 1 | Z89: =IFERROR(LOOKUP(H89,{30,43,48,53,58,63,68,73,78,83,88,93,97},{42,47,52,57,62,67,72,77,82,87,92,99,100}),999) -> 87 | AA89: =Y89/(VLOOKUP(E89,$C$2:$I$5,2,FALSE)) -> 1.4285714 | AB89: =IFERROR(IF(I89="AI",AA89-VLOOKUP(Q89,'PBT Tag Rates'!$A$6:$L$53,11,FALSE),AA89-VLOOKUP(Q89,'PBT Tag Rates'!$A$6:$L$53,12,FALSE)),0) -> 1.4705422 | AC89: =AB89/(VLOOKUP(E89,$C$2:$I$5,7,FALSE)) -> 14.869958 | AD89: Abv | AF89: 40 | AG89: M | AH89: 42 | AI89: =SUMIFS($X$7:$X$5545,$Z$7:$Z$5545,$AH89,$N$6:$N$5544,$AG89,$E$6:$E$5544,$AF89,$V$7:$V$5545,"NG") -> 0 | AJ89: =(SUMIFS($X$7:$X$5545,$Z$7:$Z$5545,$AH89,$N$6:$N$5544,$AG89,$E$6:$E$5544,$AF89)) -> 3 | AK89: =IFERROR(AI89/AJ89,0) -> 0 | AM89: =AJ89*AK89 -> 0
A90: OtsLGRF24S | B90: OtsLGRF24S_0835 | C90: C-00835 | D90: 45526 | E90: =IF(AND(D90>=$F$2,D90<$F$3),70,IF(AND(D90>=$F$3,D90<$F$4),40,IF(AND(D90>=$F$4,D90<$F$5),18,9))) -> 70 | F90: F | G90: 710 | H90: =G90/10 -> 71 | I90: AI | J90: NA | K90: 3DD.0077A66DA3 | L90: NA | M90: F | N90: =IF(M90="U",F90,M90) -> F | O90: NA | P90: NA | Q90: Unassigned | R90: NA | S90: =IFERROR($S$4-R90,"U") -> U | T90: FALL | U90: 1 | V90: NA | W90: =VLOOKUP(Q90,'PBT Tag Rates'!$A$6:$D$67,4,FALSE) -> 1 | X90: 1 | Y90: =IF(V90="ng",0,X90+(SUMIFS($AK$24:$AK$127,$AG$24:$AG$127,$N90,$AH$24:$AH$127,$Z90,$AF$24:$AF$127,$E90))) -> 1.0666667 | Z90: =IFERROR(LOOKUP(H90,{30,43,48,53,58,63,68,73,78,83,88,93,97},{42,47,52,57,62,67,72,77,82,87,92,99,100}),999) -> 72 | AA90: =Y90/(VLOOKUP(E90,$C$2:$I$5,2,FALSE)) -> 1.5238095 | AB90: =IFERROR(IF(I90="AI",AA90-VLOOKUP(Q90,'PBT Tag Rates'!$A$6:$L$53,11,FALSE),AA90-VLOOKUP(Q90,'PBT Tag Rates'!$A$6:$L$53,12,FALSE)),0) -> 1.4825064 | AC90: =AB90/(VLOOKUP(E90,$C$2:$I$5,7,FALSE)) -> 14.990939 | AD90: Abv | AF90: 40 | AG90: M | AH90: 47 | AI90: =SUMIFS($X$7:$X$5545,$Z$7:$Z$5545,$AH90,$N$6:$N$5544,$AG90,$E$6:$E$5544,$AF90,$V$7:$V$5545,"NG") -> 0 | AJ90: =(SUMIFS($X$7:$X$5545,$Z$7:$Z$5545,$AH90,$N$6:$N$5544,$AG90,$E$6:$E$5544,$AF90)) -> 16 | AK90: =IFERROR(AI90/AJ90,0) -> 0 | AM90: =AJ90*AK90 -> 0
A91: OtsLGRF24S | B91: OtsLGRF24S_0845 | C91: C-00845 | D91: 45526 | E91: =IF(AND(D91>=$F$2,D91<$F$3),70,IF(AND(D91>=$F$3,D91<$F$4),40,IF(AND(D91>=$F$4,D91<$F$5),18,9))) -> 70 | F91: F | G91: 760 | H91: =G91/10 -> 76 | I91: AI | J91: NA | K91: 3DD.0077A5B907 | L91: NA | M91: F | N91: =IF(M91="U",F91,M91) -> F | O91: OtsLYON20S_1_0260 | P91: OtsLYON20S_1_0127 | Q91: OtsLYON20S_1 | R91: 4 | S91: =IFERROR($S$4-R91,"U") -> 2020 | T91: FALL | U91: 1 | V91: BCA1 | W91: =VLOOKUP(Q91,'PBT Tag Rates'!$A$6:$D$67,4,FALSE) -> 0.98961046 | X91: 1 | Y91: =IF(V91="ng",0,X91+(SUMIFS($AK$24:$AK$127,$AG$24:$AG$127,$N91,$AH$24:$AH$127,$Z91,$AF$24:$AF$127,$E91))) -> 1.1428571 | Z91: =IFERROR(LOOKUP(H91,{30,43,48,53,58,63,68,73,78,83,88,93,97},{42,47,52,57,62,67,72,77,82,87,92,99,100}),999) -> 77 | AA91: =Y91/(VLOOKUP(E91,$C$2:$I$5,2,FALSE)) -> 1.6326531 | AB91: =IFERROR(IF(I91="AI",AA91-VLOOKUP(Q91,'PBT Tag Rates'!$A$6:$L$53,11,FALSE),AA91-VLOOKUP(Q91,'PBT Tag Rates'!$A$6:$L$53,12,FALSE)),0) -> 1.6431517 | AC91: =AB91/(VLOOKUP(E91,$C$2:$I$5,7,FALSE)) -> 16.615366 | AD91: Abv | AF91: 40 | AG91: M | AH91: 52 | AI91: =SUMIFS($X$7:$X$5545,$Z$7:$Z$5545,$AH91,$N$6:$N$5544,$AG91,$E$6:$E$5544,$AF91,$V$7:$V$5545,"NG") -> 0 | AJ91: =(SUMIFS($X$7:$X$5545,$Z$7:$Z$5545,$AH91,$N$6:$N$5544,$AG91,$E$6:$E$5544,$AF91)) -> 12 | AK91: =IFERROR(AI91/AJ91,0) -> 0 | AM91: =AJ91*AK91 -> 0
A92: OtsLGRF24S | B92: OtsLGRF24S_0855 | C92: C-00855 | D92: 45526 | E92: =IF(AND(D92>=$F$2,D92<$F$3),70,IF(AND(D92>=$F$3,D92<$F$4),40,IF(AND(D92>=$F$4,D92<$F$5),18,9))) -> 70 | F92: M | G92: 810 | H92: =G92/10 -> 81 | I92: AD | J92: 1 | K92: NA | L92: NA | M92: F | N92: =IF(M92="U",F92,M92) -> F | O92: OtsNPFH20S_1_0582 | P92: OtsNPFH20S_1_0542 | Q92: OtsNPFH20S_1 | R92: 4 | S92: =IFERROR($S$4-R92,"U") -> 2020 | T92: FALL | U92: 1 | V92: NLVA | W92: =VLOOKUP(Q92,'PBT Tag Rates'!$A$6:$D$67,4,FALSE) -> 0.98845609 | X92: 1 | Y92: =IF(V92="ng",0,X92+(SUMIFS($AK$24:$AK$127,$AG$24:$AG$127,$N92,$AH$24:$AH$127,$Z92,$AF$24:$AF$127,$E92))) -> 1.137931 | Z92: =IFERROR(LOOKUP(H92,{30,43,48,53,58,63,68,73,78,83,88,93,97},{42,47,52,57,62,67,72,77,82,87,92,99,100}),999) -> 82 | AA92: =Y92/(VLOOKUP(E92,$C$2:$I$5,2,FALSE)) -> 1.6256158 | AB92: =IFERROR(IF(I92="AI",AA92-VLOOKUP(Q92,'PBT Tag Rates'!$A$6:$L$53,11,FALSE),AA92-VLOOKUP(Q92,'PBT Tag Rates'!$A$6:$L$53,12,FALSE)),0) -> 1.6372945 | AC92: =AB92/(VLOOKUP(E92,$C$2:$I$5,7,FALSE)) -> 16.556139 | AD92: Abv | AF92: 40 | AG92: M | AH92: 57 | AI92: =SUMIFS($X$7:$X$5545,$Z$7:$Z$5545,$AH92,$N$6:$N$5544,$AG92,$E$6:$E$5544,$AF92,$V$7:$V$5545,"NG") -> 0 | AJ92: =(SUMIFS($X$7:$X$5545,$Z$7:$Z$5545,$AH92,$N$6:$N$5544,$AG92,$E$6:$E$5544,$AF92)) -> 7 | AK92: =IFERROR(AI92/AJ92,0) -> 0 | AM92: =AJ92*AK92 -> 0
A93: OtsLGRF24S | B93: OtsLGRF24S_0865 | C93: C-00865 | D93: 45526 | E93: =IF(AND(D93>=$F$2,D93<$F$3),70,IF(AND(D93>=$F$3,D93<$F$4),40,IF(AND(D93>=$F$4,D93<$F$5),18,9))) -> 70 | F93: F | G93: 800 | H93: =G93/10 -> 80 | I93: AD | J93: 1 | K93: NA | L93: This individual failed to genotype | M93: U | N93: =IF(M93="U",F93,M93) -> F | O93: NG | P93: NG | Q93: NA | R93: NA | S93: =IFERROR($S$4-R93,"U") -> U | T93: NA | U93: NA | V93: NG | W93: =VLOOKUP(Q93,'PBT Tag Rates'!$A$6:$D$67,4,FALSE) -> #N/A | X93: 1 | Y93: =IF(V93="ng",0,X93+(SUMIFS($AK$24:$AK$127,$AG$24:$AG$127,$N93,$AH$24:$AH$127,$Z93,$AF$24:$AF$127,$E93))) -> 0 | Z93: =IFERROR(LOOKUP(H93,{30,43,48,53,58,63,68,73,78,83,88,93,97},{42,47,52,57,62,67,72,77,82,87,92,99,100}),999) -> 82 | AA93: =Y93/(VLOOKUP(E93,$C$2:$I$5,2,FALSE)) -> 0 | AB93: =IFERROR(IF(I93="AI",AA93-VLOOKUP(Q93,'PBT Tag Rates'!$A$6:$L$53,11,FALSE),AA93-VLOOKUP(Q93,'PBT Tag Rates'!$A$6:$L$53,12,FALSE)),0) -> 0 | AC93: =AB93/(VLOOKUP(E93,$C$2:$I$5,7,FALSE)) -> 0 | AD93: Abv | AF93: 40 | AG93: M | AH93: 62 | AI93: =SUMIFS($X$7:$X$5545,$Z$7:$Z$5545,$AH93,$N$6:$N$5544,$AG93,$E$6:$E$5544,$AF93,$V$7:$V$5545,"NG") -> 1 | AJ93: =(SUMIFS($X$7:$X$5545,$Z$7:$Z$5545,$AH93,$N$6:$N$5544,$AG93,$E$6:$E$5544,$AF93)) -> 21 | AK93: =IFERROR(AI93/AJ93,0) -> 0.047619048 | AM93: =AJ93*AK93 -> 1
A94: OtsLGRF24S | B94: OtsLGRF24S_0875 | C94: C-00875 | D94: 45526 | E94: =IF(AND(D94>=$F$2,D94<$F$3),70,IF(AND(D94>=$F$3,D94<$F$4),40,IF(AND(D94>=$F$4,D94<$F$5),18,9))) -> 70 | F94: M | G94: 650 | H94: =G94/10 -> 65 | I94: AI | J94: NA | K94: NA | L94: NA | M94: M | N94: =IF(M94="U",F94,M94) -> M | O94: OtsLYON21S_1_0726 | P94: OtsLYON21S_1_0315 | Q94: OtsLYON21S_1 | R94: 3 | S94: =IFERROR($S$4-R94,"U") -> 2021 | T94: FALL | U94: 1 | V94: CJA1 | W94: =VLOOKUP(Q94,'PBT Tag Rates'!$A$6:$D$67,4,FALSE) -> 0.9814 | X94: 1 | Y94: =IF(V94="ng",0,X94+(SUMIFS($AK$24:$AK$127,$AG$24:$AG$127,$N94,$AH$24:$AH$127,$Z94,$AF$24:$AF$127,$E94))) -> 1.0833333 | Z94: =IFERROR(LOOKUP(H94,{30,43,48,53,58,63,68,73,78,83,88,93,97},{42,47,52,57,62,67,72,77,82,87,92,99,100}),999) -> 67 | AA94: =Y94/(VLOOKUP(E94,$C$2:$I$5,2,FALSE)) -> 1.547619 | AB94: =IFERROR(IF(I94="AI",AA94-VLOOKUP(Q94,'PBT Tag Rates'!$A$6:$L$53,11,FALSE),AA94-VLOOKUP(Q94,'PBT Tag Rates'!$A$6:$L$53,12,FALSE)),0) -> 1.5665716 | AC94: =AB94/(VLOOKUP(E94,$C$2:$I$5,7,FALSE)) -> 15.840996 | AD94: Abv | AF94: 40 | AG94: M | AH94: 67 | AI94: =SUMIFS($X$7:$X$5545,$Z$7:$Z$5545,$AH94,$N$6:$N$5544,$AG94,$E$6:$E$5544,$AF94,$V$7:$V$5545,"NG") -> 0 | AJ94: =(SUMIFS($X$7:$X$5545,$Z$7:$Z$5545,$AH94,$N$6:$N$5544,$AG94,$E$6:$E$5544,$AF94)) -> 41 | AK94: =IFERROR(AI94/AJ94,0) -> 0 | AM94: =AJ94*AK94 -> 0
A95: OtsLGRF24S | B95: OtsLGRF24S_0885 | C95: C-00885 | D95: 45526 | E95: =IF(AND(D95>=$F$2,D95<$F$3),70,IF(AND(D95>=$F$3,D95<$F$4),40,IF(AND(D95>=$F$4,D95<$F$5),18,9))) -> 70 | F95: F | G95: 730 | H95: =G95/10 -> 73 | I95: AD | J95: 1 | K95: NA | L95: NA | M95: F | N95: =IF(M95="U",F95,M95) -> F | O95: OtsLYON19S_1_1356 | P95: OtsLYON19S_1_1270 | Q95: OtsLYON19S_1 | R95: 5 | S95: =IFERROR($S$4-R95,"U") -> 2019 | T95: FALL | U95: 1 | V95: LFYO | W95: =VLOOKUP(Q95,'PBT Tag Rates'!$A$6:$D$67,4,FALSE) -> 0.95971981 | X95: 1 | Y95: =IF(V95="ng",0,X95+(SUMIFS($AK$24:$AK$127,$AG$24:$AG$127,$N95,$AH$24:$AH$127,$Z95,$AF$24:$AF$127,$E95))) -> 1.1428571 | Z95: =IFERROR(LOOKUP(H95,{30,43,48,53,58,63,68,73,78,83,88,93,97},{42,47,52,57,62,67,72,77,82,87,92,99,100}),999) -> 77 | AA95: =Y95/(VLOOKUP(E95,$C$2:$I$5,2,FALSE)) -> 1.6326531 | AB95: =IFERROR(IF(I95="AI",AA95-VLOOKUP(Q95,'PBT Tag Rates'!$A$6:$L$53,11,FALSE),AA95-VLOOKUP(Q95,'PBT Tag Rates'!$A$6:$L$53,12,FALSE)),0) -> 1.6746238 | AC95: =AB95/(VLOOKUP(E95,$C$2:$I$5,7,FALSE)) -> 16.933609 | AD95: blw | AF95: 40 | AG95: M | AH95: 72 | AI95: =SUMIFS($X$7:$X$5545,$Z$7:$Z$5545,$AH95,$N$6:$N$5544,$AG95,$E$6:$E$5544,$AF95,$V$7:$V$5545,"NG") -> 2 | AJ95: =(SUMIFS($X$7:$X$5545,$Z$7:$Z$5545,$AH95,$N$6:$N$5544,$AG95,$E$6:$E$5544,$AF95)) -> 71 | AK95: =IFERROR(AI95/AJ95,0) -> 0.028169014 | AM95: =AJ95*AK95 -> 2
A96: OtsLGRF24S | B96: OtsLGRF24S_0895 | C96: C-00895 | D96: 45526 | E96: =IF(AND(D96>=$F$2,D96<$F$3),70,IF(AND(D96>=$F$3,D96<$F$4),40,IF(AND(D96>=$F$4,D96<$F$5),18,9))) -> 70 | F96: M | G96: 810 | H96: =G96/10 -> 81 | I96: AD | J96: 1 | K96: NA | L96: NA | M96: M | N96: =IF(M96="U",F96,M96) -> M | O96: OtsLYON20S_1_0416 | P96: OtsLYON20S_1_1101 | Q96: OtsLYON20S_1 | R96: 4 | S96: =IFERROR($S$4-R96,"U") -> 2020 | T96: FALL | U96: 1 | V96: CJA1 | W96: =VLOOKUP(Q96,'PBT Tag Rates'!$A$6:$D$67,4,FALSE) -> 0.98961046 | X96: 1 | Y96: =IF(V96="ng",0,X96+(SUMIFS($AK$24:$AK$127,$AG$24:$AG$127,$N96,$AH$24:$AH$127,$Z96,$AF$24:$AF$127,$E96))) -> 1.025 | Z96: =IFERROR(LOOKUP(H96,{30,43,48,53,58,63,68,73,78,83,88,93,97},{42,47,52,57,62,67,72,77,82,87,92,99,100}),999) -> 82 | AA96: =Y96/(VLOOKUP(E96,$C$2:$I$5,2,FALSE)) -> 1.4642857 | AB96: =IFERROR(IF(I96="AI",AA96-VLOOKUP(Q96,'PBT Tag Rates'!$A$6:$L$53,11,FALSE),AA96-VLOOKUP(Q96,'PBT Tag Rates'!$A$6:$L$53,12,FALSE)),0) -> 1.4747843 | AC96: =AB96/(VLOOKUP(E96,$C$2:$I$5,7,FALSE)) -> 14.912854 | AD96: Abv | AF96: 40 | AG96: M | AH96: 77 | AI96: =SUMIFS($X$7:$X$5545,$Z$7:$Z$5545,$AH96,$N$6:$N$5544,$AG96,$E$6:$E$5544,$AF96,$V$7:$V$5545,"NG") -> 1 | AJ96: =(SUMIFS($X$7:$X$5545,$Z$7:$Z$5545,$AH96,$N$6:$N$5544,$AG96,$E$6:$E$5544,$AF96)) -> 96 | AK96: =IFERROR(AI96/AJ96,0) -> 0.010416667 | AM96: =AJ96*AK96 -> 1
A97: OtsLGRF24S | B97: OtsLGRF24S_0905 | C97: C-00905 | D97: 45526 | E97: =IF(AND(D97>=$F$2,D97<$F$3),70,IF(AND(D97>=$F$3,D97<$F$4),40,IF(AND(D97>=$F$4,D97<$F$5),18,9))) -> 70 | F97: M | G97: 650 | H97: =G97/10 -> 65 | I97: AD | J97: 1 | K97: NA | L97: NA | M97: M | N97: =IF(M97="U",F97,M97) -> M | O97: OtsLYON21S_1_0675 | P97: OtsLYON21S_1_0209 | Q97: OtsLYON21S_1 | R97: 3 | S97: =IFERROR($S$4-R97,"U") -> 2021 | T97: FALL | U97: 1 | V97: BCA1 | W97: =VLOOKUP(Q97,'PBT Tag Rates'!$A$6:$D$67,4,FALSE) -> 0.9814 | X97: 1 | Y97: =IF(V97="ng",0,X97+(SUMIFS($AK$24:$AK$127,$AG$24:$AG$127,$N97,$AH$24:$AH$127,$Z97,$AF$24:$AF$127,$E97))) -> 1.0833333 | Z97: =IFERROR(LOOKUP(H97,{30,43,48,53,58,63,68,73,78,83,88,93,97},{42,47,52,57,62,67,72,77,82,87,92,99,100}),999) -> 67 | AA97: =Y97/(VLOOKUP(E97,$C$2:$I$5,2,FALSE)) -> 1.547619 | AB97: =IFERROR(IF(I97="AI",AA97-VLOOKUP(Q97,'PBT Tag Rates'!$A$6:$L$53,11,FALSE),AA97-VLOOKUP(Q97,'PBT Tag Rates'!$A$6:$L$53,12,FALSE)),0) -> 1.5665716 | AC97: =AB97/(VLOOKUP(E97,$C$2:$I$5,7,FALSE)) -> 15.840996 | AD97: Abv | AF97: 40 | AG97: M | AH97: 82 | AI97: =SUMIFS($X$7:$X$5545,$Z$7:$Z$5545,$AH97,$N$6:$N$5544,$AG97,$E$6:$E$5544,$AF97,$V$7:$V$5545,"NG") -> 0 | AJ97: =(SUMIFS($X$7:$X$5545,$Z$7:$Z$5545,$AH97,$N$6:$N$5544,$AG97,$E$6:$E$5544,$AF97)) -> 55 | AK97: =IFERROR(AI97/AJ97,0) -> 0 | AM97: =AJ97*AK97 -> 0
A98: OtsLGRF24S | B98: OtsLGRF24S_0915 | C98: C-00915 | D98: 45526 | E98: =IF(AND(D98>=$F$2,D98<$F$3),70,IF(AND(D98>=$F$3,D98<$F$4),40,IF(AND(D98>=$F$4,D98<$F$5),18,9))) -> 70 | F98: F | G98: 730 | H98: =G98/10 -> 73 | I98: AI | J98: NA | K98: 3DD.003D7E44CE | L98: NA | M98: F | N98: =IF(M98="U",F98,M98) -> F | O98: OtsLYON20S_1_1572 | P98: OtsLYON20S_1_1751 | Q98: OtsLYON20S_1 | R98: 4 | S98: =IFERROR($S$4-R98,"U") -> 2020 | T98: FALL | U98: 1 | V98: IPCSR | W98: =VLOOKUP(Q98,'PBT Tag Rates'!$A$6:$D$67,4,FALSE) -> 0.98961046 | X98: 1 | Y98: =IF(V98="ng",0,X98+(SUMIFS($AK$24:$AK$127,$AG$24:$AG$127,$N98,$AH$24:$AH$127,$Z98,$AF$24:$AF$127,$E98))) -> 1.1428571 | Z98: =IFERROR(LOOKUP(H98,{30,43,48,53,58,63,68,73,78,83,88,93,97},{42,47,52,57,62,67,72,77,82,87,92,99,100}),999) -> 77 | AA98: =Y98/(VLOOKUP(E98,$C$2:$I$5,2,FALSE)) -> 1.6326531 | AB98: =IFERROR(IF(I98="AI",AA98-VLOOKUP(Q98,'PBT Tag Rates'!$A$6:$L$53,11,FALSE),AA98-VLOOKUP(Q98,'PBT Tag Rates'!$A$6:$L$53,12,FALSE)),0) -> 1.6431517 | AC98: =AB98/(VLOOKUP(E98,$C$2:$I$5,7,FALSE)) -> 16.615366 | AD98: Abv | AF98: 40 | AG98: M | AH98: 87 | AI98: =SUMIFS($X$7:$X$5545,$Z$7:$Z$5545,$AH98,$N$6:$N$5544,$AG98,$E$6:$E$5544,$AF98,$V$7:$V$5545,"NG") -> 0 | AJ98: =(SUMIFS($X$7:$X$5545,$Z$7:$Z$5545,$AH98,$N$6:$N$5544,$AG98,$E$6:$E$5544,$AF98)) -> 21 | AK98: =IFERROR(AI98/AJ98,0) -> 0 | AM98: =AJ98*AK98 -> 0
A99: OtsLGRF24S | B99: OtsLGRF24S_0925 | C99: C-00925 | D99: 45526 | E99: =IF(AND(D99>=$F$2,D99<$F$3),70,IF(AND(D99>=$F$3,D99<$F$4),40,IF(AND(D99>=$F$4,D99<$F$5),18,9))) -> 70 | F99: F | G99: 740 | H99: =G99/10 -> 74 | I99: AD | J99: 1 | K99: NA | L99: NA | M99: F | N99: =IF(M99="U",F99,M99) -> F | O99: OtsLYON20S_1_0666 | P99: OtsLYON20S_1_0770 | Q99: OtsLYON20S_1 | R99: 4 | S99: =IFERROR($S$4-R99,"U") -> 2020 | T99: FALL | U99: 1 | V99: CJA2 | W99: =VLOOKUP(Q99,'PBT Tag Rates'!$A$6:$D$67,4,FALSE) -> 0.98961046 | X99: 1 | Y99: =IF(V99="ng",0,X99+(SUMIFS($AK$24:$AK$127,$AG$24:$AG$127,$N99,$AH$24:$AH$127,$Z99,$AF$24:$AF$127,$E99))) -> 1.1428571 | Z99: =IFERROR(LOOKUP(H99,{30,43,48,53,58,63,68,73,78,83,88,93,97},{42,47,52,57,62,67,72,77,82,87,92,99,100}),999) -> 77 | AA99: =Y99/(VLOOKUP(E99,$C$2:$I$5,2,FALSE)) -> 1.6326531 | AB99: =IFERROR(IF(I99="AI",AA99-VLOOKUP(Q99,'PBT Tag Rates'!$A$6:$L$53,11,FALSE),AA99-VLOOKUP(Q99,'PBT Tag Rates'!$A$6:$L$53,12,FALSE)),0) -> 1.6431517 | AC99: =AB99/(VLOOKUP(E99,$C$2:$I$5,7,FALSE)) -> 16.615366 | AD99: Abv | AF99: 40 | AG99: M | AH99: 92 | AI99: =SUMIFS($X$7:$X$5545,$Z$7:$Z$5545,$AH99,$N$6:$N$5544,$AG99,$E$6:$E$5544,$AF99,$V$7:$V$5545,"NG") -> 0 | AJ99: =(SUMIFS($X$7:$X$5545,$Z$7:$Z$5545,$AH99,$N$6:$N$5544,$AG99,$E$6:$E$5544,$AF99)) -> 7 | AK99: =IFERROR(AI99/AJ99,0) -> 0 | AM99: =AJ99*AK99 -> 0
A100: OtsLGRF24S | B100: OtsLGRF24S_0935 | C100: C-00935 | D100: 45526 | E100: =IF(AND(D100>=$F$2,D100<$F$3),70,IF(AND(D100>=$F$3,D100<$F$4),40,IF(AND(D100>=$F$4,D100<$F$5),18,9))) -> 70 | F100: M | G100: 860 | H100: =G100/10 -> 86 | I100: AD | J100: 1 | K100: NA | L100: NA | M100: M | N100: =IF(M100="U",F100,M100) -> M | O100: NA | P100: NA | Q100: Unassigned | R100: NA | S100: =IFERROR($S$4-R100,"U") -> U | T100: FALL | U100: 1 | V100: NA | W100: =VLOOKUP(Q100,'PBT Tag Rates'!$A$6:$D$67,4,FALSE) -> 1 | X100: 1 | Y100: =IF(V100="ng",0,X100+(SUMIFS($AK$24:$AK$127,$AG$24:$AG$127,$N100,$AH$24:$AH$127,$Z100,$AF$24:$AF$127,$E100))) -> 1 | Z100: =IFERROR(LOOKUP(H100,{30,43,48,53,58,63,68,73,78,83,88,93,97},{42,47,52,57,62,67,72,77,82,87,92,99,100}),999) -> 87 | AA100: =Y100/(VLOOKUP(E100,$C$2:$I$5,2,FALSE)) -> 1.4285714 | AB100: =IFERROR(IF(I100="AI",AA100-VLOOKUP(Q100,'PBT Tag Rates'!$A$6:$L$53,11,FALSE),AA100-VLOOKUP(Q100,'PBT Tag Rates'!$A$6:$L$53,12,FALSE)),0) -> 0.91229399 | AC100: =AB100/(VLOOKUP(E100,$C$2:$I$5,7,FALSE)) -> 9.2250147 | AD100: Abv | AF100: 40 | AG100: M | AH100: 99 | AI100: =SUMIFS($X$7:$X$5545,$Z$7:$Z$5545,$AH100,$N$6:$N$5544,$AG100,$E$6:$E$5544,$AF100,$V$7:$V$5545,"NG") -> 0 | AJ100: =(SUMIFS($X$7:$X$5545,$Z$7:$Z$5545,$AH100,$N$6:$N$5544,$AG100,$E$6:$E$5544,$AF100)) -> 2 | AK100: =IFERROR(AI100/AJ100,0) -> 0 | AM100: =AJ100*AK100 -> 0
...

Sheet Hat by PBT
A1: ='Individual Data'!S4 -> 2024 | G1: sum check | I1: =SUM(D5:P6) -> 15085.553 | P1: =I1+I81 -> 33211.365 | Y1: Fallback Reacension rate
U2: run year | Z2: adlt | AA2: jack | AC2: Final estimates of hatchery assigned fish by release site
R3: sum check | U3: =A1 -> 2024 | Y3: abv | Z3: ='Individual Data'!AI4 -> 0.024 | AA3: ='Individual Data'!AH4 -> 0.074
R4: =R6+S6 -> 15085.553 | U4: M&F | Y4: blw | Z4: ='Individual Data'!AI5 -> 0.33 | AA4: ='Individual Data'!AH5 -> 0.29
U5: =R4+R84 -> 33211.365 | Y5: =SUM(Y8:Y75) -> 15085.553 | Z5: =SUM(Z8:Z75) -> 13989.691 | AA5: =SUM(AA8:AA75) -> 4136.1204 | AC5: =SUM(AC8:AC75) -> 14101.369 | AD5: =SUM(AD8:AD75) -> 13167.924 | AE5: =SUM(AE8:AE75) -> 3688.2321
B6: F | C6: total by FL | D6: =SUM(D8:D77) -> 0 | E6: =SUM(E8:E77) -> 0 | F6: =SUM(F8:F77) -> 16.753414 | G6: =SUM(G8:G77) -> 82.94754 | H6: =SUM(H8:H77) -> 390.5953 | I6: =SUM(I8:I77) -> 1612.7353 | J6: =SUM(J8:J77) -> 4087.4112 | K6: =SUM(K8:K77) -> 5290.8987 | ... P6: =SUM(P8:P77) -> 0 | R6: =SUM(R8:R75) -> 16.753414 | S6: =SUM(S8:S75) -> 15068.8 | Z6: =Y5+Z5+AA5 -> 33211.365 | AD6: =AC5+AD5+AE5 -> 30957.526
B7: Final group | C7: agePBT | D7: 42 | E7: 47 | F7: 52 | G7: 57 | H7: 62 | I7: 67 | J7: 72 | K7: 77 | L7: 82 | M7: 87 | N7: 92 | O7: 99 | P7: 100 | R7: F jacks | S7: Females | U7: Brd Yr | V7: grp | W7: origin | X7: CWT code | Y7: Female | Z7: Males | AA7: jacks | AB7: rel loc | AC7: Female | AD7: Males | AE7: jacks
A8: OtsLYON19S_1 | B8: BCA1 | C8: 5 | D8: =SUMIFS('Individual Data'!$AC$7:$AC$5545,'Individual Data'!$V$7:$V$5545,'Hat by PBT'!$B8,'Individual Data'!$Z$7:$Z$5545,'Hat by PBT'!D$7,'Individual Data'!$R$7:$R$5545,'Hat by PBT'!$C8,'Individual Data'!$N$7:$N$5545,'Hat by PBT'!$B$6) -> 0 | E8: =SUMIFS('Individual Data'!$AC$7:$AC$5545,'Individual Data'!$V$7:$V$5545,'Hat by PBT'!$B8,'Individual Data'!$Z$7:$Z$5545,'Hat by PBT'!E$7,'Individual Data'!$R$7:$R$5545,'Hat by PBT'!$C8,'Individual Data'!$N$7:$N$5545,'Hat by PBT'!$B$6) -> 0 | F8: =SUMIFS('Individual Data'!$AC$7:$AC$5545,'Individual Data'!$V$7:$V$5545,'Hat by PBT'!$B8,'Individual Data'!$Z$7:$Z$5545,'Hat by PBT'!F$7,'Individual Data'!$R$7:$R$5545,'Hat by PBT'!$C8,'Individual Data'!$N$7:$N$5545,'Hat by PBT'!$B$6) -> 0 | G8: =SUMIFS('Individual Data'!$AC$7:$AC$5545,'Individual Data'!$V$7:$V$5545,'Hat by PBT'!$B8,'Individual Data'!$Z$7:$Z$5545,'Hat by PBT'!G$7,'Individual Data'!$R$7:$R$5545,'Hat by PBT'!$C8,'Individual Data'!$N$7:$N$5545,'Hat by PBT'!$B$6) -> 0 | H8: =SUMIFS('Individual Data'!$AC$7:$AC$5545,'Individual Data'!$V$7:$V$5545,'Hat by PBT'!$B8,'Individual Data'!$Z$7:$Z$5545,'Hat by PBT'!H$7,'Individual Data'!$R$7:$R$5545,'Hat by PBT'!$C8,'Individual Data'!$N$7:$N$5545,'Hat by PBT'!$B$6) -> 0 | I8: =SUMIFS('Individual Data'!$AC$7:$AC$5545,'Individual Data'!$V$7:$V$5545,'Hat by PBT'!$B8,'Individual Data'!$Z$7:$Z$5545,'Hat by PBT'!I$7,'Individual Data'!$R$7:$R$5545,'Hat by PBT'!$C8,'Individual Data'!$N$7:$N$5545,'Hat by PBT'!$B$6) -> 0 | J8: =SUMIFS('Individual Data'!$AC$7:$AC$5545,'Individual Data'!$V$7:$V$5545,'Hat by PBT'!$B8,'Individual Data'!$Z$7:$Z$5545,'Hat by PBT'!J$7,'Individual Data'!$R$7:$R$5545,'Hat by PBT'!$C8,'Individual Data'!$N$7:$N$5545,'Hat by PBT'!$B$6) -> 15.832995 | K8: =SUMIFS('Individual Data'!$AC$7:$AC$5545,'Individual Data'!$V$7:$V$5545,'Hat by PBT'!$B8,'Individual Data'!$Z$7:$Z$5545,'Hat by PBT'!K$7,'Individual Data'!$R$7:$R$5545,'Hat by PBT'!$C8,'Individual Data'!$N$7:$N$5545,'Hat by PBT'!$B$6) -> 130.26672 | ... P8: =SUMIFS('Individual Data'!$AC$7:$AC$5545,'Individual Data'!$V$7:$V$5545,'Hat by PBT'!$B8,'Individual Data'!$Z$7:$Z$5545,'Hat by PBT'!P$7,'Individual Data'!$R$7:$R$5545,'Hat by PBT'!$C8,'Individual Data'!$N$7:$N$5545,'Hat by PBT'!$B$6) -> 0 | R8: =SUM(D8:F8) -> 0 | S8: =SUM(G8:P8) -> 292.74966 | U8: =$U$3-C8 -> 2019 | V8: =B8 -> BCA1 | W8: SR | X8: =SUMIFS('cwt rel info'!$A$6:$A$317,'cwt rel info'!$D$6:$D$317,'Hat by PBT'!U8,'cwt rel info'!$E$6:$E$317,'Hat by PBT'!V8) -> 220197 | Y8: =R8+S8 -> 292.74966 | Z8: =S88 -> 127.62552 | AA8: =R88 -> 0 | AB8: =VLOOKUP(V8,'Individual Data'!$V$6:$AD$5545,9,FALSE) -> Abv | AC8: =IF(AB8="blw",Y8*(1-$Z$4),Y8*(1-$Z$3)) -> 285.72366 | AD8: =IF(AB8="blw",Z8*(1-$Z$4),Z8*(1-$Z$3)) -> 124.56251 | AE8: =IF(AB8="blw",AA8*(1-$AA$4),AA8*(1-$AA$3)) -> 0
A9: OtsLYON19S_1 | B9: BCA2 | C9: 5 | D9: =SUMIFS('Individual Data'!$AC$7:$AC$5545,'Individual Data'!$V$7:$V$5545,'Hat by PBT'!$B9,'Individual Data'!$Z$7:$Z$5545,'Hat by PBT'!D$7,'Individual Data'!$R$7:$R$5545,'Hat by PBT'!$C9,'Individual Data'!$N$7:$N$5545,'Hat by PBT'!$B$6) -> 0 | E9: =SUMIFS('Individual Data'!$AC$7:$AC$5545,'Individual Data'!$V$7:$V$5545,'Hat by PBT'!$B9,'Individual Data'!$Z$7:$Z$5545,'Hat by PBT'!E$7,'Individual Data'!$R$7:$R$5545,'Hat by PBT'!$C9,'Individual Data'!$N$7:$N$5545,'Hat by PBT'!$B$6) -> 0 | F9: =SUMIFS('Individual Data'!$AC$7:$AC$5545,'Individual Data'!$V$7:$V$5545,'Hat by PBT'!$B9,'Individual Data'!$Z$7:$Z$5545,'Hat by PBT'!F$7,'Individual Data'!$R$7:$R$5545,'Hat by PBT'!$C9,'Individual Data'!$N$7:$N$5545,'Hat by PBT'!$B$6) -> 0 | G9: =SUMIFS('Individual Data'!$AC$7:$AC$5545,'Individual Data'!$V$7:$V$5545,'Hat by PBT'!$B9,'Individual Data'!$Z$7:$Z$5545,'Hat by PBT'!G$7,'Individual Data'!$R$7:$R$5545,'Hat by PBT'!$C9,'Individual Data'!$N$7:$N$5545,'Hat by PBT'!$B$6) -> 0 | H9: =SUMIFS('Individual Data'!$AC$7:$AC$5545,'Individual Data'!$V$7:$V$5545,'Hat by PBT'!$B9,'Individual Data'!$Z$7:$Z$5545,'Hat by PBT'!H$7,'Individual Data'!$R$7:$R$5545,'Hat by PBT'!$C9,'Individual Data'!$N$7:$N$5545,'Hat by PBT'!$B$6) -> 0 | I9: =SUMIFS('Individual Data'!$AC$7:$AC$5545,'Individual Data'!$V$7:$V$5545,'Hat by PBT'!$B9,'Individual Data'!$Z$7:$Z$5545,'Hat by PBT'!I$7,'Individual Data'!$R$7:$R$5545,'Hat by PBT'!$C9,'Individual Data'!$N$7:$N$5545,'Hat by PBT'!$B$6) -> 16.822593 | J9: =SUMIFS('Individual Data'!$AC$7:$AC$5545,'Individual Data'!$V$7:$V$5545,'Hat by PBT'!$B9,'Individual Data'!$Z$7:$Z$5545,'Hat by PBT'!J$7,'Individual Data'!$R$7:$R$5545,'Hat by PBT'!$C9,'Individual Data'!$N$7:$N$5545,'Hat by PBT'!$B$6) -> 51.03079 | K9: =SUMIFS('Individual Data'!$AC$7:$AC$5545,'Individual Data'!$V$7:$V$5545,'Hat by PBT'!$B9,'Individual Data'!$Z$7:$Z$5545,'Hat by PBT'!K$7,'Individual Data'!$R$7:$R$5545,'Hat by PBT'!$C9,'Individual Data'!$N$7:$N$5545,'Hat by PBT'!$B$6) -> 48.955761 | ... P9: =SUMIFS('Individual Data'!$AC$7:$AC$5545,'Individual Data'!$V$7:$V$5545,'Hat by PBT'!$B9,'Individual Data'!$Z$7:$Z$5545,'Hat by PBT'!P$7,'Individual Data'!$R$7:$R$5545,'Hat by PBT'!$C9,'Individual Data'!$N$7:$N$5545,'Hat by PBT'!$B$6) -> 0 | R9: =SUM(D9:F9) -> 0 | S9: =SUM(G9:P9) -> 116.80914 | U9: =$U$3-C9 -> 2019 | V9: =B9 -> BCA2 | W9: SR | X9: =SUMIFS('cwt rel info'!$A$6:$A$317,'cwt rel info'!$D$6:$D$317,'Hat by PBT'!U9,'cwt rel info'!$E$6:$E$317,'Hat by PBT'!V9) -> 220198 | Y9: =R9+S9 -> 116.80914 | Z9: =S89 -> 33.645185 | AA9: =R89 -> 0 | AB9: =VLOOKUP(V9,'Individual Data'!$V$6:$AD$5545,9,FALSE) -> Abv | AC9: =IF(AB9="blw",Y9*(1-$Z$4),Y9*(1-$Z$3)) -> 114.00572 | AD9: =IF(AB9="blw",Z9*(1-$Z$4),Z9*(1-$Z$3)) -> 32.837701 | AE9: =IF(AB9="blw",AA9*(1-$AA$4),AA9*(1-$AA$3)) -> 0
A10: OtsLYON19S_1 | B10: CJA1 | C10: 5 | D10: =SUMIFS('Individual Data'!$AC$7:$AC$5545,'Individual Data'!$V$7:$V$5545,'Hat by PBT'!$B10,'Individual Data'!$Z$7:$Z$5545,'Hat by PBT'!D$7,'Individual Data'!$R$7:$R$5545,'Hat by PBT'!$C10,'Individual Data'!$N$7:$N$5545,'Hat by PBT'!$B$6) -> 0 | E10: =SUMIFS('Individual Data'!$AC$7:$AC$5545,'Individual Data'!$V$7:$V$5545,'Hat by PBT'!$B10,'Individual Data'!$Z$7:$Z$5545,'Hat by PBT'!E$7,'Individual Data'!$R$7:$R$5545,'Hat by PBT'!$C10,'Individual Data'!$N$7:$N$5545,'Hat by PBT'!$B$6) -> 0 | F10: =SUMIFS('Individual Data'!$AC$7:$AC$5545,'Individual Data'!$V$7:$V$5545,'Hat by PBT'!$B10,'Individual Data'!$Z$7:$Z$5545,'Hat by PBT'!F$7,'Individual Data'!$R$7:$R$5545,'Hat by PBT'!$C10,'Individual Data'!$N$7:$N$5545,'Hat by PBT'!$B$6) -> 0 | G10: =SUMIFS('Individual Data'!$AC$7:$AC$5545,'Individual Data'!$V$7:$V$5545,'Hat by PBT'!$B10,'Individual Data'!$Z$7:$Z$5545,'Hat by PBT'!G$7,'Individual Data'!$R$7:$R$5545,'Hat by PBT'!$C10,'Individual Data'!$N$7:$N$5545,'Hat by PBT'!$B$6) -> 0 | H10: =SUMIFS('Individual Data'!$AC$7:$AC$5545,'Individual Data'!$V$7:$V$5545,'Hat by PBT'!$B10,'Individual Data'!$Z$7:$Z$5545,'Hat by PBT'!H$7,'Individual Data'!$R$7:$R$5545,'Hat by PBT'!$C10,'Individual Data'!$N$7:$N$5545,'Hat by PBT'!$B$6) -> 0 | I10: =SUMIFS('Individual Data'!$AC$7:$AC$5545,'Individual Data'!$V$7:$V$5545,'Hat by PBT'!$B10,'Individual Data'!$Z$7:$Z$5545,'Hat by PBT'!I$7,'Individual Data'!$R$7:$R$5545,'Hat by PBT'!$C10,'Individual Data'!$N$7:$N$5545,'Hat by PBT'!$B$6) -> 0 | J10: =SUMIFS('Individual Data'!$AC$7:$AC$5545,'Individual Data'!$V$7:$V$5545,'Hat by PBT'!$B10,'Individual Data'!$Z$7:$Z$5545,'Hat by PBT'!J$7,'Individual Data'!$R$7:$R$5545,'Hat by PBT'!$C10,'Individual Data'!$N$7:$N$5545,'Hat by PBT'!$B$6) -> 64.499854 | K10: =SUMIFS('Individual Data'!$AC$7:$AC$5545,'Individual Data'!$V$7:$V$5545,'Hat by PBT'!$B10,'Individual Data'!$Z$7:$Z$5545,'Hat by PBT'!K$7,'Individual Data'!$R$7:$R$5545,'Hat by PBT'!$C10,'Individual Data'!$N$7:$N$5545,'Hat by PBT'!$B$6) -> 183.5365 | ... P10: =SUMIFS('Individual Data'!$AC$7:$AC$5545,'Individual Data'!$V$7:$V$5545,'Hat by PBT'!$B10,'Individual Data'!$Z$7:$Z$5545,'Hat by PBT'!P$7,'Individual Data'!$R$7:$R$5545,'Hat by PBT'!$C10,'Individual Data'!$N$7:$N$5545,'Hat by PBT'!$B$6) -> 0 | R10: =SUM(D10:F10) -> 0 | S10: =SUM(G10:P10) -> 424.91006 | U10: =$U$3-C10 -> 2019 | V10: =B10 -> CJA1 | W10: SR | X10: =SUMIFS('cwt rel info'!$A$6:$A$317,'cwt rel info'!$D$6:$D$317,'Hat by PBT'!U10,'cwt rel info'!$E$6:$E$317,'Hat by PBT'!V10) -> 220195 | Y10: =R10+S10 -> 424.91006 | Z10: =S90 -> 82.586896 | AA10: =R90 -> 0 | AB10: =VLOOKUP(V10,'Individual Data'!$V$6:$AD$5545,9,FALSE) -> Abv | AC10: =IF(AB10="blw",Y10*(1-$Z$4),Y10*(1-$Z$3)) -> 414.71222 | AD10: =IF(AB10="blw",Z10*(1-$Z$4),Z10*(1-$Z$3)) -> 80.604811 | AE10: =IF(AB10="blw",AA10*(1-$AA$4),AA10*(1-$AA$3)) -> 0
A11: OtsLYON19S_1 | B11: CJA2 | C11: 5 | D11: =SUMIFS('Individual Data'!$AC$7:$AC$5545,'Individual Data'!$V$7:$V$5545,'Hat by PBT'!$B11,'Individual Data'!$Z$7:$Z$5545,'Hat by PBT'!D$7,'Individual Data'!$R$7:$R$5545,'Hat by PBT'!$C11,'Individual Data'!$N$7:$N$5545,'Hat by PBT'!$B$6) -> 0 | E11: =SUMIFS('Individual Data'!$AC$7:$AC$5545,'Individual Data'!$V$7:$V$5545,'Hat by PBT'!$B11,'Individual Data'!$Z$7:$Z$5545,'Hat by PBT'!E$7,'Individual Data'!$R$7:$R$5545,'Hat by PBT'!$C11,'Individual Data'!$N$7:$N$5545,'Hat by PBT'!$B$6) -> 0 | F11: =SUMIFS('Individual Data'!$AC$7:$AC$5545,'Individual Data'!$V$7:$V$5545,'Hat by PBT'!$B11,'Individual Data'!$Z$7:$Z$5545,'Hat by PBT'!F$7,'Individual Data'!$R$7:$R$5545,'Hat by PBT'!$C11,'Individual Data'!$N$7:$N$5545,'Hat by PBT'!$B$6) -> 0 | G11: =SUMIFS('Individual Data'!$AC$7:$AC$5545,'Individual Data'!$V$7:$V$5545,'Hat by PBT'!$B11,'Individual Data'!$Z$7:$Z$5545,'Hat by PBT'!G$7,'Individual Data'!$R$7:$R$5545,'Hat by PBT'!$C11,'Individual Data'!$N$7:$N$5545,'Hat by PBT'!$B$6) -> 0 | H11: =SUMIFS('Individual Data'!$AC$7:$AC$5545,'Individual Data'!$V$7:$V$5545,'Hat by PBT'!$B11,'Individual Data'!$Z$7:$Z$5545,'Hat by PBT'!H$7,'Individual Data'!$R$7:$R$5545,'Hat by PBT'!$C11,'Individual Data'!$N$7:$N$5545,'Hat by PBT'!$B$6) -> 0 | I11: =SUMIFS('Individual Data'!$AC$7:$AC$5545,'Individual Data'!$V$7:$V$5545,'Hat by PBT'!$B11,'Individual Data'!$Z$7:$Z$5545,'Hat by PBT'!I$7,'Individual Data'!$R$7:$R$5545,'Hat by PBT'!$C11,'Individual Data'!$N$7:$N$5545,'Hat by PBT'!$B$6) -> 0 | J11: =SUMIFS('Individual Data'!$AC$7:$AC$5545,'Individual Data'!$V$7:$V$5545,'Hat by PBT'!$B11,'Individual Data'!$Z$7:$Z$5545,'Hat by PBT'!J$7,'Individual Data'!$R$7:$R$5545,'Hat by PBT'!$C11,'Individual Data'!$N$7:$N$5545,'Hat by PBT'!$B$6) -> 0 | K11: =SUMIFS('Individual Data'!$AC$7:$AC$5545,'Individual Data'!$V$7:$V$5545,'Hat by PBT'!$B11,'Individual Data'!$Z$7:$Z$5545,'Hat by PBT'!K$7,'Individual Data'!$R$7:$R$5545,'Hat by PBT'!$C11,'Individual Data'!$N$7:$N$5545,'Hat by PBT'!$B$6) -> 84.112963 | ... P11: =SUMIFS('Individual Data'!$AC$7:$AC$5545,'Individual Data'!$V$7:$V$5545,'Hat by PBT'!$B11,'Individual Data'!$Z$7:$Z$5545,'Hat by PBT'!P$7,'Individual Data'!$R$7:$R$5545,'Hat by PBT'!$C11,'Individual Data'!$N$7:$N$5545,'Hat by PBT'!$B$6) -> 0 | R11: =SUM(D11:F11) -> 0 | S11: =SUM(G11:P11) -> 199.92355 | U11: =$U$3-C11 -> 2019 | V11: =B11 -> CJA2 | W11: SR | X11: =SUMIFS('cwt rel info'!$A$6:$A$317,'cwt rel info'!$D$6:$D$317,'Hat by PBT'!U11,'cwt rel info'!$E$6:$E$317,'Hat by PBT'!V11) -> 220196 | Y11: =R11+S11 -> 199.92355 | Z11: =S91 -> 32.228577 | AA11: =R91 -> 0 | AB11: =VLOOKUP(V11,'Individual Data'!$V$6:$AD$5545,9,FALSE) -> Abv | AC11: =IF(AB11="blw",Y11*(1-$Z$4),Y11*(1-$Z$3)) -> 195.12538 | AD11: =IF(AB11="blw",Z11*(1-$Z$4),Z11*(1-$Z$3)) -> 31.455091 | AE11: =IF(AB11="blw",AA11*(1-$AA$4),AA11*(1-$AA$3)) -> 0
A12: OtsLYON19S_1 | B12: GRR | C12: 5 | D12: =SUMIFS('Individual Data'!$AC$7:$AC$5545,'Individual Data'!$V$7:$V$5545,'Hat by PBT'!$B12,'Individual Data'!$Z$7:$Z$5545,'Hat by PBT'!D$7,'Individual Data'!$R$7:$R$5545,'Hat by PBT'!$C12,'Individual Data'!$N$7:$N$5545,'Hat by PBT'!$B$6) -> 0 | E12: =SUMIFS('Individual Data'!$AC$7:$AC$5545,'Individual Data'!$V$7:$V$5545,'Hat by PBT'!$B12,'Individual Data'!$Z$7:$Z$5545,'Hat by PBT'!E$7,'Individual Data'!$R$7:$R$5545,'Hat by PBT'!$C12,'Individual Data'!$N$7:$N$5545,'Hat by PBT'!$B$6) -> 0 | F12: =SUMIFS('Individual Data'!$AC$7:$AC$5545,'Individual Data'!$V$7:$V$5545,'Hat by PBT'!$B12,'Individual Data'!$Z$7:$Z$5545,'Hat by PBT'!F$7,'Individual Data'!$R$7:$R$5545,'Hat by PBT'!$C12,'Individual Data'!$N$7:$N$5545,'Hat by PBT'!$B$6) -> 0 | G12: =SUMIFS('Individual Data'!$AC$7:$AC$5545,'Individual Data'!$V$7:$V$5545,'Hat by PBT'!$B12,'Individual Data'!$Z$7:$Z$5545,'Hat by PBT'!G$7,'Individual Data'!$R$7:$R$5545,'Hat by PBT'!$C12,'Individual Data'!$N$7:$N$5545,'Hat by PBT'!$B$6) -> 0 | H12: =SUMIFS('Individual Data'!$AC$7:$AC$5545,'Individual Data'!$V$7:$V$5545,'Hat by PBT'!$B12,'Individual Data'!$Z$7:$Z$5545,'Hat by PBT'!H$7,'Individual Data'!$R$7:$R$5545,'Hat by PBT'!$C12,'Individual Data'!$N$7:$N$5545,'Hat by PBT'!$B$6) -> 0 | I12: =SUMIFS('Individual Data'!$AC$7:$AC$5545,'Individual Data'!$V$7:$V$5545,'Hat by PBT'!$B12,'Individual Data'!$Z$7:$Z$5545,'Hat by PBT'!I$7,'Individual Data'!$R$7:$R$5545,'Hat by PBT'!$C12,'Individual Data'!$N$7:$N$5545,'Hat by PBT'!$B$6) -> 0 | J12: =SUMIFS('Individual Data'!$AC$7:$AC$5545,'Individual Data'!$V$7:$V$5545,'Hat by PBT'!$B12,'Individual Data'!$Z$7:$Z$5545,'Hat by PBT'!J$7,'Individual Data'!$R$7:$R$5545,'Hat by PBT'!$C12,'Individual Data'!$N$7:$N$5545,'Hat by PBT'!$B$6) -> 0 | K12: =SUMIFS('Individual Data'!$AC$7:$AC$5545,'Individual Data'!$V$7:$V$5545,'Hat by PBT'!$B12,'Individual Data'!$Z$7:$Z$5545,'Hat by PBT'!K$7,'Individual Data'!$R$7:$R$5545,'Hat by PBT'!$C12,'Individual Data'!$N$7:$N$5545,'Hat by PBT'!$B$6) -> 0 | ... P12: =SUMIFS('Individual Data'!$AC$7:$AC$5545,'Individual Data'!$V$7:$V$5545,'Hat by PBT'!$B12,'Individual Data'!$Z$7:$Z$5545,'Hat by PBT'!P$7,'Individual Data'!$R$7:$R$5545,'Hat by PBT'!$C12,'Individual Data'!$N$7:$N$5545,'Hat by PBT'!$B$6) -> 0 | R12: =SUM(D12:F12) -> 0 | S12: =SUM(G12:P12) -> 33.645185 | U12: =$U$3-C12 -> 2019 | V12: =B12 -> GRR | W12: SR | X12: =SUMIFS('cwt rel info'!$A$6:$A$317,'cwt rel info'!$D$6:$D$317,'Hat by PBT'!U12,'cwt rel info'!$E$6:$E$317,'Hat by PBT'!V12) -> 637759 | Y12: =R12+S12 -> 33.645185 | Z12: =S92 -> 48.955761 | AA12: =R92 -> 0 | AB12: =VLOOKUP(V12,'Individual Data'!$V$6:$AD$5545,9,FALSE) -> Abv | AC12: =IF(AB12="blw",Y12*(1-$Z$4),Y12*(1-$Z$3)) -> 32.837701 | AD12: =IF(AB12="blw",Z12*(1-$Z$4),Z12*(1-$Z$3)) -> 47.780823 | AE12: =IF(AB12="blw",AA12*(1-$AA$4),AA12*(1-$AA$3)) -> 0
A13: OtsLYON19S_1 | B13: IPCSR | C13: 5 | D13: =SUMIFS('Individual Data'!$AC$7:$AC$5545,'Individual Data'!$V$7:$V$5545,'Hat by PBT'!$B13,'Individual Data'!$Z$7:$Z$5545,'Hat by PBT'!D$7,'Individual Data'!$R$7:$R$5545,'Hat by PBT'!$C13,'Individual Data'!$N$7:$N$5545,'Hat by PBT'!$B$6) -> 0 | E13: =SUMIFS('Individual Data'!$AC$7:$AC$5545,'Individual Data'!$V$7:$V$5545,'Hat by PBT'!$B13,'Individual Data'!$Z$7:$Z$5545,'Hat by PBT'!E$7,'Individual Data'!$R$7:$R$5545,'Hat by PBT'!$C13,'Individual Data'!$N$7:$N$5545,'Hat by PBT'!$B$6) -> 0 | F13: =SUMIFS('Individual Data'!$AC$7:$AC$5545,'Individual Data'!$V$7:$V$5545,'Hat by PBT'!$B13,'Individual Data'!$Z$7:$Z$5545,'Hat by PBT'!F$7,'Individual Data'!$R$7:$R$5545,'Hat by PBT'!$C13,'Individual Data'!$N$7:$N$5545,'Hat by PBT'!$B$6) -> 0 | G13: =SUMIFS('Individual Data'!$AC$7:$AC$5545,'Individual Data'!$V$7:$V$5545,'Hat by PBT'!$B13,'Individual Data'!$Z$7:$Z$5545,'Hat by PBT'!G$7,'Individual Data'!$R$7:$R$5545,'Hat by PBT'!$C13,'Individual Data'!$N$7:$N$5545,'Hat by PBT'!$B$6) -> 0 | H13: =SUMIFS('Individual Data'!$AC$7:$AC$5545,'Individual Data'!$V$7:$V$5545,'Hat by PBT'!$B13,'Individual Data'!$Z$7:$Z$5545,'Hat by PBT'!H$7,'Individual Data'!$R$7:$R$5545,'Hat by PBT'!$C13,'Individual Data'!$N$7:$N$5545,'Hat by PBT'!$B$6) -> 0 | I13: =SUMIFS('Individual Data'!$AC$7:$AC$5545,'Individual Data'!$V$7:$V$5545,'Hat by PBT'!$B13,'Individual Data'!$Z$7:$Z$5545,'Hat by PBT'!I$7,'Individual Data'!$R$7:$R$5545,'Hat by PBT'!$C13,'Individual Data'!$N$7:$N$5545,'Hat by PBT'!$B$6) -> 0 | J13: =SUMIFS('Individual Data'!$AC$7:$AC$5545,'Individual Data'!$V$7:$V$5545,'Hat by PBT'!$B13,'Individual Data'!$Z$7:$Z$5545,'Hat by PBT'!J$7,'Individual Data'!$R$7:$R$5545,'Hat by PBT'!$C13,'Individual Data'!$N$7:$N$5545,'Hat by PBT'!$B$6) -> 32.249927 | K13: =SUMIFS('Individual Data'!$AC$7:$AC$5545,'Individual Data'!$V$7:$V$5545,'Hat by PBT'!$B13,'Individual Data'!$Z$7:$Z$5545,'Hat by PBT'!K$7,'Individual Data'!$R$7:$R$5545,'Hat by PBT'!$C13,'Individual Data'!$N$7:$N$5545,'Hat by PBT'!$B$6) -> 246.62032 | ... P13: =SUMIFS('Individual Data'!$AC$7:$AC$5545,'Individual Data'!$V$7:$V$5545,'Hat by PBT'!$B13,'Individual Data'!$Z$7:$Z$5545,'Hat by PBT'!P$7,'Individual Data'!$R$7:$R$5545,'Hat by PBT'!$C13,'Individual Data'!$N$7:$N$5545,'Hat by PBT'!$B$6) -> 0 | R13: =SUM(D13:F13) -> 0 | S13: =SUM(G13:P13) -> 616.99397 | U13: =$U$3-C13 -> 2019 | V13: =B13 -> IPCSR | W13: SR | X13: =SUMIFS('cwt rel info'!$A$6:$A$317,'cwt rel info'!$D$6:$D$317,'Hat by PBT'!U13,'cwt rel info'!$E$6:$E$317,'Hat by PBT'!V13) -> 91459 | Y13: =R13+S13 -> 616.99397 | Z13: =S93 -> 81.860761 | AA13: =R93 -> 0 | AB13: =VLOOKUP(V13,'Individual Data'!$V$6:$AD$5545,9,FALSE) -> Abv | AC13: =IF(AB13="blw",Y13*(1-$Z$4),Y13*(1-$Z$3)) -> 602.18611 | AD13: =IF(AB13="blw",Z13*(1-$Z$4),Z13*(1-$Z$3)) -> 79.896103 | AE13: =IF(AB13="blw",AA13*(1-$AA$4),AA13*(1-$AA$3)) -> 0
A14: OtsLYON19S_1 | B14: LFSO | C14: 5 | D14: =SUMIFS('Individual Data'!$AC$7:$AC$5545,'Individual Data'!$V$7:$V$5545,'Hat by PBT'!$B14,'Individual Data'!$Z$7:$Z$5545,'Hat by PBT'!D$7,'Individual Data'!$R$7:$R$5545,'Hat by PBT'!$C14,'Individual Data'!$N$7:$N$5545,'Hat by PBT'!$B$6) -> 0 | E14: =SUMIFS('Individual Data'!$AC$7:$AC$5545,'Individual Data'!$V$7:$V$5545,'Hat by PBT'!$B14,'Individual Data'!$Z$7:$Z$5545,'Hat by PBT'!E$7,'Individual Data'!$R$7:$R$5545,'Hat by PBT'!$C14,'Individual Data'!$N$7:$N$5545,'Hat by PBT'!$B$6) -> 0 | F14: =SUMIFS('Individual Data'!$AC$7:$AC$5545,'Individual Data'!$V$7:$V$5545,'Hat by PBT'!$B14,'Individual Data'!$Z$7:$Z$5545,'Hat by PBT'!F$7,'Individual Data'!$R$7:$R$5545,'Hat by PBT'!$C14,'Individual Data'!$N$7:$N$5545,'Hat by PBT'!$B$6) -> 0 | G14: =SUMIFS('Individual Data'!$AC$7:$AC$5545,'Individual Data'!$V$7:$V$5545,'Hat by PBT'!$B14,'Individual Data'!$Z$7:$Z$5545,'Hat by PBT'!G$7,'Individual Data'!$R$7:$R$5545,'Hat by PBT'!$C14,'Individual Data'!$N$7:$N$5545,'Hat by PBT'!$B$6) -> 0 | H14: =SUMIFS('Individual Data'!$AC$7:$AC$5545,'Individual Data'!$V$7:$V$5545,'Hat by PBT'!$B14,'Individual Data'!$Z$7:$Z$5545,'Hat by PBT'!H$7,'Individual Data'!$R$7:$R$5545,'Hat by PBT'!$C14,'Individual Data'!$N$7:$N$5545,'Hat by PBT'!$B$6) -> 0 | I14: =SUMIFS('Individual Data'!$AC$7:$AC$5545,'Individual Data'!$V$7:$V$5545,'Hat by PBT'!$B14,'Individual Data'!$Z$7:$Z$5545,'Hat by PBT'!I$7,'Individual Data'!$R$7:$R$5545,'Hat by PBT'!$C14,'Individual Data'!$N$7:$N$5545,'Hat by PBT'!$B$6) -> 17.152088 | J14: =SUMIFS('Individual Data'!$AC$7:$AC$5545,'Individual Data'!$V$7:$V$5545,'Hat by PBT'!$B14,'Individual Data'!$Z$7:$Z$5545,'Hat by PBT'!J$7,'Individual Data'!$R$7:$R$5545,'Hat by PBT'!$C14,'Individual Data'!$N$7:$N$5545,'Hat by PBT'!$B$6) -> 101.63611 | K14: =SUMIFS('Individual Data'!$AC$7:$AC$5545,'Individual Data'!$V$7:$V$5545,'Hat by PBT'!$B14,'Individual Data'!$Z$7:$Z$5545,'Hat by PBT'!K$7,'Individual Data'!$R$7:$R$5545,'Hat by PBT'!$C14,'Individual Data'!$N$7:$N$5545,'Hat by PBT'!$B$6) -> 228.39672 | ... P14: =SUMIFS('Individual Data'!$AC$7:$AC$5545,'Individual Data'!$V$7:$V$5545,'Hat by PBT'!$B14,'Individual Data'!$Z$7:$Z$5545,'Hat by PBT'!P$7,'Individual Data'!$R$7:$R$5545,'Hat by PBT'!$C14,'Individual Data'!$N$7:$N$5545,'Hat by PBT'!$B$6) -> 0 | R14: =SUM(D14:F14) -> 0 | S14: =SUM(G14:P14) -> 631.52686 | U14: =$U$3-C14 -> 2019 | V14: =B14 -> LFSO | W14: SR | X14: =SUMIFS('cwt rel info'!$A$6:$A$317,'cwt rel info'!$D$6:$D$317,'Hat by PBT'!U14,'cwt rel info'!$E$6:$E$317,'Hat by PBT'!V14) -> 637758 | Y14: =R14+S14 -> 631.52686 | Z14: =S95 -> 260.63592 | AA14: =R95 -> 0 | AB14: =VLOOKUP(V14,'Individual Data'!$V$6:$AD$5545,9,FALSE) -> Abv | AC14: =IF(AB14="blw",Y14*(1-$Z$4),Y14*(1-$Z$3)) -> 616.37022 | AD14: =IF(AB14="blw",Z14*(1-$Z$4),Z14*(1-$Z$3)) -> 254.38066 | AE14: =IF(AB14="blw",AA14*(1-$AA$4),AA14*(1-$AA$3)) -> 0
A15: OtsLYON19S_1 | B15: LFYO | C15: 5 | D15: =SUMIFS('Individual Data'!$AC$7:$AC$5545,'Individual Data'!$V$7:$V$5545,'Hat by PBT'!$B15,'Individual Data'!$Z$7:$Z$5545,'Hat by PBT'!D$7,'Individual Data'!$R$7:$R$5545,'Hat by PBT'!$C15,'Individual Data'!$N$7:$N$5545,'Hat by PBT'!$B$6) -> 0 | E15: =SUMIFS('Individual Data'!$AC$7:$AC$5545,'Individual Data'!$V$7:$V$5545,'Hat by PBT'!$B15,'Individual Data'!$Z$7:$Z$5545,'Hat by PBT'!E$7,'Individual Data'!$R$7:$R$5545,'Hat by PBT'!$C15,'Individual Data'!$N$7:$N$5545,'Hat by PBT'!$B$6) -> 0 | F15: =SUMIFS('Individual Data'!$AC$7:$AC$5545,'Individual Data'!$V$7:$V$5545,'Hat by PBT'!$B15,'Individual Data'!$Z$7:$Z$5545,'Hat by PBT'!F$7,'Individual Data'!$R$7:$R$5545,'Hat by PBT'!$C15,'Individual Data'!$N$7:$N$5545,'Hat by PBT'!$B$6) -> 0 | G15: =SUMIFS('Individual Data'!$AC$7:$AC$5545,'Individual Data'!$V$7:$V$5545,'Hat by PBT'!$B15,'Individual Data'!$Z$7:$Z$5545,'Hat by PBT'!G$7,'Individual Data'!$R$7:$R$5545,'Hat by PBT'!$C15,'Individual Data'!$N$7:$N$5545,'Hat by PBT'!$B$6) -> 17.152088 | H15: =SUMIFS('Individual Data'!$AC$7:$AC$5545,'Individual Data'!$V$7:$V$5545,'Hat by PBT'!$B15,'Individual Data'!$Z$7:$Z$5545,'Hat by PBT'!H$7,'Individual Data'!$R$7:$R$5545,'Hat by PBT'!$C15,'Individual Data'!$N$7:$N$5545,'Hat by PBT'!$B$6) -> 34.262551 | I15: =SUMIFS('Individual Data'!$AC$7:$AC$5545,'Individual Data'!$V$7:$V$5545,'Hat by PBT'!$B15,'Individual Data'!$Z$7:$Z$5545,'Hat by PBT'!I$7,'Individual Data'!$R$7:$R$5545,'Hat by PBT'!$C15,'Individual Data'!$N$7:$N$5545,'Hat by PBT'!$B$6) -> 66.699057 | J15: =SUMIFS('Individual Data'!$AC$7:$AC$5545,'Individual Data'!$V$7:$V$5545,'Hat by PBT'!$B15,'Individual Data'!$Z$7:$Z$5545,'Hat by PBT'!J$7,'Individual Data'!$R$7:$R$5545,'Hat by PBT'!$C15,'Individual Data'!$N$7:$N$5545,'Hat by PBT'!$B$6) -> 166.87112 | K15: =SUMIFS('Individual Data'!$AC$7:$AC$5545,'Individual Data'!$V$7:$V$5545,'Hat by PBT'!$B15,'Individual Data'!$Z$7:$Z$5545,'Hat by PBT'!K$7,'Individual Data'!$R$7:$R$5545,'Hat by PBT'!$C15,'Individual Data'!$N$7:$N$5545,'Hat by PBT'!$B$6) -> 279.30501 | ... P15: =SUMIFS('Individual Data'!$AC$7:$AC$5545,'Individual Data'!$V$7:$V$5545,'Hat by PBT'!$B15,'Individual Data'!$Z$7:$Z$5545,'Hat by PBT'!P$7,'Individual Data'!$R$7:$R$5545,'Hat by PBT'!$C15,'Individual Data'!$N$7:$N$5545,'Hat by PBT'!$B$6) -> 0 | R15: =SUM(D15:F15) -> 0 | S15: =SUM(G15:P15) -> 646.89077 | U15: =$U$3-C15 -> 2019 | V15: =B15 -> LFYO | W15: SR | X15: =SUMIFS('cwt rel info'!$A$6:$A$317,'cwt rel info'!$D$6:$D$317,'Hat by PBT'!U15,'cwt rel info'!$E$6:$E$317,'Hat by PBT'!V15) -> 637762 | Y15: =R15+S15 -> 646.89077 | Z15: =S96 -> 248.45799 | AA15: =R96 -> 0 | AB15: =VLOOKUP(V15,'Individual Data'!$V$6:$AD$5545,9,FALSE) -> blw | AC15: =IF(AB15="blw",Y15*(1-$Z$4),Y15*(1-$Z$3)) -> 433.41682 | AD15: =IF(AB15="blw",Z15*(1-$Z$4),Z15*(1-$Z$3)) -> 166.46685 | AE15: =IF(AB15="blw",AA15*(1-$AA$4),AA15*(1-$AA$3)) -> 0
A16: OtsLYON19S_1 | B16: PLA1 | C16: 5 | D16: =SUMIFS('Individual Data'!$AC$7:$AC$5545,'Individual Data'!$V$7:$V$5545,'Hat by PBT'!$B16,'Individual Data'!$Z$7:$Z$5545,'Hat by PBT'!D$7,'Individual Data'!$R$7:$R$5545,'Hat by PBT'!$C16,'Individual Data'!$N$7:$N$5545,'Hat by PBT'!$B$6) -> 0 | E16: =SUMIFS('Individual Data'!$AC$7:$AC$5545,'Individual Data'!$V$7:$V$5545,'Hat by PBT'!$B16,'Individual Data'!$Z$7:$Z$5545,'Hat by PBT'!E$7,'Individual Data'!$R$7:$R$5545,'Hat by PBT'!$C16,'Individual Data'!$N$7:$N$5545,'Hat by PBT'!$B$6) -> 0 | F16: =SUMIFS('Individual Data'!$AC$7:$AC$5545,'Individual Data'!$V$7:$V$5545,'Hat by PBT'!$B16,'Individual Data'!$Z$7:$Z$5545,'Hat by PBT'!F$7,'Individual Data'!$R$7:$R$5545,'Hat by PBT'!$C16,'Individual Data'!$N$7:$N$5545,'Hat by PBT'!$B$6) -> 0 | G16: =SUMIFS('Individual Data'!$AC$7:$AC$5545,'Individual Data'!$V$7:$V$5545,'Hat by PBT'!$B16,'Individual Data'!$Z$7:$Z$5545,'Hat by PBT'!G$7,'Individual Data'!$R$7:$R$5545,'Hat by PBT'!$C16,'Individual Data'!$N$7:$N$5545,'Hat by PBT'!$B$6) -> 0 | H16: =SUMIFS('Individual Data'!$AC$7:$AC$5545,'Individual Data'!$V$7:$V$5545,'Hat by PBT'!$B16,'Individual Data'!$Z$7:$Z$5545,'Hat by PBT'!H$7,'Individual Data'!$R$7:$R$5545,'Hat by PBT'!$C16,'Individual Data'!$N$7:$N$5545,'Hat by PBT'!$B$6) -> 0 | I16: =SUMIFS('Individual Data'!$AC$7:$AC$5545,'Individual Data'!$V$7:$V$5545,'Hat by PBT'!$B16,'Individual Data'!$Z$7:$Z$5545,'Hat by PBT'!I$7,'Individual Data'!$R$7:$R$5545,'Hat by PBT'!$C16,'Individual Data'!$N$7:$N$5545,'Hat by PBT'!$B$6) -> 0 | J16: =SUMIFS('Individual Data'!$AC$7:$AC$5545,'Individual Data'!$V$7:$V$5545,'Hat by PBT'!$B16,'Individual Data'!$Z$7:$Z$5545,'Hat by PBT'!J$7,'Individual Data'!$R$7:$R$5545,'Hat by PBT'!$C16,'Individual Data'!$N$7:$N$5545,'Hat by PBT'!$B$6) -> 33.878702 | K16: =SUMIFS('Individual Data'!$AC$7:$AC$5545,'Individual Data'!$V$7:$V$5545,'Hat by PBT'!$B16,'Individual Data'!$Z$7:$Z$5545,'Hat by PBT'!K$7,'Individual Data'!$R$7:$R$5545,'Hat by PBT'!$C16,'Individual Data'!$N$7:$N$5545,'Hat by PBT'!$B$6) -> 62.75432 | ... P16: =SUMIFS('Individual Data'!$AC$7:$AC$5545,'Individual Data'!$V$7:$V$5545,'Hat by PBT'!$B16,'Individual Data'!$Z$7:$Z$5545,'Hat by PBT'!P$7,'Individual Data'!$R$7:$R$5545,'Hat by PBT'!$C16,'Individual Data'!$N$7:$N$5545,'Hat by PBT'!$B$6) -> 0 | R16: =SUM(D16:F16) -> 0 | S16: =SUM(G16:P16) -> 195.6558 | U16: =$U$3-C16 -> 2019 | V16: =B16 -> PLA1 | W16: SR | X16: =SUMIFS('cwt rel info'!$A$6:$A$317,'cwt rel info'!$D$6:$D$317,'Hat by PBT'!U16,'cwt rel info'!$E$6:$E$317,'Hat by PBT'!V16) -> 220199 | Y16: =R16+S16 -> 195.6558 | Z16: =S97 -> 78.472604 | AA16: =R97 -> 0 | AB16: =VLOOKUP(V16,'Individual Data'!$V$6:$AD$5545,9,FALSE) -> Abv | AC16: =IF(AB16="blw",Y16*(1-$Z$4),Y16*(1-$Z$3)) -> 190.96006 | AD16: =IF(AB16="blw",Z16*(1-$Z$4),Z16*(1-$Z$3)) -> 76.589262 | AE16: =IF(AB16="blw",AA16*(1-$AA$4),AA16*(1-$AA$3)) -> 0
A17: OtsLYON19S_1 | B17: PLA2 | C17: 5 | D17: =SUMIFS('Individual Data'!$AC$7:$AC$5545,'Individual Data'!$V$7:$V$5545,'Hat by PBT'!$B17,'Individual Data'!$Z$7:$Z$5545,'Hat by PBT'!D$7,'Individual Data'!$R$7:$R$5545,'Hat by PBT'!$C17,'Individual Data'!$N$7:$N$5545,'Hat by PBT'!$B$6) -> 0 | E17: =SUMIFS('Individual Data'!$AC$7:$AC$5545,'Individual Data'!$V$7:$V$5545,'Hat by PBT'!$B17,'Individual Data'!$Z$7:$Z$5545,'Hat by PBT'!E$7,'Individual Data'!$R$7:$R$5545,'Hat by PBT'!$C17,'Individual Data'!$N$7:$N$5545,'Hat by PBT'!$B$6) -> 0 | F17: =SUMIFS('Individual Data'!$AC$7:$AC$5545,'Individual Data'!$V$7:$V$5545,'Hat by PBT'!$B17,'Individual Data'!$Z$7:$Z$5545,'Hat by PBT'!F$7,'Individual Data'!$R$7:$R$5545,'Hat by PBT'!$C17,'Individual Data'!$N$7:$N$5545,'Hat by PBT'!$B$6) -> 0 | G17: =SUMIFS('Individual Data'!$AC$7:$AC$5545,'Individual Data'!$V$7:$V$5545,'Hat by PBT'!$B17,'Individual Data'!$Z$7:$Z$5545,'Hat by PBT'!G$7,'Individual Data'!$R$7:$R$5545,'Hat by PBT'!$C17,'Individual Data'!$N$7:$N$5545,'Hat by PBT'!$B$6) -> 0 | H17: =SUMIFS('Individual Data'!$AC$7:$AC$5545,'Individual Data'!$V$7:$V$5545,'Hat by PBT'!$B17,'Individual Data'!$Z$7:$Z$5545,'Hat by PBT'!H$7,'Individual Data'!$R$7:$R$5545,'Hat by PBT'!$C17,'Individual Data'!$N$7:$N$5545,'Hat by PBT'!$B$6) -> 0 | I17: =SUMIFS('Individual Data'!$AC$7:$AC$5545,'Individual Data'!$V$7:$V$5545,'Hat by PBT'!$B17,'Individual Data'!$Z$7:$Z$5545,'Hat by PBT'!I$7,'Individual Data'!$R$7:$R$5545,'Hat by PBT'!$C17,'Individual Data'!$N$7:$N$5545,'Hat by PBT'!$B$6) -> 0 | J17: =SUMIFS('Individual Data'!$AC$7:$AC$5545,'Individual Data'!$V$7:$V$5545,'Hat by PBT'!$B17,'Individual Data'!$Z$7:$Z$5545,'Hat by PBT'!J$7,'Individual Data'!$R$7:$R$5545,'Hat by PBT'!$C17,'Individual Data'!$N$7:$N$5545,'Hat by PBT'!$B$6) -> 16.939351 | K17: =SUMIFS('Individual Data'!$AC$7:$AC$5545,'Individual Data'!$V$7:$V$5545,'Hat by PBT'!$B17,'Individual Data'!$Z$7:$Z$5545,'Hat by PBT'!K$7,'Individual Data'!$R$7:$R$5545,'Hat by PBT'!$C17,'Individual Data'!$N$7:$N$5545,'Hat by PBT'!$B$6) -> 32.133169 | ... P17: =SUMIFS('Individual Data'!$AC$7:$AC$5545,'Individual Data'!$V$7:$V$5545,'Hat by PBT'!$B17,'Individual Data'!$Z$7:$Z$5545,'Hat by PBT'!P$7,'Individual Data'!$R$7:$R$5545,'Hat by PBT'!$C17,'Individual Data'!$N$7:$N$5545,'Hat by PBT'!$B$6) -> 0 | R17: =SUM(D17:F17) -> 0 | S17: =SUM(G17:P17) -> 65.895112 | U17: =$U$3-C17 -> 2019 | V17: =B17 -> PLA2 | W17: SR | X17: =SUMIFS('cwt rel info'!$A$6:$A$317,'cwt rel info'!$D$6:$D$317,'Hat by PBT'!U17,'cwt rel info'!$E$6:$E$317,'Hat by PBT'!V17) -> 220282 | Y17: =R17+S17 -> 65.895112 | Z17: =S98 -> 47.962509 | AA17: =R98 -> 0 | AB17: =VLOOKUP(V17,'Individual Data'!$V$6:$AD$5545,9,FALSE) -> Abv | AC17: =IF(AB17="blw",Y17*(1-$Z$4),Y17*(1-$Z$3)) -> 64.313629 | AD17: =IF(AB17="blw",Z17*(1-$Z$4),Z17*(1-$Z$3)) -> 46.811409 | AE17: =IF(AB17="blw",AA17*(1-$AA$4),AA17*(1-$AA$3)) -> 0
A18: OtsLYON20S_1 | B18: BCA1 | C18: 4 | D18: =SUMIFS('Individual Data'!$AC$7:$AC$5545,'Individual Data'!$V$7:$V$5545,'Hat by PBT'!$B18,'Individual Data'!$Z$7:$Z$5545,'Hat by PBT'!D$7,'Individual Data'!$R$7:$R$5545,'Hat by PBT'!$C18,'Individual Data'!$N$7:$N$5545,'Hat by PBT'!$B$6) -> 0 | E18: =SUMIFS('Individual Data'!$AC$7:$AC$5545,'Individual Data'!$V$7:$V$5545,'Hat by PBT'!$B18,'Individual Data'!$Z$7:$Z$5545,'Hat by PBT'!E$7,'Individual Data'!$R$7:$R$5545,'Hat by PBT'!$C18,'Individual Data'!$N$7:$N$5545,'Hat by PBT'!$B$6) -> 0 | F18: =SUMIFS('Individual Data'!$AC$7:$AC$5545,'Individual Data'!$V$7:$V$5545,'Hat by PBT'!$B18,'Individual Data'!$Z$7:$Z$5545,'Hat by PBT'!F$7,'Individual Data'!$R$7:$R$5545,'Hat by PBT'!$C18,'Individual Data'!$N$7:$N$5545,'Hat by PBT'!$B$6) -> 0 | G18: =SUMIFS('Individual Data'!$AC$7:$AC$5545,'Individual Data'!$V$7:$V$5545,'Hat by PBT'!$B18,'Individual Data'!$Z$7:$Z$5545,'Hat by PBT'!G$7,'Individual Data'!$R$7:$R$5545,'Hat by PBT'!$C18,'Individual Data'!$N$7:$N$5545,'Hat by PBT'!$B$6) -> 0 | H18: =SUMIFS('Individual Data'!$AC$7:$AC$5545,'Individual Data'!$V$7:$V$5545,'Hat by PBT'!$B18,'Individual Data'!$Z$7:$Z$5545,'Hat by PBT'!H$7,'Individual Data'!$R$7:$R$5545,'Hat by PBT'!$C18,'Individual Data'!$N$7:$N$5545,'Hat by PBT'!$B$6) -> 17.015877 | I18: =SUMIFS('Individual Data'!$AC$7:$AC$5545,'Individual Data'!$V$7:$V$5545,'Hat by PBT'!$B18,'Individual Data'!$Z$7:$Z$5545,'Hat by PBT'!I$7,'Individual Data'!$R$7:$R$5545,'Hat by PBT'!$C18,'Individual Data'!$N$7:$N$5545,'Hat by PBT'!$B$6) -> 95.547069 | J18: =SUMIFS('Individual Data'!$AC$7:$AC$5545,'Individual Data'!$V$7:$V$5545,'Hat by PBT'!$B18,'Individual Data'!$Z$7:$Z$5545,'Hat by PBT'!J$7,'Individual Data'!$R$7:$R$5545,'Hat by PBT'!$C18,'Individual Data'!$N$7:$N$5545,'Hat by PBT'!$B$6) -> 138.20663 | K18: =SUMIFS('Individual Data'!$AC$7:$AC$5545,'Individual Data'!$V$7:$V$5545,'Hat by PBT'!$B18,'Individual Data'!$Z$7:$Z$5545,'Hat by PBT'!K$7,'Individual Data'!$R$7:$R$5545,'Hat by PBT'!$C18,'Individual Data'!$N$7:$N$5545,'Hat by PBT'!$B$6) -> 294.48864 | ... P18: =SUMIFS('Individual Data'!$AC$7:$AC$5545,'Individual Data'!$V$7:$V$5545,'Hat by PBT'!$B18,'Individual Data'!$Z$7:$Z$5545,'Hat by PBT'!P$7,'Individual Data'!$R$7:$R$5545,'Hat by PBT'!$C18,'Individual Data'!$N$7:$N$5545,'Hat by PBT'!$B$6) -> 0 | R18: =SUM(D18:F18) -> 0 | S18: =SUM(G18:P18) -> 676.50377 | U18: =$U$3-C18 -> 2020 | V18: =B18 -> BCA1 | W18: SR | X18: =SUMIFS('cwt rel info'!$A$6:$A$317,'cwt rel info'!$D$6:$D$317,'Hat by PBT'!U18,'cwt rel info'!$E$6:$E$317,'Hat by PBT'!V18) -> 220291 | Y18: =R18+S18 -> 676.50377 | Z18: =S99 -> 477.57439 | AA18: =R99 -> 0 | AB18: =VLOOKUP(V18,'Individual Data'!$V$6:$AD$5545,9,FALSE) -> Abv | AC18: =IF(AB18="blw",Y18*(1-$Z$4),Y18*(1-$Z$3)) -> 660.26768 | AD18: =IF(AB18="blw",Z18*(1-$Z$4),Z18*(1-$Z$3)) -> 466.1126 | AE18: =IF(AB18="blw",AA18*(1-$AA$4),AA18*(1-$AA$3)) -> 0
A19: OtsLYON20S_1 | B19: BCA2 | C19: 4 | D19: =SUMIFS('Individual Data'!$AC$7:$AC$5545,'Individual Data'!$V$7:$V$5545,'Hat by PBT'!$B19,'Individual Data'!$Z$7:$Z$5545,'Hat by PBT'!D$7,'Individual Data'!$R$7:$R$5545,'Hat by PBT'!$C19,'Individual Data'!$N$7:$N$5545,'Hat by PBT'!$B$6) -> 0 | E19: =SUMIFS('Individual Data'!$AC$7:$AC$5545,'Individual Data'!$V$7:$V$5545,'Hat by PBT'!$B19,'Individual Data'!$Z$7:$Z$5545,'Hat by PBT'!E$7,'Individual Data'!$R$7:$R$5545,'Hat by PBT'!$C19,'Individual Data'!$N$7:$N$5545,'Hat by PBT'!$B$6) -> 0 | F19: =SUMIFS('Individual Data'!$AC$7:$AC$5545,'Individual Data'!$V$7:$V$5545,'Hat by PBT'!$B19,'Individual Data'!$Z$7:$Z$5545,'Hat by PBT'!F$7,'Individual Data'!$R$7:$R$5545,'Hat by PBT'!$C19,'Individual Data'!$N$7:$N$5545,'Hat by PBT'!$B$6) -> 0 | G19: =SUMIFS('Individual Data'!$AC$7:$AC$5545,'Individual Data'!$V$7:$V$5545,'Hat by PBT'!$B19,'Individual Data'!$Z$7:$Z$5545,'Hat by PBT'!G$7,'Individual Data'!$R$7:$R$5545,'Hat by PBT'!$C19,'Individual Data'!$N$7:$N$5545,'Hat by PBT'!$B$6) -> 0 | H19: =SUMIFS('Individual Data'!$AC$7:$AC$5545,'Individual Data'!$V$7:$V$5545,'Hat by PBT'!$B19,'Individual Data'!$Z$7:$Z$5545,'Hat by PBT'!H$7,'Individual Data'!$R$7:$R$5545,'Hat by PBT'!$C19,'Individual Data'!$N$7:$N$5545,'Hat by PBT'!$B$6) -> 0 | I19: =SUMIFS('Individual Data'!$AC$7:$AC$5545,'Individual Data'!$V$7:$V$5545,'Hat by PBT'!$B19,'Individual Data'!$Z$7:$Z$5545,'Hat by PBT'!I$7,'Individual Data'!$R$7:$R$5545,'Hat by PBT'!$C19,'Individual Data'!$N$7:$N$5545,'Hat by PBT'!$B$6) -> 0 | J19: =SUMIFS('Individual Data'!$AC$7:$AC$5545,'Individual Data'!$V$7:$V$5545,'Hat by PBT'!$B19,'Individual Data'!$Z$7:$Z$5545,'Hat by PBT'!J$7,'Individual Data'!$R$7:$R$5545,'Hat by PBT'!$C19,'Individual Data'!$N$7:$N$5545,'Hat by PBT'!$B$6) -> 64.325299 | K19: =SUMIFS('Individual Data'!$AC$7:$AC$5545,'Individual Data'!$V$7:$V$5545,'Hat by PBT'!$B19,'Individual Data'!$Z$7:$Z$5545,'Hat by PBT'!K$7,'Individual Data'!$R$7:$R$5545,'Hat by PBT'!$C19,'Individual Data'!$N$7:$N$5545,'Hat by PBT'!$B$6) -> 82.033045 | ... P19: =SUMIFS('Individual Data'!$AC$7:$AC$5545,'Individual Data'!$V$7:$V$5545,'Hat by PBT'!$B19,'Individual Data'!$Z$7:$Z$5545,'Hat by PBT'!P$7,'Individual Data'!$R$7:$R$5545,'Hat by PBT'!$C19,'Individual Data'!$N$7:$N$5545,'Hat by PBT'!$B$6) -> 0 | R19: =SUM(D19:F19) -> 0 | S19: =SUM(G19:P19) -> 227.228 | U19: =$U$3-C19 -> 2020 | V19: =B19 -> BCA2 | W19: SR | X19: =SUMIFS('cwt rel info'!$A$6:$A$317,'cwt rel info'!$D$6:$D$317,'Hat by PBT'!U19,'cwt rel info'!$E$6:$E$317,'Hat by PBT'!V19) -> 220292 | Y19: =R19+S19 -> 227.228 | Z19: =S100 -> 125.27404 | AA19: =R100 -> 0 | AB19: =VLOOKUP(V19,'Individual Data'!$V$6:$AD$5545,9,FALSE) -> Abv | AC19: =IF(AB19="blw",Y19*(1-$Z$4),Y19*(1-$Z$3)) -> 221.77453 | AD19: =IF(AB19="blw",Z19*(1-$Z$4),Z19*(1-$Z$3)) -> 122.26747 | AE19: =IF(AB19="blw",AA19*(1-$AA$4),AA19*(1-$AA$3)) -> 0
A20: OtsLYON20S_1 | B20: CJA1 | C20: 4 | D20: =SUMIFS('Individual Data'!$AC$7:$AC$5545,'Individual Data'!$V$7:$V$5545,'Hat by PBT'!$B20,'Individual Data'!$Z$7:$Z$5545,'Hat by PBT'!D$7,'Individual Data'!$R$7:$R$5545,'Hat by PBT'!$C20,'Individual Data'!$N$7:$N$5545,'Hat by PBT'!$B$6) -> 0 | E20: =SUMIFS('Individual Data'!$AC$7:$AC$5545,'Individual Data'!$V$7:$V$5545,'Hat by PBT'!$B20,'Individual Data'!$Z$7:$Z$5545,'Hat by PBT'!E$7,'Individual Data'!$R$7:$R$5545,'Hat by PBT'!$C20,'Individual Data'!$N$7:$N$5545,'Hat by PBT'!$B$6) -> 0 | F20: =SUMIFS('Individual Data'!$AC$7:$AC$5545,'Individual Data'!$V$7:$V$5545,'Hat by PBT'!$B20,'Individual Data'!$Z$7:$Z$5545,'Hat by PBT'!F$7,'Individual Data'!$R$7:$R$5545,'Hat by PBT'!$C20,'Individual Data'!$N$7:$N$5545,'Hat by PBT'!$B$6) -> 0 | G20: =SUMIFS('Individual Data'!$AC$7:$AC$5545,'Individual Data'!$V$7:$V$5545,'Hat by PBT'!$B20,'Individual Data'!$Z$7:$Z$5545,'Hat by PBT'!G$7,'Individual Data'!$R$7:$R$5545,'Hat by PBT'!$C20,'Individual Data'!$N$7:$N$5545,'Hat by PBT'!$B$6) -> 0 | H20: =SUMIFS('Individual Data'!$AC$7:$AC$5545,'Individual Data'!$V$7:$V$5545,'Hat by PBT'!$B20,'Individual Data'!$Z$7:$Z$5545,'Hat by PBT'!H$7,'Individual Data'!$R$7:$R$5545,'Hat by PBT'!$C20,'Individual Data'!$N$7:$N$5545,'Hat by PBT'!$B$6) -> 0 | I20: =SUMIFS('Individual Data'!$AC$7:$AC$5545,'Individual Data'!$V$7:$V$5545,'Hat by PBT'!$B20,'Individual Data'!$Z$7:$Z$5545,'Hat by PBT'!I$7,'Individual Data'!$R$7:$R$5545,'Hat by PBT'!$C20,'Individual Data'!$N$7:$N$5545,'Hat by PBT'!$B$6) -> 95.547069 | J20: =SUMIFS('Individual Data'!$AC$7:$AC$5545,'Individual Data'!$V$7:$V$5545,'Hat by PBT'!$B20,'Individual Data'!$Z$7:$Z$5545,'Hat by PBT'!J$7,'Individual Data'!$R$7:$R$5545,'Hat by PBT'!$C20,'Individual Data'!$N$7:$N$5545,'Hat by PBT'!$B$6) -> 289.5259 | K20: =SUMIFS('Individual Data'!$AC$7:$AC$5545,'Individual Data'!$V$7:$V$5545,'Hat by PBT'!$B20,'Individual Data'!$Z$7:$Z$5545,'Hat by PBT'!K$7,'Individual Data'!$R$7:$R$5545,'Hat by PBT'!$C20,'Individual Data'!$N$7:$N$5545,'Hat by PBT'!$B$6) -> 592.54855 | ... P20: =SUMIFS('Individual Data'!$AC$7:$AC$5545,'Individual Data'!$V$7:$V$5545,'Hat by PBT'!$B20,'Individual Data'!$Z$7:$Z$5545,'Hat by PBT'!P$7,'Individual Data'!$R$7:$R$5545,'Hat by PBT'!$C20,'Individual Data'!$N$7:$N$5545,'Hat by PBT'!$B$6) -> 0 | R20: =SUM(D20:F20) -> 0 | S20: =SUM(G20:P20) -> 1140.0267 | U20: =$U$3-C20 -> 2020 | V20: =B20 -> CJA1 | W20: SR | X20: =SUMIFS('cwt rel info'!$A$6:$A$317,'cwt rel info'!$D$6:$D$317,'Hat by PBT'!U20,'cwt rel info'!$E$6:$E$317,'Hat by PBT'!V20) -> 220289 | Y20: =R20+S20 -> 1140.0267 | Z20: =S101 -> 710.36402 | AA20: =R101 -> 0 | AB20: =VLOOKUP(V20,'Individual Data'!$V$6:$AD$5545,9,FALSE) -> Abv | AC20: =IF(AB20="blw",Y20*(1-$Z$4),Y20*(1-$Z$3)) -> 1112.6661 | AD20: =IF(AB20="blw",Z20*(1-$Z$4),Z20*(1-$Z$3)) -> 693.31528 | AE20: =IF(AB20="blw",AA20*(1-$AA$4),AA20*(1-$AA$3)) -> 0
A21: OtsLYON20S_1 | B21: CJA2 | C21: 4 | D21: =SUMIFS('Individual Data'!$AC$7:$AC$5545,'Individual Data'!$V$7:$V$5545,'Hat by PBT'!$B21,'Individual Data'!$Z$7:$Z$5545,'Hat by PBT'!D$7,'Individual Data'!$R$7:$R$5545,'Hat by PBT'!$C21,'Individual Data'!$N$7:$N$5545,'Hat by PBT'!$B$6) -> 0 | E21: =SUMIFS('Individual Data'!$AC$7:$AC$5545,'Individual Data'!$V$7:$V$5545,'Hat by PBT'!$B21,'Individual Data'!$Z$7:$Z$5545,'Hat by PBT'!E$7,'Individual Data'!$R$7:$R$5545,'Hat by PBT'!$C21,'Individual Data'!$N$7:$N$5545,'Hat by PBT'!$B$6) -> 0 | F21: =SUMIFS('Individual Data'!$AC$7:$AC$5545,'Individual Data'!$V$7:$V$5545,'Hat by PBT'!$B21,'Individual Data'!$Z$7:$Z$5545,'Hat by PBT'!F$7,'Individual Data'!$R$7:$R$5545,'Hat by PBT'!$C21,'Individual Data'!$N$7:$N$5545,'Hat by PBT'!$B$6) -> 0 | G21: =SUMIFS('Individual Data'!$AC$7:$AC$5545,'Individual Data'!$V$7:$V$5545,'Hat by PBT'!$B21,'Individual Data'!$Z$7:$Z$5545,'Hat by PBT'!G$7,'Individual Data'!$R$7:$R$5545,'Hat by PBT'!$C21,'Individual Data'!$N$7:$N$5545,'Hat by PBT'!$B$6) -> 0 | H21: =SUMIFS('Individual Data'!$AC$7:$AC$5545,'Individual Data'!$V$7:$V$5545,'Hat by PBT'!$B21,'Individual Data'!$Z$7:$Z$5545,'Hat by PBT'!H$7,'Individual Data'!$R$7:$R$5545,'Hat by PBT'!$C21,'Individual Data'!$N$7:$N$5545,'Hat by PBT'!$B$6) -> 0 | I21: =SUMIFS('Individual Data'!$AC$7:$AC$5545,'Individual Data'!$V$7:$V$5545,'Hat by PBT'!$B21,'Individual Data'!$Z$7:$Z$5545,'Hat by PBT'!I$7,'Individual Data'!$R$7:$R$5545,'Hat by PBT'!$C21,'Individual Data'!$N$7:$N$5545,'Hat by PBT'!$B$6) -> 0 | J21: =SUMIFS('Individual Data'!$AC$7:$AC$5545,'Individual Data'!$V$7:$V$5545,'Hat by PBT'!$B21,'Individual Data'!$Z$7:$Z$5545,'Hat by PBT'!J$7,'Individual Data'!$R$7:$R$5545,'Hat by PBT'!$C21,'Individual Data'!$N$7:$N$5545,'Hat by PBT'!$B$6) -> 65.655313 | K21: =SUMIFS('Individual Data'!$AC$7:$AC$5545,'Individual Data'!$V$7:$V$5545,'Hat by PBT'!$B21,'Individual Data'!$Z$7:$Z$5545,'Hat by PBT'!K$7,'Individual Data'!$R$7:$R$5545,'Hat by PBT'!$C21,'Individual Data'!$N$7:$N$5545,'Hat by PBT'!$B$6) -> 98.423128 | ... P21: =SUMIFS('Individual Data'!$AC$7:$AC$5545,'Individual Data'!$V$7:$V$5545,'Hat by PBT'!$B21,'Individual Data'!$Z$7:$Z$5545,'Hat by PBT'!P$7,'Individual Data'!$R$7:$R$5545,'Hat by PBT'!$C21,'Individual Data'!$N$7:$N$5545,'Hat by PBT'!$B$6) -> 0 | R21: =SUM(D21:F21) -> 0 | S21: =SUM(G21:P21) -> 164.07844 | U21: =$U$3-C21 -> 2020 | V21: =B21 -> CJA2 | W21: SR | X21: =SUMIFS('cwt rel info'!$A$6:$A$317,'cwt rel info'!$D$6:$D$317,'Hat by PBT'!U21,'cwt rel info'!$E$6:$E$317,'Hat by PBT'!V21) -> 220290 | Y21: =R21+S21 -> 164.07844 | Z21: =S102 -> 47.12689 | AA21: =R102 -> 0 | AB21: =VLOOKUP(V21,'Individual Data'!$V$6:$AD$5545,9,FALSE) -> Abv | AC21: =IF(AB21="blw",Y21*(1-$Z$4),Y21*(1-$Z$3)) -> 160.14056 | AD21: =IF(AB21="blw",Z21*(1-$Z$4),Z21*(1-$Z$3)) -> 45.995845 | AE21: =IF(AB21="blw",AA21*(1-$AA$4),AA21*(1-$AA$3)) -> 0
A22: OtsLYON20S_1 | B22: GRR | C22: 4 | D22: =SUMIFS('Individual Data'!$AC$7:$AC$5545,'Individual Data'!$V$7:$V$5545,'Hat by PBT'!$B22,'Individual Data'!$Z$7:$Z$5545,'Hat by PBT'!D$7,'Individual Data'!$R$7:$R$5545,'Hat by PBT'!$C22,'Individual Data'!$N$7:$N$5545,'Hat by PBT'!$B$6) -> 0 | E22: =SUMIFS('Individual Data'!$AC$7:$AC$5545,'Individual Data'!$V$7:$V$5545,'Hat by PBT'!$B22,'Individual Data'!$Z$7:$Z$5545,'Hat by PBT'!E$7,'Individual Data'!$R$7:$R$5545,'Hat by PBT'!$C22,'Individual Data'!$N$7:$N$5545,'Hat by PBT'!$B$6) -> 0 | F22: =SUMIFS('Individual Data'!$AC$7:$AC$5545,'Individual Data'!$V$7:$V$5545,'Hat by PBT'!$B22,'Individual Data'!$Z$7:$Z$5545,'Hat by PBT'!F$7,'Individual Data'!$R$7:$R$5545,'Hat by PBT'!$C22,'Individual Data'!$N$7:$N$5545,'Hat by PBT'!$B$6) -> 0 | G22: =SUMIFS('Individual Data'!$AC$7:$AC$5545,'Individual Data'!$V$7:$V$5545,'Hat by PBT'!$B22,'Individual Data'!$Z$7:$Z$5545,'Hat by PBT'!G$7,'Individual Data'!$R$7:$R$5545,'Hat by PBT'!$C22,'Individual Data'!$N$7:$N$5545,'Hat by PBT'!$B$6) -> 0 | H22: =SUMIFS('Individual Data'!$AC$7:$AC$5545,'Individual Data'!$V$7:$V$5545,'Hat by PBT'!$B22,'Individual Data'!$Z$7:$Z$5545,'Hat by PBT'!H$7,'Individual Data'!$R$7:$R$5545,'Hat by PBT'!$C22,'Individual Data'!$N$7:$N$5545,'Hat by PBT'!$B$6) -> 0 | I22: =SUMIFS('Individual Data'!$AC$7:$AC$5545,'Individual Data'!$V$7:$V$5545,'Hat by PBT'!$B22,'Individual Data'!$Z$7:$Z$5545,'Hat by PBT'!I$7,'Individual Data'!$R$7:$R$5545,'Hat by PBT'!$C22,'Individual Data'!$N$7:$N$5545,'Hat by PBT'!$B$6) -> 31.849023 | J22: =SUMIFS('Individual Data'!$AC$7:$AC$5545,'Individual Data'!$V$7:$V$5545,'Hat by PBT'!$B22,'Individual Data'!$Z$7:$Z$5545,'Hat by PBT'!J$7,'Individual Data'!$R$7:$R$5545,'Hat by PBT'!$C22,'Individual Data'!$N$7:$N$5545,'Hat by PBT'!$B$6) -> 148.54913 | K22: =SUMIFS('Individual Data'!$AC$7:$AC$5545,'Individual Data'!$V$7:$V$5545,'Hat by PBT'!$B22,'Individual Data'!$Z$7:$Z$5545,'Hat by PBT'!K$7,'Individual Data'!$R$7:$R$5545,'Hat by PBT'!$C22,'Individual Data'!$N$7:$N$5545,'Hat by PBT'!$B$6) -> 95.434427 | ... P22: =SUMIFS('Individual Data'!$AC$7:$AC$5545,'Individual Data'!$V$7:$V$5545,'Hat by PBT'!$B22,'Individual Data'!$Z$7:$Z$5545,'Hat by PBT'!P$7,'Individual Data'!$R$7:$R$5545,'Hat by PBT'!$C22,'Individual Data'!$N$7:$N$5545,'Hat by PBT'!$B$6) -> 0 | R22: =SUM(D22:F22) -> 0 | S22: =SUM(G22:P22) -> 369.90256 | U22: =$U$3-C22 -> 2020 | V22: =B22 -> GRR | W22: SR | X22: =SUMIFS('cwt rel info'!$A$6:$A$317,'cwt rel info'!$D$6:$D$317,'Hat by PBT'!U22,'cwt rel info'!$E$6:$E$317,'Hat by PBT'!V22) -> 637941 | Y22: =R22+S22 -> 369.90256 | Z22: =S103 -> 249.87609 | AA22: =R103 -> 0 | AB22: =VLOOKUP(V22,'Individual Data'!$V$6:$AD$5545,9,FALSE) -> Abv | AC22: =IF(AB22="blw",Y22*(1-$Z$4),Y22*(1-$Z$3)) -> 361.0249 | AD22: =IF(AB22="blw",Z22*(1-$Z$4),Z22*(1-$Z$3)) -> 243.87906 | AE22: =IF(AB22="blw",AA22*(1-$AA$4),AA22*(1-$AA$3)) -> 0
A23: OtsLYON20S_1 | B23: IPCSR | C23: 4 | D23: =SUMIFS('Individual Data'!$AC$7:$AC$5545,'Individual Data'!$V$7:$V$5545,'Hat by PBT'!$B23,'Individual Data'!$Z$7:$Z$5545,'Hat by PBT'!D$7,'Individual Data'!$R$7:$R$5545,'Hat by PBT'!$C23,'Individual Data'!$N$7:$N$5545,'Hat by PBT'!$B$6) -> 0 | E23: =SUMIFS('Individual Data'!$AC$7:$AC$5545,'Individual Data'!$V$7:$V$5545,'Hat by PBT'!$B23,'Individual Data'!$Z$7:$Z$5545,'Hat by PBT'!E$7,'Individual Data'!$R$7:$R$5545,'Hat by PBT'!$C23,'Individual Data'!$N$7:$N$5545,'Hat by PBT'!$B$6) -> 0 | F23: =SUMIFS('Individual Data'!$AC$7:$AC$5545,'Individual Data'!$V$7:$V$5545,'Hat by PBT'!$B23,'Individual Data'!$Z$7:$Z$5545,'Hat by PBT'!F$7,'Individual Data'!$R$7:$R$5545,'Hat by PBT'!$C23,'Individual Data'!$N$7:$N$5545,'Hat by PBT'!$B$6) -> 0 | G23: =SUMIFS('Individual Data'!$AC$7:$AC$5545,'Individual Data'!$V$7:$V$5545,'Hat by PBT'!$B23,'Individual Data'!$Z$7:$Z$5545,'Hat by PBT'!G$7,'Individual Data'!$R$7:$R$5545,'Hat by PBT'!$C23,'Individual Data'!$N$7:$N$5545,'Hat by PBT'!$B$6) -> 0 | H23: =SUMIFS('Individual Data'!$AC$7:$AC$5545,'Individual Data'!$V$7:$V$5545,'Hat by PBT'!$B23,'Individual Data'!$Z$7:$Z$5545,'Hat by PBT'!H$7,'Individual Data'!$R$7:$R$5545,'Hat by PBT'!$C23,'Individual Data'!$N$7:$N$5545,'Hat by PBT'!$B$6) -> 0 | I23: =SUMIFS('Individual Data'!$AC$7:$AC$5545,'Individual Data'!$V$7:$V$5545,'Hat by PBT'!$B23,'Individual Data'!$Z$7:$Z$5545,'Hat by PBT'!I$7,'Individual Data'!$R$7:$R$5545,'Hat by PBT'!$C23,'Individual Data'!$N$7:$N$5545,'Hat by PBT'!$B$6) -> 33.456015 | J23: =SUMIFS('Individual Data'!$AC$7:$AC$5545,'Individual Data'!$V$7:$V$5545,'Hat by PBT'!$B23,'Individual Data'!$Z$7:$Z$5545,'Hat by PBT'!J$7,'Individual Data'!$R$7:$R$5545,'Hat by PBT'!$C23,'Individual Data'!$N$7:$N$5545,'Hat by PBT'!$B$6) -> 435.84742 | K23: =SUMIFS('Individual Data'!$AC$7:$AC$5545,'Individual Data'!$V$7:$V$5545,'Hat by PBT'!$B23,'Individual Data'!$Z$7:$Z$5545,'Hat by PBT'!K$7,'Individual Data'!$R$7:$R$5545,'Hat by PBT'!$C23,'Individual Data'!$N$7:$N$5545,'Hat by PBT'!$B$6) -> 629.21855 | ... P23: =SUMIFS('Individual Data'!$AC$7:$AC$5545,'Individual Data'!$V$7:$V$5545,'Hat by PBT'!$B23,'Individual Data'!$Z$7:$Z$5545,'Hat by PBT'!P$7,'Individual Data'!$R$7:$R$5545,'Hat by PBT'!$C23,'Individual Data'!$N$7:$N$5545,'Hat by PBT'!$B$6) -> 0 | R23: =SUM(D23:F23) -> 0 | S23: =SUM(G23:P23) -> 1403.9793 | U23: =$U$3-C23 -> 2020 | V23: =B23 -> IPCSR | W23: SR | X23: =SUMIFS('cwt rel info'!$A$6:$A$317,'cwt rel info'!$D$6:$D$317,'Hat by PBT'!U23,'cwt rel info'!$E$6:$E$317,'Hat by PBT'!V23) -> 91579 | Y23: =R23+S23 -> 1403.9793 | Z23: =S104 -> 703.58203 | AA23: =R104 -> 0 | AB23: =VLOOKUP(V23,'Individual Data'!$V$6:$AD$5545,9,FALSE) -> Abv | AC23: =IF(AB23="blw",Y23*(1-$Z$4),Y23*(1-$Z$3)) -> 1370.2838 | AD23: =IF(AB23="blw",Z23*(1-$Z$4),Z23*(1-$Z$3)) -> 686.69606 | AE23: =IF(AB23="blw",AA23*(1-$AA$4),AA23*(1-$AA$3)) -> 0
A24: OtsLYON20S_1 | B24: LFSO | C24: 4 | D24: =SUMIFS('Individual Data'!$AC$7:$AC$5545,'Individual Data'!$V$7:$V$5545,'Hat by PBT'!$B24,'Individual Data'!$Z$7:$Z$5545,'Hat by PBT'!D$7,'Individual Data'!$R$7:$R$5545,'Hat by PBT'!$C24,'Individual Data'!$N$7:$N$5545,'Hat by PBT'!$B$6) -> 0 | E24: =SUMIFS('Individual Data'!$AC$7:$AC$5545,'Individual Data'!$V$7:$V$5545,'Hat by PBT'!$B24,'Individual Data'!$Z$7:$Z$5545,'Hat by PBT'!E$7,'Individual Data'!$R$7:$R$5545,'Hat by PBT'!$C24,'Individual Data'!$N$7:$N$5545,'Hat by PBT'!$B$6) -> 0 | F24: =SUMIFS('Individual Data'!$AC$7:$AC$5545,'Individual Data'!$V$7:$V$5545,'Hat by PBT'!$B24,'Individual Data'!$Z$7:$Z$5545,'Hat by PBT'!F$7,'Individual Data'!$R$7:$R$5545,'Hat by PBT'!$C24,'Individual Data'!$N$7:$N$5545,'Hat by PBT'!$B$6) -> 0 | G24: =SUMIFS('Individual Data'!$AC$7:$AC$5545,'Individual Data'!$V$7:$V$5545,'Hat by PBT'!$B24,'Individual Data'!$Z$7:$Z$5545,'Hat by PBT'!G$7,'Individual Data'!$R$7:$R$5545,'Hat by PBT'!$C24,'Individual Data'!$N$7:$N$5545,'Hat by PBT'!$B$6) -> 0 | H24: =SUMIFS('Individual Data'!$AC$7:$AC$5545,'Individual Data'!$V$7:$V$5545,'Hat by PBT'!$B24,'Individual Data'!$Z$7:$Z$5545,'Hat by PBT'!H$7,'Individual Data'!$R$7:$R$5545,'Hat by PBT'!$C24,'Individual Data'!$N$7:$N$5545,'Hat by PBT'!$B$6) -> 0 | I24: =SUMIFS('Individual Data'!$AC$7:$AC$5545,'Individual Data'!$V$7:$V$5545,'Hat by PBT'!$B24,'Individual Data'!$Z$7:$Z$5545,'Hat by PBT'!I$7,'Individual Data'!$R$7:$R$5545,'Hat by PBT'!$C24,'Individual Data'!$N$7:$N$5545,'Hat by PBT'!$B$6) -> 15.121016 | J24: =SUMIFS('Individual Data'!$AC$7:$AC$5545,'Individual Data'!$V$7:$V$5545,'Hat by PBT'!$B24,'Individual Data'!$Z$7:$Z$5545,'Hat by PBT'!J$7,'Individual Data'!$R$7:$R$5545,'Hat by PBT'!$C24,'Individual Data'!$N$7:$N$5545,'Hat by PBT'!$B$6) -> 366.19036 | K24: =SUMIFS('Individual Data'!$AC$7:$AC$5545,'Individual Data'!$V$7:$V$5545,'Hat by PBT'!$B24,'Individual Data'!$Z$7:$Z$5545,'Hat by PBT'!K$7,'Individual Data'!$R$7:$R$5545,'Hat by PBT'!$C24,'Individual Data'!$N$7:$N$5545,'Hat by PBT'!$B$6) -> 667.86022 | ... P24: =SUMIFS('Individual Data'!$AC$7:$AC$5545,'Individual Data'!$V$7:$V$5545,'Hat by PBT'!$B24,'Individual Data'!$Z$7:$Z$5545,'Hat by PBT'!P$7,'Individual Data'!$R$7:$R$5545,'Hat by PBT'!$C24,'Individual Data'!$N$7:$N$5545,'Hat by PBT'!$B$6) -> 0 | R24: =SUM(D24:F24) -> 0 | S24: =SUM(G24:P24) -> 1327.3257 | U24: =$U$3-C24 -> 2020 | V24: =B24 -> LFSO | W24: SR | X24: =SUMIFS('cwt rel info'!$A$6:$A$317,'cwt rel info'!$D$6:$D$317,'Hat by PBT'!U24,'cwt rel info'!$E$6:$E$317,'Hat by PBT'!V24) -> 637940 | Y24: =R24+S24 -> 1327.3257 | Z24: =S106 -> 574.48471 | AA24: =R106 -> 0 | AB24: =VLOOKUP(V24,'Individual Data'!$V$6:$AD$5545,9,FALSE) -> Abv | AC24: =IF(AB24="blw",Y24*(1-$Z$4),Y24*(1-$Z$3)) -> 1295.4698 | AD24: =IF(AB24="blw",Z24*(1-$Z$4),Z24*(1-$Z$3)) -> 560.69708 | AE24: =IF(AB24="blw",AA24*(1-$AA$4),AA24*(1-$AA$3)) -> 0
A25: OtsLYON20S_1 | B25: LFYO | C25: 4 | D25: =SUMIFS('Individual Data'!$AC$7:$AC$5545,'Individual Data'!$V$7:$V$5545,'Hat by PBT'!$B25,'Individual Data'!$Z$7:$Z$5545,'Hat by PBT'!D$7,'Individual Data'!$R$7:$R$5545,'Hat by PBT'!$C25,'Individual Data'!$N$7:$N$5545,'Hat by PBT'!$B$6) -> 0 | E25: =SUMIFS('Individual Data'!$AC$7:$AC$5545,'Individual Data'!$V$7:$V$5545,'Hat by PBT'!$B25,'Individual Data'!$Z$7:$Z$5545,'Hat by PBT'!E$7,'Individual Data'!$R$7:$R$5545,'Hat by PBT'!$C25,'Individual Data'!$N$7:$N$5545,'Hat by PBT'!$B$6) -> 0 | F25: =SUMIFS('Individual Data'!$AC$7:$AC$5545,'Individual Data'!$V$7:$V$5545,'Hat by PBT'!$B25,'Individual Data'!$Z$7:$Z$5545,'Hat by PBT'!F$7,'Individual Data'!$R$7:$R$5545,'Hat by PBT'!$C25,'Individual Data'!$N$7:$N$5545,'Hat by PBT'!$B$6) -> 0 | G25: =SUMIFS('Individual Data'!$AC$7:$AC$5545,'Individual Data'!$V$7:$V$5545,'Hat by PBT'!$B25,'Individual Data'!$Z$7:$Z$5545,'Hat by PBT'!G$7,'Individual Data'!$R$7:$R$5545,'Hat by PBT'!$C25,'Individual Data'!$N$7:$N$5545,'Hat by PBT'!$B$6) -> 0 | H25: =SUMIFS('Individual Data'!$AC$7:$AC$5545,'Individual Data'!$V$7:$V$5545,'Hat by PBT'!$B25,'Individual Data'!$Z$7:$Z$5545,'Hat by PBT'!H$7,'Individual Data'!$R$7:$R$5545,'Hat by PBT'!$C25,'Individual Data'!$N$7:$N$5545,'Hat by PBT'!$B$6) -> 51.047632 | I25: =SUMIFS('Individual Data'!$AC$7:$AC$5545,'Individual Data'!$V$7:$V$5545,'Hat by PBT'!$B25,'Individual Data'!$Z$7:$Z$5545,'Hat by PBT'!I$7,'Individual Data'!$R$7:$R$5545,'Hat by PBT'!$C25,'Individual Data'!$N$7:$N$5545,'Hat by PBT'!$B$6) -> 166.04876 | J25: =SUMIFS('Individual Data'!$AC$7:$AC$5545,'Individual Data'!$V$7:$V$5545,'Hat by PBT'!$B25,'Individual Data'!$Z$7:$Z$5545,'Hat by PBT'!J$7,'Individual Data'!$R$7:$R$5545,'Hat by PBT'!$C25,'Individual Data'!$N$7:$N$5545,'Hat by PBT'!$B$6) -> 484.36264 | K25: =SUMIFS('Individual Data'!$AC$7:$AC$5545,'Individual Data'!$V$7:$V$5545,'Hat by PBT'!$B25,'Individual Data'!$Z$7:$Z$5545,'Hat by PBT'!K$7,'Individual Data'!$R$7:$R$5545,'Hat by PBT'!$C25,'Individual Data'!$N$7:$N$5545,'Hat by PBT'!$B$6) -> 194.6838 | ... P25: =SUMIFS('Individual Data'!$AC$7:$AC$5545,'Individual Data'!$V$7:$V$5545,'Hat by PBT'!$B25,'Individual Data'!$Z$7:$Z$5545,'Hat by PBT'!P$7,'Individual Data'!$R$7:$R$5545,'Hat by PBT'!$C25,'Individual Data'!$N$7:$N$5545,'Hat by PBT'!$B$6) -> 0 | R25: =SUM(D25:F25) -> 0 | S25: =SUM(G25:P25) -> 911.57756 | U25: =$U$3-C25 -> 2020 | V25: =B25 -> LFYO | W25: SR | X25: =SUMIFS('cwt rel info'!$A$6:$A$317,'cwt rel info'!$D$6:$D$317,'Hat by PBT'!U25,'cwt rel info'!$E$6:$E$317,'Hat by PBT'!V25) -> 637944 | Y25: =R25+S25 -> 911.57756 | Z25: =S107 -> 653.18517 | AA25: =R107 -> 0 | AB25: =VLOOKUP(V25,'Individual Data'!$V$6:$AD$5545,9,FALSE) -> blw | AC25: =IF(AB25="blw",Y25*(1-$Z$4),Y25*(1-$Z$3)) -> 610.75696 | AD25: =IF(AB25="blw",Z25*(1-$Z$4),Z25*(1-$Z$3)) -> 437.63406 | AE25: =IF(AB25="blw",AA25*(1-$AA$4),AA25*(1-$AA$3)) -> 0
A26: OtsLYON20S_1 | B26: PLA1 | C26: 4 | D26: =SUMIFS('Individual Data'!$AC$7:$AC$5545,'Individual Data'!$V$7:$V$5545,'Hat by PBT'!$B26,'Individual Data'!$Z$7:$Z$5545,'Hat by PBT'!D$7,'Individual Data'!$R$7:$R$5545,'Hat by PBT'!$C26,'Individual Data'!$N$7:$N$5545,'Hat by PBT'!$B$6) -> 0 | E26: =SUMIFS('Individual Data'!$AC$7:$AC$5545,'Individual Data'!$V$7:$V$5545,'Hat by PBT'!$B26,'Individual Data'!$Z$7:$Z$5545,'Hat by PBT'!E$7,'Individual Data'!$R$7:$R$5545,'Hat by PBT'!$C26,'Individual Data'!$N$7:$N$5545,'Hat by PBT'!$B$6) -> 0 | F26: =SUMIFS('Individual Data'!$AC$7:$AC$5545,'Individual Data'!$V$7:$V$5545,'Hat by PBT'!$B26,'Individual Data'!$Z$7:$Z$5545,'Hat by PBT'!F$7,'Individual Data'!$R$7:$R$5545,'Hat by PBT'!$C26,'Individual Data'!$N$7:$N$5545,'Hat by PBT'!$B$6) -> 0 | G26: =SUMIFS('Individual Data'!$AC$7:$AC$5545,'Individual Data'!$V$7:$V$5545,'Hat by PBT'!$B26,'Individual Data'!$Z$7:$Z$5545,'Hat by PBT'!G$7,'Individual Data'!$R$7:$R$5545,'Hat by PBT'!$C26,'Individual Data'!$N$7:$N$5545,'Hat by PBT'!$B$6) -> 0 | H26: =SUMIFS('Individual Data'!$AC$7:$AC$5545,'Individual Data'!$V$7:$V$5545,'Hat by PBT'!$B26,'Individual Data'!$Z$7:$Z$5545,'Hat by PBT'!H$7,'Individual Data'!$R$7:$R$5545,'Hat by PBT'!$C26,'Individual Data'!$N$7:$N$5545,'Hat by PBT'!$B$6) -> 0 | I26: =SUMIFS('Individual Data'!$AC$7:$AC$5545,'Individual Data'!$V$7:$V$5545,'Hat by PBT'!$B26,'Individual Data'!$Z$7:$Z$5545,'Hat by PBT'!I$7,'Individual Data'!$R$7:$R$5545,'Hat by PBT'!$C26,'Individual Data'!$N$7:$N$5545,'Hat by PBT'!$B$6) -> 62.091054 | J26: =SUMIFS('Individual Data'!$AC$7:$AC$5545,'Individual Data'!$V$7:$V$5545,'Hat by PBT'!$B26,'Individual Data'!$Z$7:$Z$5545,'Hat by PBT'!J$7,'Individual Data'!$R$7:$R$5545,'Hat by PBT'!$C26,'Individual Data'!$N$7:$N$5545,'Hat by PBT'!$B$6) -> 77.722565 | K26: =SUMIFS('Individual Data'!$AC$7:$AC$5545,'Individual Data'!$V$7:$V$5545,'Hat by PBT'!$B26,'Individual Data'!$Z$7:$Z$5545,'Hat by PBT'!K$7,'Individual Data'!$R$7:$R$5545,'Hat by PBT'!$C26,'Individual Data'!$N$7:$N$5545,'Hat by PBT'!$B$6) -> 291.16201 | ... P26: =SUMIFS('Individual Data'!$AC$7:$AC$5545,'Individual Data'!$V$7:$V$5545,'Hat by PBT'!$B26,'Individual Data'!$Z$7:$Z$5545,'Hat by PBT'!P$7,'Individual Data'!$R$7:$R$5545,'Hat by PBT'!$C26,'Individual Data'!$N$7:$N$5545,'Hat by PBT'!$B$6) -> 0 | R26: =SUM(D26:F26) -> 0 | S26: =SUM(G26:P26) -> 601.39431 | U26: =$U$3-C26 -> 2020 | V26: =B26 -> PLA1 | W26: SR | X26: =SUMIFS('cwt rel info'!$A$6:$A$317,'cwt rel info'!$D$6:$D$317,'Hat by PBT'!U26,'cwt rel info'!$E$6:$E$317,'Hat by PBT'!V26) -> 220293 | Y26: =R26+S26 -> 601.39431 | Z26: =S108 -> 269.67818 | AA26: =R108 -> 0 | AB26: =VLOOKUP(V26,'Individual Data'!$V$6:$AD$5545,9,FALSE) -> Abv | AC26: =IF(AB26="blw",Y26*(1-$Z$4),Y26*(1-$Z$3)) -> 586.96085 | AD26: =IF(AB26="blw",Z26*(1-$Z$4),Z26*(1-$Z$3)) -> 263.20591 | AE26: =IF(AB26="blw",AA26*(1-$AA$4),AA26*(1-$AA$3)) -> 0
A27: OtsLYON20S_1 | B27: PLA2 | C27: 4 | D27: =SUMIFS('Individual Data'!$AC$7:$AC$5545,'Individual Data'!$V$7:$V$5545,'Hat by PBT'!$B27,'Individual Data'!$Z$7:$Z$5545,'Hat by PBT'!D$7,'Individual Data'!$R$7:$R$5545,'Hat by PBT'!$C27,'Individual Data'!$N$7:$N$5545,'Hat by PBT'!$B$6) -> 0 | E27: =SUMIFS('Individual Data'!$AC$7:$AC$5545,'Individual Data'!$V$7:$V$5545,'Hat by PBT'!$B27,'Individual Data'!$Z$7:$Z$5545,'Hat by PBT'!E$7,'Individual Data'!$R$7:$R$5545,'Hat by PBT'!$C27,'Individual Data'!$N$7:$N$5545,'Hat by PBT'!$B$6) -> 0 | F27: =SUMIFS('Individual Data'!$AC$7:$AC$5545,'Individual Data'!$V$7:$V$5545,'Hat by PBT'!$B27,'Individual Data'!$Z$7:$Z$5545,'Hat by PBT'!F$7,'Individual Data'!$R$7:$R$5545,'Hat by PBT'!$C27,'Individual Data'!$N$7:$N$5545,'Hat by PBT'!$B$6) -> 0 | G27: =SUMIFS('Individual Data'!$AC$7:$AC$5545,'Individual Data'!$V$7:$V$5545,'Hat by PBT'!$B27,'Individual Data'!$Z$7:$Z$5545,'Hat by PBT'!G$7,'Individual Data'!$R$7:$R$5545,'Hat by PBT'!$C27,'Individual Data'!$N$7:$N$5545,'Hat by PBT'!$B$6) -> 0 | H27: =SUMIFS('Individual Data'!$AC$7:$AC$5545,'Individual Data'!$V$7:$V$5545,'Hat by PBT'!$B27,'Individual Data'!$Z$7:$Z$5545,'Hat by PBT'!H$7,'Individual Data'!$R$7:$R$5545,'Hat by PBT'!$C27,'Individual Data'!$N$7:$N$5545,'Hat by PBT'!$B$6) -> 0 | I27: =SUMIFS('Individual Data'!$AC$7:$AC$5545,'Individual Data'!$V$7:$V$5545,'Hat by PBT'!$B27,'Individual Data'!$Z$7:$Z$5545,'Hat by PBT'!I$7,'Individual Data'!$R$7:$R$5545,'Hat by PBT'!$C27,'Individual Data'!$N$7:$N$5545,'Hat by PBT'!$B$6) -> 0 | J27: =SUMIFS('Individual Data'!$AC$7:$AC$5545,'Individual Data'!$V$7:$V$5545,'Hat by PBT'!$B27,'Individual Data'!$Z$7:$Z$5545,'Hat by PBT'!J$7,'Individual Data'!$R$7:$R$5545,'Hat by PBT'!$C27,'Individual Data'!$N$7:$N$5545,'Hat by PBT'!$B$6) -> 81.170065 | K27: =SUMIFS('Individual Data'!$AC$7:$AC$5545,'Individual Data'!$V$7:$V$5545,'Hat by PBT'!$B27,'Individual Data'!$Z$7:$Z$5545,'Hat by PBT'!K$7,'Individual Data'!$R$7:$R$5545,'Hat by PBT'!$C27,'Individual Data'!$N$7:$N$5545,'Hat by PBT'!$B$6) -> 80.801733 | ... P27: =SUMIFS('Individual Data'!$AC$7:$AC$5545,'Individual Data'!$V$7:$V$5545,'Hat by PBT'!$B27,'Individual Data'!$Z$7:$Z$5545,'Hat by PBT'!P$7,'Individual Data'!$R$7:$R$5545,'Hat by PBT'!$C27,'Individual Data'!$N$7:$N$5545,'Hat by PBT'!$B$6) -> 0 | R27: =SUM(D27:F27) -> 0 | S27: =SUM(G27:P27) -> 225.41425 | U27: =$U$3-C27 -> 2020 | V27: =B27 -> PLA2 | W27: SR | X27: =SUMIFS('cwt rel info'!$A$6:$A$317,'cwt rel info'!$D$6:$D$317,'Hat by PBT'!U27,'cwt rel info'!$E$6:$E$317,'Hat by PBT'!V27) -> 220294 | Y27: =R27+S27 -> 225.41425 | Z27: =S109 -> 190.23965 | AA27: =R109 -> 16.728007 | AB27: =VLOOKUP(V27,'Individual Data'!$V$6:$AD$5545,9,FALSE) -> Abv | AC27: =IF(AB27="blw",Y27*(1-$Z$4),Y27*(1-$Z$3)) -> 220.00431 | AD27: =IF(AB27="blw",Z27*(1-$Z$4),Z27*(1-$Z$3)) -> 185.6739 | AE27: =IF(AB27="blw",AA27*(1-$AA$4),AA27*(1-$AA$3)) -> 15.490135
A28: OtsLYON21S_1 | B28: BCA1 | C28: 3 | D28: =SUMIFS('Individual Data'!$AC$7:$AC$5545,'Individual Data'!$V$7:$V$5545,'Hat by PBT'!$B28,'Individual Data'!$Z$7:$Z$5545,'Hat by PBT'!D$7,'Individual Data'!$R$7:$R$5545,'Hat by PBT'!$C28,'Individual Data'!$N$7:$N$5545,'Hat by PBT'!$B$6) -> 0 | E28: =SUMIFS('Individual Data'!$AC$7:$AC$5545,'Individual Data'!$V$7:$V$5545,'Hat by PBT'!$B28,'Individual Data'!$Z$7:$Z$5545,'Hat by PBT'!E$7,'Individual Data'!$R$7:$R$5545,'Hat by PBT'!$C28,'Individual Data'!$N$7:$N$5545,'Hat by PBT'!$B$6) -> 0 | F28: =SUMIFS('Individual Data'!$AC$7:$AC$5545,'Individual Data'!$V$7:$V$5545,'Hat by PBT'!$B28,'Individual Data'!$Z$7:$Z$5545,'Hat by PBT'!F$7,'Individual Data'!$R$7:$R$5545,'Hat by PBT'!$C28,'Individual Data'!$N$7:$N$5545,'Hat by PBT'!$B$6) -> 16.753414 | G28: =SUMIFS('Individual Data'!$AC$7:$AC$5545,'Individual Data'!$V$7:$V$5545,'Hat by PBT'!$B28,'Individual Data'!$Z$7:$Z$5545,'Hat by PBT'!G$7,'Individual Data'!$R$7:$R$5545,'Hat by PBT'!$C28,'Individual Data'!$N$7:$N$5545,'Hat by PBT'!$B$6) -> 0 | H28: =SUMIFS('Individual Data'!$AC$7:$AC$5545,'Individual Data'!$V$7:$V$5545,'Hat by PBT'!$B28,'Individual Data'!$Z$7:$Z$5545,'Hat by PBT'!H$7,'Individual Data'!$R$7:$R$5545,'Hat by PBT'!$C28,'Individual Data'!$N$7:$N$5545,'Hat by PBT'!$B$6) -> 34.082569 | I28: =SUMIFS('Individual Data'!$AC$7:$AC$5545,'Individual Data'!$V$7:$V$5545,'Hat by PBT'!$B28,'Individual Data'!$Z$7:$Z$5545,'Hat by PBT'!I$7,'Individual Data'!$R$7:$R$5545,'Hat by PBT'!$C28,'Individual Data'!$N$7:$N$5545,'Hat by PBT'!$B$6) -> 48.678763 | J28: =SUMIFS('Individual Data'!$AC$7:$AC$5545,'Individual Data'!$V$7:$V$5545,'Hat by PBT'!$B28,'Individual Data'!$Z$7:$Z$5545,'Hat by PBT'!J$7,'Individual Data'!$R$7:$R$5545,'Hat by PBT'!$C28,'Individual Data'!$N$7:$N$5545,'Hat by PBT'!$B$6) -> 65.782453 | K28: =SUMIFS('Individual Data'!$AC$7:$AC$5545,'Individual Data'!$V$7:$V$5545,'Hat by PBT'!$B28,'Individual Data'!$Z$7:$Z$5545,'Hat by PBT'!K$7,'Individual Data'!$R$7:$R$5545,'Hat by PBT'!$C28,'Individual Data'!$N$7:$N$5545,'Hat by PBT'!$B$6) -> 16.753414 | ... P28: =SUMIFS('Individual Data'!$AC$7:$AC$5545,'Individual Data'!$V$7:$V$5545,'Hat by PBT'!$B28,'Individual Data'!$Z$7:$Z$5545,'Hat by PBT'!P$7,'Individual Data'!$R$7:$R$5545,'Hat by PBT'!$C28,'Individual Data'!$N$7:$N$5545,'Hat by PBT'!$B$6) -> 0 | R28: =SUM(D28:F28) -> 16.753414 | S28: =SUM(G28:P28) -> 165.2972 | U28: =$U$3-C28 -> 2021 | V28: =B28 -> BCA1 | W28: SR | X28: =SUMIFS('cwt rel info'!$A$6:$A$317,'cwt rel info'!$D$6:$D$317,'Hat by PBT'!U28,'cwt rel info'!$E$6:$E$317,'Hat by PBT'!V28) -> 220407 | Y28: =R28+S28 -> 182.05061 | Z28: =S110 -> 732.06414 | AA28: =R110 -> 0 | AB28: =VLOOKUP(V28,'Individual Data'!$V$6:$AD$5545,9,FALSE) -> Abv | AC28: =IF(AB28="blw",Y28*(1-$Z$4),Y28*(1-$Z$3)) -> 177.6814 | AD28: =IF(AB28="blw",Z28*(1-$Z$4),Z28*(1-$Z$3)) -> 714.4946 | AE28: =IF(AB28="blw",AA28*(1-$AA$4),AA28*(1-$AA$3)) -> 0
A29: OtsLYON21S_1 | B29: BCA2 | C29: 3 | D29: =SUMIFS('Individual Data'!$AC$7:$AC$5545,'Individual Data'!$V$7:$V$5545,'Hat by PBT'!$B29,'Individual Data'!$Z$7:$Z$5545,'Hat by PBT'!D$7,'Individual Data'!$R$7:$R$5545,'Hat by PBT'!$C29,'Individual Data'!$N$7:$N$5545,'Hat by PBT'!$B$6) -> 0 | E29: =SUMIFS('Individual Data'!$AC$7:$AC$5545,'Individual Data'!$V$7:$V$5545,'Hat by PBT'!$B29,'Individual Data'!$Z$7:$Z$5545,'Hat by PBT'!E$7,'Individual Data'!$R$7:$R$5545,'Hat by PBT'!$C29,'Individual Data'!$N$7:$N$5545,'Hat by PBT'!$B$6) -> 0 | F29: =SUMIFS('Individual Data'!$AC$7:$AC$5545,'Individual Data'!$V$7:$V$5545,'Hat by PBT'!$B29,'Individual Data'!$Z$7:$Z$5545,'Hat by PBT'!F$7,'Individual Data'!$R$7:$R$5545,'Hat by PBT'!$C29,'Individual Data'!$N$7:$N$5545,'Hat by PBT'!$B$6) -> 0 | G29: =SUMIFS('Individual Data'!$AC$7:$AC$5545,'Individual Data'!$V$7:$V$5545,'Hat by PBT'!$B29,'Individual Data'!$Z$7:$Z$5545,'Hat by PBT'!G$7,'Individual Data'!$R$7:$R$5545,'Hat by PBT'!$C29,'Individual Data'!$N$7:$N$5545,'Hat by PBT'!$B$6) -> 0 | H29: =SUMIFS('Individual Data'!$AC$7:$AC$5545,'Individual Data'!$V$7:$V$5545,'Hat by PBT'!$B29,'Individual Data'!$Z$7:$Z$5545,'Hat by PBT'!H$7,'Individual Data'!$R$7:$R$5545,'Hat by PBT'!$C29,'Individual Data'!$N$7:$N$5545,'Hat by PBT'!$B$6) -> 34.082569 | I29: =SUMIFS('Individual Data'!$AC$7:$AC$5545,'Individual Data'!$V$7:$V$5545,'Hat by PBT'!$B29,'Individual Data'!$Z$7:$Z$5545,'Hat by PBT'!I$7,'Individual Data'!$R$7:$R$5545,'Hat by PBT'!$C29,'Individual Data'!$N$7:$N$5545,'Hat by PBT'!$B$6) -> 15.171934 | J29: =SUMIFS('Individual Data'!$AC$7:$AC$5545,'Individual Data'!$V$7:$V$5545,'Hat by PBT'!$B29,'Individual Data'!$Z$7:$Z$5545,'Hat by PBT'!J$7,'Individual Data'!$R$7:$R$5545,'Hat by PBT'!$C29,'Individual Data'!$N$7:$N$5545,'Hat by PBT'!$B$6) -> 0 | K29: =SUMIFS('Individual Data'!$AC$7:$AC$5545,'Individual Data'!$V$7:$V$5545,'Hat by PBT'!$B29,'Individual Data'!$Z$7:$Z$5545,'Hat by PBT'!K$7,'Individual Data'!$R$7:$R$5545,'Hat by PBT'!$C29,'Individual Data'!$N$7:$N$5545,'Hat by PBT'!$B$6) -> 0 | ... P29: =SUMIFS('Individual Data'!$AC$7:$AC$5545,'Individual Data'!$V$7:$V$5545,'Hat by PBT'!$B29,'Individual Data'!$Z$7:$Z$5545,'Hat by PBT'!P$7,'Individual Data'!$R$7:$R$5545,'Hat by PBT'!$C29,'Individual Data'!$N$7:$N$5545,'Hat by PBT'!$B$6) -> 0 | R29: =SUM(D29:F29) -> 0 | S29: =SUM(G29:P29) -> 49.254503 | U29: =$U$3-C29 -> 2021 | V29: =B29 -> BCA2 | W29: SR | X29: =SUMIFS('cwt rel info'!$A$6:$A$317,'cwt rel info'!$D$6:$D$317,'Hat by PBT'!U29,'cwt rel info'!$E$6:$E$317,'Hat by PBT'!V29) -> 220408 | Y29: =R29+S29 -> 49.254503 | Z29: =S111 -> 391.65527 | AA29: =R111 -> 16.753414 | AB29: =VLOOKUP(V29,'Individual Data'!$V$6:$AD$5545,9,FALSE) -> Abv | AC29: =IF(AB29="blw",Y29*(1-$Z$4),Y29*(1-$Z$3)) -> 48.072395 | AD29: =IF(AB29="blw",Z29*(1-$Z$4),Z29*(1-$Z$3)) -> 382.25555 | AE29: =IF(AB29="blw",AA29*(1-$AA$4),AA29*(1-$AA$3)) -> 15.513662
A30: OtsLYON21S_1 | B30: CJA1 | C30: 3 | D30: =SUMIFS('Individual Data'!$AC$7:$AC$5545,'Individual Data'!$V$7:$V$5545,'Hat by PBT'!$B30,'Individual Data'!$Z$7:$Z$5545,'Hat by PBT'!D$7,'Individual Data'!$R$7:$R$5545,'Hat by PBT'!$C30,'Individual Data'!$N$7:$N$5545,'Hat by PBT'!$B$6) -> 0 | E30: =SUMIFS('Individual Data'!$AC$7:$AC$5545,'Individual Data'!$V$7:$V$5545,'Hat by PBT'!$B30,'Individual Data'!$Z$7:$Z$5545,'Hat by PBT'!E$7,'Individual Data'!$R$7:$R$5545,'Hat by PBT'!$C30,'Individual Data'!$N$7:$N$5545,'Hat by PBT'!$B$6) -> 0 | F30: =SUMIFS('Individual Data'!$AC$7:$AC$5545,'Individual Data'!$V$7:$V$5545,'Hat by PBT'!$B30,'Individual Data'!$Z$7:$Z$5545,'Hat by PBT'!F$7,'Individual Data'!$R$7:$R$5545,'Hat by PBT'!$C30,'Individual Data'!$N$7:$N$5545,'Hat by PBT'!$B$6) -> 0 | G30: =SUMIFS('Individual Data'!$AC$7:$AC$5545,'Individual Data'!$V$7:$V$5545,'Hat by PBT'!$B30,'Individual Data'!$Z$7:$Z$5545,'Hat by PBT'!G$7,'Individual Data'!$R$7:$R$5545,'Hat by PBT'!$C30,'Individual Data'!$N$7:$N$5545,'Hat by PBT'!$B$6) -> 0 | H30: =SUMIFS('Individual Data'!$AC$7:$AC$5545,'Individual Data'!$V$7:$V$5545,'Hat by PBT'!$B30,'Individual Data'!$Z$7:$Z$5545,'Hat by PBT'!H$7,'Individual Data'!$R$7:$R$5545,'Hat by PBT'!$C30,'Individual Data'!$N$7:$N$5545,'Hat by PBT'!$B$6) -> 17.041284 | I30: =SUMIFS('Individual Data'!$AC$7:$AC$5545,'Individual Data'!$V$7:$V$5545,'Hat by PBT'!$B30,'Individual Data'!$Z$7:$Z$5545,'Hat by PBT'!I$7,'Individual Data'!$R$7:$R$5545,'Hat by PBT'!$C30,'Individual Data'!$N$7:$N$5545,'Hat by PBT'!$B$6) -> 33.506829 | J30: =SUMIFS('Individual Data'!$AC$7:$AC$5545,'Individual Data'!$V$7:$V$5545,'Hat by PBT'!$B30,'Individual Data'!$Z$7:$Z$5545,'Hat by PBT'!J$7,'Individual Data'!$R$7:$R$5545,'Hat by PBT'!$C30,'Individual Data'!$N$7:$N$5545,'Hat by PBT'!$B$6) -> 82.899141 | K30: =SUMIFS('Individual Data'!$AC$7:$AC$5545,'Individual Data'!$V$7:$V$5545,'Hat by PBT'!$B30,'Individual Data'!$Z$7:$Z$5545,'Hat by PBT'!K$7,'Individual Data'!$R$7:$R$5545,'Hat by PBT'!$C30,'Individual Data'!$N$7:$N$5545,'Hat by PBT'!$B$6) -> 15.171934 | ... P30: =SUMIFS('Individual Data'!$AC$7:$AC$5545,'Individual Data'!$V$7:$V$5545,'Hat by PBT'!$B30,'Individual Data'!$Z$7:$Z$5545,'Hat by PBT'!P$7,'Individual Data'!$R$7:$R$5545,'Hat by PBT'!$C30,'Individual Data'!$N$7:$N$5545,'Hat by PBT'!$B$6) -> 0 | R30: =SUM(D30:F30) -> 0 | S30: =SUM(G30:P30) -> 148.61919 | U30: =$U$3-C30 -> 2021 | V30: =B30 -> CJA1 | W30: SR | X30: =SUMIFS('cwt rel info'!$A$6:$A$317,'cwt rel info'!$D$6:$D$317,'Hat by PBT'!U30,'cwt rel info'!$E$6:$E$317,'Hat by PBT'!V30) -> 220405 | Y30: =R30+S30 -> 148.61919 | Z30: =S112 -> 812.17528 | AA30: =R112 -> 0 | AB30: =VLOOKUP(V30,'Individual Data'!$V$6:$AD$5545,9,FALSE) -> Abv | AC30: =IF(AB30="blw",Y30*(1-$Z$4),Y30*(1-$Z$3)) -> 145.05233 | AD30: =IF(AB30="blw",Z30*(1-$Z$4),Z30*(1-$Z$3)) -> 792.68308 | AE30: =IF(AB30="blw",AA30*(1-$AA$4),AA30*(1-$AA$3)) -> 0
A31: OtsLYON21S_1 | B31: CJA2 | C31: 3 | D31: =SUMIFS('Individual Data'!$AC$7:$AC$5545,'Individual Data'!$V$7:$V$5545,'Hat by PBT'!$B31,'Individual Data'!$Z$7:$Z$5545,'Hat by PBT'!D$7,'Individual Data'!$R$7:$R$5545,'Hat by PBT'!$C31,'Individual Data'!$N$7:$N$5545,'Hat by PBT'!$B$6) -> 0 | E31: =SUMIFS('Individual Data'!$AC$7:$AC$5545,'Individual Data'!$V$7:$V$5545,'Hat by PBT'!$B31,'Individual Data'!$Z$7:$Z$5545,'Hat by PBT'!E$7,'Individual Data'!$R$7:$R$5545,'Hat by PBT'!$C31,'Individual Data'!$N$7:$N$5545,'Hat by PBT'!$B$6) -> 0 | F31: =SUMIFS('Individual Data'!$AC$7:$AC$5545,'Individual Data'!$V$7:$V$5545,'Hat by PBT'!$B31,'Individual Data'!$Z$7:$Z$5545,'Hat by PBT'!F$7,'Individual Data'!$R$7:$R$5545,'Hat by PBT'!$C31,'Individual Data'!$N$7:$N$5545,'Hat by PBT'!$B$6) -> 0 | G31: =SUMIFS('Individual Data'!$AC$7:$AC$5545,'Individual Data'!$V$7:$V$5545,'Hat by PBT'!$B31,'Individual Data'!$Z$7:$Z$5545,'Hat by PBT'!G$7,'Individual Data'!$R$7:$R$5545,'Hat by PBT'!$C31,'Individual Data'!$N$7:$N$5545,'Hat by PBT'!$B$6) -> 0 | H31: =SUMIFS('Individual Data'!$AC$7:$AC$5545,'Individual Data'!$V$7:$V$5545,'Hat by PBT'!$B31,'Individual Data'!$Z$7:$Z$5545,'Hat by PBT'!H$7,'Individual Data'!$R$7:$R$5545,'Hat by PBT'!$C31,'Individual Data'!$N$7:$N$5545,'Hat by PBT'!$B$6) -> 34.082569 | I31: =SUMIFS('Individual Data'!$AC$7:$AC$5545,'Individual Data'!$V$7:$V$5545,'Hat by PBT'!$B31,'Individual Data'!$Z$7:$Z$5545,'Hat by PBT'!I$7,'Individual Data'!$R$7:$R$5545,'Hat by PBT'!$C31,'Individual Data'!$N$7:$N$5545,'Hat by PBT'!$B$6) -> 67.013657 | J31: =SUMIFS('Individual Data'!$AC$7:$AC$5545,'Individual Data'!$V$7:$V$5545,'Hat by PBT'!$B31,'Individual Data'!$Z$7:$Z$5545,'Hat by PBT'!J$7,'Individual Data'!$R$7:$R$5545,'Hat by PBT'!$C31,'Individual Data'!$N$7:$N$5545,'Hat by PBT'!$B$6) -> 0 | K31: =SUMIFS('Individual Data'!$AC$7:$AC$5545,'Individual Data'!$V$7:$V$5545,'Hat by PBT'!$B31,'Individual Data'!$Z$7:$Z$5545,'Hat by PBT'!K$7,'Individual Data'!$R$7:$R$5545,'Hat by PBT'!$C31,'Individual Data'!$N$7:$N$5545,'Hat by PBT'!$B$6) -> 0 | ... P31: =SUMIFS('Individual Data'!$AC$7:$AC$5545,'Individual Data'!$V$7:$V$5545,'Hat by PBT'!$B31,'Individual Data'!$Z$7:$Z$5545,'Hat by PBT'!P$7,'Individual Data'!$R$7:$R$5545,'Hat by PBT'!$C31,'Individual Data'!$N$7:$N$5545,'Hat by PBT'!$B$6) -> 0 | R31: =SUM(D31:F31) -> 0 | S31: =SUM(G31:P31) -> 101.09623 | U31: =$U$3-C31 -> 2021 | V31: =B31 -> CJA2 | W31: SR | X31: =SUMIFS('cwt rel info'!$A$6:$A$317,'cwt rel info'!$D$6:$D$317,'Hat by PBT'!U31,'cwt rel info'!$E$6:$E$317,'Hat by PBT'!V31) -> 220406 | Y31: =R31+S31 -> 101.09623 | Z31: =S113 -> 297.1434 | AA31: =R113 -> 33.936436 | AB31: =VLOOKUP(V31,'Individual Data'!$V$6:$AD$5545,9,FALSE) -> Abv | AC31: =IF(AB31="blw",Y31*(1-$Z$4),Y31*(1-$Z$3)) -> 98.669916 | AD31: =IF(AB31="blw",Z31*(1-$Z$4),Z31*(1-$Z$3)) -> 290.01196 | AE31: =IF(AB31="blw",AA31*(1-$AA$4),AA31*(1-$AA$3)) -> 31.42514
A32: OtsLYON21S_1 | B32: IPCSR | C32: 3 | D32: =SUMIFS('Individual Data'!$AC$7:$AC$5545,'Individual Data'!$V$7:$V$5545,'Hat by PBT'!$B32,'Individual Data'!$Z$7:$Z$5545,'Hat by PBT'!D$7,'Individual Data'!$R$7:$R$5545,'Hat by PBT'!$C32,'Individual Data'!$N$7:$N$5545,'Hat by PBT'!$B$6) -> 0 | E32: =SUMIFS('Individual Data'!$AC$7:$AC$5545,'Individual Data'!$V$7:$V$5545,'Hat by PBT'!$B32,'Individual Data'!$Z$7:$Z$5545,'Hat by PBT'!E$7,'Individual Data'!$R$7:$R$5545,'Hat by PBT'!$C32,'Individual Data'!$N$7:$N$5545,'Hat by PBT'!$B$6) -> 0 | F32: =SUMIFS('Individual Data'!$AC$7:$AC$5545,'Individual Data'!$V$7:$V$5545,'Hat by PBT'!$B32,'Individual Data'!$Z$7:$Z$5545,'Hat by PBT'!F$7,'Individual Data'!$R$7:$R$5545,'Hat by PBT'!$C32,'Individual Data'!$N$7:$N$5545,'Hat by PBT'!$B$6) -> 0 | G32: =SUMIFS('Individual Data'!$AC$7:$AC$5545,'Individual Data'!$V$7:$V$5545,'Hat by PBT'!$B32,'Individual Data'!$Z$7:$Z$5545,'Hat by PBT'!G$7,'Individual Data'!$R$7:$R$5545,'Hat by PBT'!$C32,'Individual Data'!$N$7:$N$5545,'Hat by PBT'!$B$6) -> 0 | H32: =SUMIFS('Individual Data'!$AC$7:$AC$5545,'Individual Data'!$V$7:$V$5545,'Hat by PBT'!$B32,'Individual Data'!$Z$7:$Z$5545,'Hat by PBT'!H$7,'Individual Data'!$R$7:$R$5545,'Hat by PBT'!$C32,'Individual Data'!$N$7:$N$5545,'Hat by PBT'!$B$6) -> 17.041284 | I32: =SUMIFS('Individual Data'!$AC$7:$AC$5545,'Individual Data'!$V$7:$V$5545,'Hat by PBT'!$B32,'Individual Data'!$Z$7:$Z$5545,'Hat by PBT'!I$7,'Individual Data'!$R$7:$R$5545,'Hat by PBT'!$C32,'Individual Data'!$N$7:$N$5545,'Hat by PBT'!$B$6) -> 217.79439 | J32: =SUMIFS('Individual Data'!$AC$7:$AC$5545,'Individual Data'!$V$7:$V$5545,'Hat by PBT'!$B32,'Individual Data'!$Z$7:$Z$5545,'Hat by PBT'!J$7,'Individual Data'!$R$7:$R$5545,'Hat by PBT'!$C32,'Individual Data'!$N$7:$N$5545,'Hat by PBT'!$B$6) -> 332.30874 | K32: =SUMIFS('Individual Data'!$AC$7:$AC$5545,'Individual Data'!$V$7:$V$5545,'Hat by PBT'!$B32,'Individual Data'!$Z$7:$Z$5545,'Hat by PBT'!K$7,'Individual Data'!$R$7:$R$5545,'Hat by PBT'!$C32,'Individual Data'!$N$7:$N$5545,'Hat by PBT'!$B$6) -> 48.678763 | ... P32: =SUMIFS('Individual Data'!$AC$7:$AC$5545,'Individual Data'!$V$7:$V$5545,'Hat by PBT'!$B32,'Individual Data'!$Z$7:$Z$5545,'Hat by PBT'!P$7,'Individual Data'!$R$7:$R$5545,'Hat by PBT'!$C32,'Individual Data'!$N$7:$N$5545,'Hat by PBT'!$B$6) -> 0 | R32: =SUM(D32:F32) -> 0 | S32: =SUM(G32:P32) -> 615.82317 | U32: =$U$3-C32 -> 2021 | V32: =B32 -> IPCSR | W32: SR | X32: =SUMIFS('cwt rel info'!$A$6:$A$317,'cwt rel info'!$D$6:$D$317,'Hat by PBT'!U32,'cwt rel info'!$E$6:$E$317,'Hat by PBT'!V32) -> 92064 | Y32: =R32+S32 -> 615.82317 | Z32: =S114 -> 1296.4404 | AA32: =R114 -> 0 | AB32: =VLOOKUP(V32,'Individual Data'!$V$6:$AD$5545,9,FALSE) -> Abv | AC32: =IF(AB32="blw",Y32*(1-$Z$4),Y32*(1-$Z$3)) -> 601.04342 | AD32: =IF(AB32="blw",Z32*(1-$Z$4),Z32*(1-$Z$3)) -> 1265.3259 | AE32: =IF(AB32="blw",AA32*(1-$AA$4),AA32*(1-$AA$3)) -> 0
