Workbook

Sheet Column Definitions
A1: Column name | B1: Definition
A2: Population | B2: IDFG Progeny database collection ID
A3: Individual | B3: IDFG Progeny database individual ID
A4: LGRScaleGeneticsIDLink | B4: Individual genetics ID in metadata provided to IDFG Eagle Genetics Lab
A5: DateSampled | B5: Date sampled at Lower Granite Dam
A6: PhenotypicSex | B6: Sex as identified at the Dam
A7: Length | B7: Fork Length
A8: Clip | B8: Adipose fin status - AD is for Ad-clipped, AI is for ad-intact
A9: Wire | B9: 1 if CWT present, NA if absent
A10: GenComments | B10: Lists all genetic duplicates and samples that failed to genotype
A11: GenSex | B11: Genetic sex
A12: GenPa | B12: IDFG Progeny database ID of the PBT assigned sire
... A17: RepUnitProb | B17: Probability of assignment to the given GSI reporting unit
A21: BY - Deleted records of 3 summer chnk: 2 from PahFH and 1 from Powel
A22: BY - changed unknown clips (NA) to AD for all LFH yrlg and PRH fish. Changed about 15 records since these groups are all clipped at released
A23: removed one minijack <30 cm
A24: BY- changed unknown sex fish based on sex ratio at FL pools (changed text red)
B25: 62 cm - 10% F: changed 17 "U" records to 2 F and 15 M
B26: 67 cm - 30% F: changed 22 "U" records to 6 F and 16 M
B27: 72 cm - 50% F: changed 6 "U" records to 3 F and 3 M
A28: Changed 3 unknown clip records
B29: 58% of fish were AI, so changed 3 records to 2 AI and 1 AD (changed text red)

Sheet pvt tbl
A2: PopName | B2: (Multiple Items)
B4: Clip
B5: AD | C5: AI | D5: Grand Total
A6: Sum of PBT geno rate expansion | B6: 18465.909 | C6: 21107.955 | D6: 39573.864

Sheet Individual Data
W1: sum | Y1: sum | Z1: night passage rate | AA1: sum @ LGR | AD1: fallback/reassension | AI1: fallback only
R2: Run year | W2: =SUM(W6:W3142) -> 3137 | Y2: =SUM(Y6:Y3142) -> 16667.771 | AA2: =SUM(AA6:AA3142) -> 53490.452 | AE2: jack | AF2: adlt | AJ2: jack | AK2: adlt
D3: 44803 | R3: 2022 | X3: 60% period | Y3: 0.576 | AA3: =1/9 -> 0.11111111 | AD3: abv | AE3: 0.06 | AF3: 0.04 | AI3: abv | AJ3: 0 | AK3: 0
X4: 18% period | Y4: 0.176 | Z4: 0.0082 | AA4: =1/3 -> 0.33333333 | AD4: blw | AE4: 0.75 | AF4: 0.45 | AI4: blw | AJ4: 0.58 | AK4: 0.37
A5: Population | B5: Individual | C5: LGRScaleGeneticsIDLink | D5: DateSampled | E5: sample rate | F5: PhenotypicSex | G5: FL mm | H5: FL cm | I5: Clip | J5: Wire | K5: GenComments | L5: GenSex | M5: best sex | N5: GenPa | O5: GenMa | P5: PopName | Q5: agePBT | R5: Brd Yr | S5: GSIRepUnit | T5: RepUnitProb | U5: Final group | V5: Tag rate | W5: count | X5: pooled FL | Y5: trap rate expansion | Z5: Night passage expansion | AA5: PBT geno rate expansion | AB5: rel abv/blw LGR
A6: OtsLGRF22S | B6: OtsLGRF22S_0002 | C6: C-00002 | D6: 44791 | E6: =IF(D6<=$D$3,60,18) -> 60 | F6: M | G6: 910 | H6: =G6/10 -> 91 | I6: AD | J6: 1 | L6: M | M6: =IF(L6="U",F6,L6) -> M | N6: OtsLYON18S_1_0133 | O6: OtsLYON18S_1_0282 | P6: OtsLYON18S_1 | Q6: 4 | R6: =IFERROR($R$3-Q6,"U") -> 2018 | S6: NA | T6: NA | U6: BCAe | V6: =VLOOKUP(P6,'PBT Tag Rates'!$B$5:$E$34,4,FALSE) -> 0.80551598 | W6: 1 | X6: =IFERROR(LOOKUP(H6,{30,43,48,53,58,63,68,73,78,83,88,93,97},{42,47,52,57,62,67,72,77,82,87,92,99,100}),999) -> 92 | Y6: =IF(D6<$D$3,W6/$Y$3,W6/$Y$4) -> 1.7361111 | Z6: =Y6*(1+$Z$4) -> 1.7503472 | AA6: =IF(D6<$D$3,Z6/$AA$3,Z6/$AA$4) -> 15.753125 | AB6: abv
A7: OtsLGRF22S | B7: OtsLGRF22S_0010 | C7: C-00010 | D7: 44791 | E7: =IF(D7<=$D$3,60,18) -> 60 | F7: U | G7: 650 | H7: =G7/10 -> 65 | I7: AI | J7: NA | L7: M | M7: =IF(L7="U",F7,L7) -> M | N7: OtsLYON19S_1_0141 | O7: OtsLYON19S_1_0227 | P7: OtsLYON19S_1 | Q7: 3 | R7: =IFERROR($R$3-Q7,"U") -> 2019 | S7: NA | T7: NA | U7: BCAe | V7: =VLOOKUP(P7,'PBT Tag Rates'!$B$5:$E$34,4,FALSE) -> 0.95971981 | W7: 1 | X7: =IFERROR(LOOKUP(H7,{30,43,48,53,58,63,68,73,78,83,88,93,97},{42,47,52,57,62,67,72,77,82,87,92,99,100}),999) -> 67 | Y7: =IF(D7<$D$3,W7/$Y$3,W7/$Y$4) -> 1.7361111 | Z7: =Y7*(1+$Z$4) -> 1.7503472 | AA7: =IF(D7<$D$3,Z7/$AA$3,Z7/$AA$4) -> 15.753125 | AB7: abv
A8: OtsLGRF22S | B8: OtsLGRF22S_0019 | C8: C-00019 | D8: 44791 | E8: =IF(D8<=$D$3,60,18) -> 60 | F8: M | G8: 840 | H8: =G8/10 -> 84 | I8: AI | J8: NA | L8: M | M8: =IF(L8="U",F8,L8) -> M | N8: NA | O8: NA | P8: Unassigned | Q8: NA | R8: =IFERROR($R$3-Q8,"U") -> U | S8: FALL | T8: 1 | U8: Unassigned | V8: =VLOOKUP(P8,'PBT Tag Rates'!$B$5:$E$34,4,FALSE) -> #N/A | W8: 1 | X8: =IFERROR(LOOKUP(H8,{30,43,48,53,58,63,68,73,78,83,88,93,97},{42,47,52,57,62,67,72,77,82,87,92,99,100}),999) -> 87 | Y8: =IF(D8<$D$3,W8/$Y$3,W8/$Y$4) -> 1.7361111 | Z8: =Y8*(1+$Z$4) -> 1.7503472 | AA8: =IF(D8<$D$3,Z8/$AA$3,Z8/$AA$4) -> 15.753125 | AB8: abv
A9: OtsLGRF22S | B9: OtsLGRF22S_0028 | C9: C-00028 | D9: 44791 | E9: =IF(D9<=$D$3,60,18) -> 60 | F9: F | G9: 810 | H9: =G9/10 -> 81 | I9: AD | J9: 1 | L9: F | M9: =IF(L9="U",F9,L9) -> F | N9: OtsNPFH18S_1_2308 | O9: OtsNPFH18S_1_2062 | P9: OtsNPFH18S_1 | Q9: 4 | R9: =IFERROR($R$3-Q9,"U") -> 2018 | S9: NA | T9: NA | U9: LGA | V9: =VLOOKUP(P9,'PBT Tag Rates'!$B$5:$E$34,4,FALSE) -> 0.96828397 | W9: 1 | X9: =IFERROR(LOOKUP(H9,{30,43,48,53,58,63,68,73,78,83,88,93,97},{42,47,52,57,62,67,72,77,82,87,92,99,100}),999) -> 82 | Y9: =IF(D9<$D$3,W9/$Y$3,W9/$Y$4) -> 1.7361111 | Z9: =Y9*(1+$Z$4) -> 1.7503472 | AA9: =IF(D9<$D$3,Z9/$AA$3,Z9/$AA$4) -> 15.753125 | AB9: abv
A10: OtsLGRF22S | B10: OtsLGRF22S_0037 | C10: C-00037 | D10: 44791 | E10: =IF(D10<=$D$3,60,18) -> 60 | F10: F | G10: 820 | H10: =G10/10 -> 82 | I10: AI | J10: NA | L10: F | M10: =IF(L10="U",F10,L10) -> F | N10: NA | O10: NA | P10: Unassigned | Q10: NA | R10: =IFERROR($R$3-Q10,"U") -> U | S10: FALL | T10: 1 | U10: Unassigned | V10: =VLOOKUP(P10,'PBT Tag Rates'!$B$5:$E$34,4,FALSE) -> #N/A | W10: 1 | X10: =IFERROR(LOOKUP(H10,{30,43,48,53,58,63,68,73,78,83,88,93,97},{42,47,52,57,62,67,72,77,82,87,92,99,100}),999) -> 82 | Y10: =IF(D10<$D$3,W10/$Y$3,W10/$Y$4) -> 1.7361111 | Z10: =Y10*(1+$Z$4) -> 1.7503472 | AA10: =IF(D10<$D$3,Z10/$AA$3,Z10/$AA$4) -> 15.753125 | AB10: abv
A11: OtsLGRF22S | B11: OtsLGRF22S_0046 | C11: C-00046 | D11: 44791 | E11: =IF(D11<=$D$3,60,18) -> 60 | F11: F | G11: 760 | H11: =G11/10 -> 76 | I11: AI | J11: NA | L11: F | M11: =IF(L11="U",F11,L11) -> F | N11: OtsLYON18S_1_0707 | O11: OtsLYON18S_1_0550 | P11: OtsLYON18S_1 | Q11: 4 | R11: =IFERROR($R$3-Q11,"U") -> 2018 | S11: NA | T11: NA | U11: BCAe | V11: =VLOOKUP(P11,'PBT Tag Rates'!$B$5:$E$34,4,FALSE) -> 0.80551598 | W11: 1 | X11: =IFERROR(LOOKUP(H11,{30,43,48,53,58,63,68,73,78,83,88,93,97},{42,47,52,57,62,67,72,77,82,87,92,99,100}),999) -> 77 | Y11: =IF(D11<$D$3,W11/$Y$3,W11/$Y$4) -> 1.7361111 | Z11: =Y11*(1+$Z$4) -> 1.7503472 | AA11: =IF(D11<$D$3,Z11/$AA$3,Z11/$AA$4) -> 15.753125 | AB11: abv
A12: OtsLGRF22S | B12: OtsLGRF22S_0055 | C12: C-00055 | D12: 44791 | E12: =IF(D12<=$D$3,60,18) -> 60 | F12: F | G12: 810 | H12: =G12/10 -> 81 | I12: AI | J12: NA | L12: F | M12: =IF(L12="U",F12,L12) -> F | N12: OtsLYON18S_1_0768 | O12: OtsLYON18S_1_0923 | P12: OtsLYON18S_1 | Q12: 4 | R12: =IFERROR($R$3-Q12,"U") -> 2018 | S12: NA | T12: NA | U12: LFHs | V12: =VLOOKUP(P12,'PBT Tag Rates'!$B$5:$E$34,4,FALSE) -> 0.80551598 | W12: 1 | X12: =IFERROR(LOOKUP(H12,{30,43,48,53,58,63,68,73,78,83,88,93,97},{42,47,52,57,62,67,72,77,82,87,92,99,100}),999) -> 82 | Y12: =IF(D12<$D$3,W12/$Y$3,W12/$Y$4) -> 1.7361111 | Z12: =Y12*(1+$Z$4) -> 1.7503472 | AA12: =IF(D12<$D$3,Z12/$AA$3,Z12/$AA$4) -> 15.753125 | AB12: blw
A13: OtsLGRF22S | B13: OtsLGRF22S_0064 | C13: C-00064 | D13: 44791 | E13: =IF(D13<=$D$3,60,18) -> 60 | F13: F | G13: 740 | H13: =G13/10 -> 74 | I13: AI | J13: NA | L13: F | M13: =IF(L13="U",F13,L13) -> F | N13: OtsLYON18S_1_1377 | O13: OtsLYON18S_1_1745 | P13: OtsLYON18S_1 | Q13: 4 | R13: =IFERROR($R$3-Q13,"U") -> 2018 | S13: NA | T13: NA | U13: LFH Ukn | V13: =VLOOKUP(P13,'PBT Tag Rates'!$B$5:$E$34,4,FALSE) -> 0.80551598 | W13: 1 | X13: =IFERROR(LOOKUP(H13,{30,43,48,53,58,63,68,73,78,83,88,93,97},{42,47,52,57,62,67,72,77,82,87,92,99,100}),999) -> 77 | Y13: =IF(D13<$D$3,W13/$Y$3,W13/$Y$4) -> 1.7361111 | Z13: =Y13*(1+$Z$4) -> 1.7503472 | AA13: =IF(D13<$D$3,Z13/$AA$3,Z13/$AA$4) -> 15.753125 | AB13: blw
A14: OtsLGRF22S | B14: OtsLGRF22S_0073 | C14: C-00073 | D14: 44791 | E14: =IF(D14<=$D$3,60,18) -> 60 | F14: F | G14: 810 | H14: =G14/10 -> 81 | I14: AI | J14: NA | L14: F | M14: =IF(L14="U",F14,L14) -> F | N14: OtsNPFH18S_1_3330 | O14: OtsNPFH18S_1_3037 | P14: OtsNPFH18S_1 | Q14: 4 | R14: =IFERROR($R$3-Q14,"U") -> 2018 | S14: NA | T14: NA | U14: LGA | V14: =VLOOKUP(P14,'PBT Tag Rates'!$B$5:$E$34,4,FALSE) -> 0.96828397 | W14: 1 | X14: =IFERROR(LOOKUP(H14,{30,43,48,53,58,63,68,73,78,83,88,93,97},{42,47,52,57,62,67,72,77,82,87,92,99,100}),999) -> 82 | Y14: =IF(D14<$D$3,W14/$Y$3,W14/$Y$4) -> 1.7361111 | Z14: =Y14*(1+$Z$4) -> 1.7503472 | AA14: =IF(D14<$D$3,Z14/$AA$3,Z14/$AA$4) -> 15.753125 | AB14: abv
A15: OtsLGRF22S | B15: OtsLGRF22S_0082 | C15: C-00082 | D15: 44791 | E15: =IF(D15<=$D$3,60,18) -> 60 | F15: M | G15: 830 | H15: =G15/10 -> 83 | I15: AI | J15: NA | L15: M | M15: =IF(L15="U",F15,L15) -> M | N15: OtsLYON18S_1_1358 | O15: OtsLYON18S_1_1724 | P15: OtsLYON18S_1 | Q15: 4 | R15: =IFERROR($R$3-Q15,"U") -> 2018 | S15: NA | T15: NA | U15: LFH Ukn | V15: =VLOOKUP(P15,'PBT Tag Rates'!$B$5:$E$34,4,FALSE) -> 0.80551598 | W15: 1 | X15: =IFERROR(LOOKUP(H15,{30,43,48,53,58,63,68,73,78,83,88,93,97},{42,47,52,57,62,67,72,77,82,87,92,99,100}),999) -> 87 | Y15: =IF(D15<$D$3,W15/$Y$3,W15/$Y$4) -> 1.7361111 | Z15: =Y15*(1+$Z$4) -> 1.7503472 | AA15: =IF(D15<$D$3,Z15/$AA$3,Z15/$AA$4) -> 15.753125 | AB15: blw
A16: OtsLGRF22S | B16: OtsLGRF22S_0091 | C16: C-00091 | D16: 44791 | E16: =IF(D16<=$D$3,60,18) -> 60 | F16: F | G16: 760 | H16: =G16/10 -> 76 | I16: AI | J16: NA | L16: F | M16: =IF(L16="U",F16,L16) -> F | N16: OtsNPFH18S_1_6322 | O16: OtsNPFH18S_1_6030 | P16: OtsNPFH18S_1 | Q16: 4 | R16: =IFERROR($R$3-Q16,"U") -> 2018 | S16: NA | T16: NA | U16: LGA | V16: =VLOOKUP(P16,'PBT Tag Rates'!$B$5:$E$34,4,FALSE) -> 0.96828397 | W16: 1 | X16: =IFERROR(LOOKUP(H16,{30,43,48,53,58,63,68,73,78,83,88,93,97},{42,47,52,57,62,67,72,77,82,87,92,99,100}),999) -> 77 | Y16: =IF(D16<$D$3,W16/$Y$3,W16/$Y$4) -> 1.7361111 | Z16: =Y16*(1+$Z$4) -> 1.7503472 | AA16: =IF(D16<$D$3,Z16/$AA$3,Z16/$AA$4) -> 15.753125 | AB16: abv
A17: OtsLGRF22S | B17: OtsLGRF22S_0100 | C17: C-00100 | D17: 44792 | E17: =IF(D17<=$D$3,60,18) -> 60 | F17: M | G17: 790 | H17: =G17/10 -> 79 | I17: AD | J17: 1 | L17: M | M17: =IF(L17="U",F17,L17) -> M | N17: OtsLYON18S_1_0735 | O17: OtsLYON18S_1_0840 | P17: OtsLYON18S_1 | Q17: 4 | R17: =IFERROR($R$3-Q17,"U") -> 2018 | S17: NA | T17: NA | U17: CJAe | V17: =VLOOKUP(P17,'PBT Tag Rates'!$B$5:$E$34,4,FALSE) -> 0.80551598 | W17: 1 | X17: =IFERROR(LOOKUP(H17,{30,43,48,53,58,63,68,73,78,83,88,93,97},{42,47,52,57,62,67,72,77,82,87,92,99,100}),999) -> 82 | Y17: =IF(D17<$D$3,W17/$Y$3,W17/$Y$4) -> 1.7361111 | Z17: =Y17*(1+$Z$4) -> 1.7503472 | AA17: =IF(D17<$D$3,Z17/$AA$3,Z17/$AA$4) -> 15.753125 | AB17: abv
A18: OtsLGRF22S | B18: OtsLGRF22S_0109 | C18: C-00109 | D18: 44792 | E18: =IF(D18<=$D$3,60,18) -> 60 | F18: M | G18: 860 | H18: =G18/10 -> 86 | I18: AD | J18: 1 | L18: M | M18: =IF(L18="U",F18,L18) -> M | N18: NA | O18: NA | P18: Unassigned | Q18: NA | R18: =IFERROR($R$3-Q18,"U") -> U | S18: FALL | T18: 1 | U18: Unassigned AD | V18: =VLOOKUP(P18,'PBT Tag Rates'!$B$5:$E$34,4,FALSE) -> #N/A | W18: 1 | X18: =IFERROR(LOOKUP(H18,{30,43,48,53,58,63,68,73,78,83,88,93,97},{42,47,52,57,62,67,72,77,82,87,92,99,100}),999) -> 87 | Y18: =IF(D18<$D$3,W18/$Y$3,W18/$Y$4) -> 1.7361111 | Z18: =Y18*(1+$Z$4) -> 1.7503472 | AA18: =IF(D18<$D$3,Z18/$AA$3,Z18/$AA$4) -> 15.753125 | AB18: abv
A19: OtsLGRF22S | B19: OtsLGRF22S_0118 | C19: C-00118 | D19: 44792 | E19: =IF(D19<=$D$3,60,18) -> 60 | F19: M | G19: 850 | H19: =G19/10 -> 85 | I19: AI | J19: NA | L19: M | M19: =IF(L19="U",F19,L19) -> M | N19: OtsLYON18S_1_0102 | O19: OtsLYON18S_1_0084 | P19: OtsLYON18S_1 | Q19: 4 | R19: =IFERROR($R$3-Q19,"U") -> 2018 | S19: NA | T19: NA | U19: PLAe | V19: =VLOOKUP(P19,'PBT Tag Rates'!$B$5:$E$34,4,FALSE) -> 0.80551598 | W19: 1 | X19: =IFERROR(LOOKUP(H19,{30,43,48,53,58,63,68,73,78,83,88,93,97},{42,47,52,57,62,67,72,77,82,87,92,99,100}),999) -> 87 | Y19: =IF(D19<$D$3,W19/$Y$3,W19/$Y$4) -> 1.7361111 | Z19: =Y19*(1+$Z$4) -> 1.7503472 | AA19: =IF(D19<$D$3,Z19/$AA$3,Z19/$AA$4) -> 15.753125 | AB19: abv
A20: OtsLGRF22S | B20: OtsLGRF22S_0127 | C20: C-00127 | D20: 44792 | E20: =IF(D20<=$D$3,60,18) -> 60 | F20: M | G20: 670 | H20: =G20/10 -> 67 | I20: AD | J20: 1 | L20: M | M20: =IF(L20="U",F20,L20) -> M | N20: OtsLYON19S_1_0124 | O20: OtsLYON19S_1_0071 | P20: OtsLYON19S_1 | Q20: 3 | R20: =IFERROR($R$3-Q20,"U") -> 2019 | S20: NA | T20: NA | U20: PLAe | V20: =VLOOKUP(P20,'PBT Tag Rates'!$B$5:$E$34,4,FALSE) -> 0.95971981 | W20: 1 | X20: =IFERROR(LOOKUP(H20,{30,43,48,53,58,63,68,73,78,83,88,93,97},{42,47,52,57,62,67,72,77,82,87,92,99,100}),999) -> 67 | Y20: =IF(D20<$D$3,W20/$Y$3,W20/$Y$4) -> 1.7361111 | Z20: =Y20*(1+$Z$4) -> 1.7503472 | AA20: =IF(D20<$D$3,Z20/$AA$3,Z20/$AA$4) -> 15.753125 | AB20: abv
A21: OtsLGRF22S | B21: OtsLGRF22S_0136 | C21: C-00136 | D21: 44792 | E21: =IF(D21<=$D$3,60,18) -> 60 | F21: F | G21: 710 | H21: =G21/10 -> 71 | I21: AI | J21: NA | L21: F | M21: =IF(L21="U",F21,L21) -> F | N21: NA | O21: NA | P21: Unassigned | Q21: NA | R21: =IFERROR($R$3-Q21,"U") -> U | S21: FALL | T21: 1 | U21: Unassigned | V21: =VLOOKUP(P21,'PBT Tag Rates'!$B$5:$E$34,4,FALSE) -> #N/A | W21: 1 | X21: =IFERROR(LOOKUP(H21,{30,43,48,53,58,63,68,73,78,83,88,93,97},{42,47,52,57,62,67,72,77,82,87,92,99,100}),999) -> 72 | Y21: =IF(D21<$D$3,W21/$Y$3,W21/$Y$4) -> 1.7361111 | Z21: =Y21*(1+$Z$4) -> 1.7503472 | AA21: =IF(D21<$D$3,Z21/$AA$3,Z21/$AA$4) -> 15.753125 | AB21: abv
A22: OtsLGRF22S | B22: OtsLGRF22S_0145 | C22: C-00145 | D22: 44792 | E22: =IF(D22<=$D$3,60,18) -> 60 | F22: U | G22: 610 | H22: =G22/10 -> 61 | I22: AD | J22: 1 | L22: M | M22: =IF(L22="U",F22,L22) -> M | N22: NA | O22: NA | P22: Unassigned | Q22: NA | R22: =IFERROR($R$3-Q22,"U") -> U | S22: FALL | T22: 1 | U22: Unassigned AD | V22: =VLOOKUP(P22,'PBT Tag Rates'!$B$5:$E$34,4,FALSE) -> #N/A | W22: 1 | X22: =IFERROR(LOOKUP(H22,{30,43,48,53,58,63,68,73,78,83,88,93,97},{42,47,52,57,62,67,72,77,82,87,92,99,100}),999) -> 62 | Y22: =IF(D22<$D$3,W22/$Y$3,W22/$Y$4) -> 1.7361111 | Z22: =Y22*(1+$Z$4) -> 1.7503472 | AA22: =IF(D22<$D$3,Z22/$AA$3,Z22/$AA$4) -> 15.753125 | AB22: abv
A23: OtsLGRF22S | B23: OtsLGRF22S_0154 | C23: C-00154 | D23: 44792 | E23: =IF(D23<=$D$3,60,18) -> 60 | F23: F | G23: 880 | H23: =G23/10 -> 88 | I23: AI | J23: NA | L23: F | M23: =IF(L23="U",F23,L23) -> F | N23: OtsNPFH17S_1_4336 | O23: OtsNPFH17S_1_4110 | P23: OtsNPFH17S_1 | Q23: 5 | R23: =IFERROR($R$3-Q23,"U") -> 2017 | S23: NA | T23: NA | U23: NPTH | V23: =VLOOKUP(P23,'PBT Tag Rates'!$B$5:$E$34,4,FALSE) -> 0.98821807 | W23: 1 | X23: =IFERROR(LOOKUP(H23,{30,43,48,53,58,63,68,73,78,83,88,93,97},{42,47,52,57,62,67,72,77,82,87,92,99,100}),999) -> 92 | Y23: =IF(D23<$D$3,W23/$Y$3,W23/$Y$4) -> 1.7361111 | Z23: =Y23*(1+$Z$4) -> 1.7503472 | AA23: =IF(D23<$D$3,Z23/$AA$3,Z23/$AA$4) -> 15.753125 | AB23: abv
A24: OtsLGRF22S | B24: OtsLGRF22S_0163 | C24: C-00163 | D24: 44792 | E24: =IF(D24<=$D$3,60,18) -> 60 | F24: M | G24: 760 | H24: =G24/10 -> 76 | I24: AI | J24: NA | L24: F | M24: =IF(L24="U",F24,L24) -> F | N24: OtsLYON18S_1_0109 | O24: OtsLYON18S_1_0033 | P24: OtsLYON18S_1 | Q24: 4 | R24: =IFERROR($R$3-Q24,"U") -> 2018 | S24: NA | T24: NA | U24: PLAe | V24: =VLOOKUP(P24,'PBT Tag Rates'!$B$5:$E$34,4,FALSE) -> 0.80551598 | W24: 1 | X24: =IFERROR(LOOKUP(H24,{30,43,48,53,58,63,68,73,78,83,88,93,97},{42,47,52,57,62,67,72,77,82,87,92,99,100}),999) -> 77 | Y24: =IF(D24<$D$3,W24/$Y$3,W24/$Y$4) -> 1.7361111 | Z24: =Y24*(1+$Z$4) -> 1.7503472 | AA24: =IF(D24<$D$3,Z24/$AA$3,Z24/$AA$4) -> 15.753125 | AB24: abv
A25: OtsLGRF22S | B25: OtsLGRF22S_0172 | C25: C-00172 | D25: 44792 | E25: =IF(D25<=$D$3,60,18) -> 60 | F25: F | G25: 790 | H25: =G25/10 -> 79 | I25: AD | J25: 1 | L25: F | M25: =IF(L25="U",F25,L25) -> F | N25: OtsLYON18S_1_1353 | O25: OtsLYON18S_1_1789 | P25: OtsLYON18S_1 | Q25: 4 | R25: =IFERROR($R$3-Q25,"U") -> 2018 | S25: NA | T25: NA | U25: LFH Ukn | V25: =VLOOKUP(P25,'PBT Tag Rates'!$B$5:$E$34,4,FALSE) -> 0.80551598 | W25: 1 | X25: =IFERROR(LOOKUP(H25,{30,43,48,53,58,63,68,73,78,83,88,93,97},{42,47,52,57,62,67,72,77,82,87,92,99,100}),999) -> 82 | Y25: =IF(D25<$D$3,W25/$Y$3,W25/$Y$4) -> 1.7361111 | Z25: =Y25*(1+$Z$4) -> 1.7503472 | AA25: =IF(D25<$D$3,Z25/$AA$3,Z25/$AA$4) -> 15.753125 | AB25: blw
A26: OtsLGRF22S | B26: OtsLGRF22S_0181 | C26: C-00181 | D26: 44792 | E26: =IF(D26<=$D$3,60,18) -> 60 | F26: M | G26: 750 | H26: =G26/10 -> 75 | I26: AI | J26: NA | L26: M | M26: =IF(L26="U",F26,L26) -> M | N26: OtsNPFH18S_1_5326 | O26: OtsNPFH18S_1_5031 | P26: OtsNPFH18S_1 | Q26: 4 | R26: =IFERROR($R$3-Q26,"U") -> 2018 | S26: NA | T26: NA | U26: NPTH | V26: =VLOOKUP(P26,'PBT Tag Rates'!$B$5:$E$34,4,FALSE) -> 0.96828397 | W26: 1 | X26: =IFERROR(LOOKUP(H26,{30,43,48,53,58,63,68,73,78,83,88,93,97},{42,47,52,57,62,67,72,77,82,87,92,99,100}),999) -> 77 | Y26: =IF(D26<$D$3,W26/$Y$3,W26/$Y$4) -> 1.7361111 | Z26: =Y26*(1+$Z$4) -> 1.7503472 | AA26: =IF(D26<$D$3,Z26/$AA$3,Z26/$AA$4) -> 15.753125 | AB26: abv
A27: OtsLGRF22S | B27: OtsLGRF22S_0190 | C27: C-00190 | D27: 44792 | E27: =IF(D27<=$D$3,60,18) -> 60 | F27: M | G27: 850 | H27: =G27/10 -> 85 | I27: AI | J27: NA | L27: M | M27: =IF(L27="U",F27,L27) -> M | N27: OtsLYON18S_1_0726 | O27: OtsLYON18S_1_0856 | P27: OtsLYON18S_1 | Q27: 4 | R27: =IFERROR($R$3-Q27,"U") -> 2018 | S27: NA | T27: NA | U27: CJAe | V27: =VLOOKUP(P27,'PBT Tag Rates'!$B$5:$E$34,4,FALSE) -> 0.80551598 | W27: 1 | X27: =IFERROR(LOOKUP(H27,{30,43,48,53,58,63,68,73,78,83,88,93,97},{42,47,52,57,62,67,72,77,82,87,92,99,100}),999) -> 87 | Y27: =IF(D27<$D$3,W27/$Y$3,W27/$Y$4) -> 1.7361111 | Z27: =Y27*(1+$Z$4) -> 1.7503472 | AA27: =IF(D27<$D$3,Z27/$AA$3,Z27/$AA$4) -> 15.753125 | AB27: abv
A28: OtsLGRF22S | B28: OtsLGRF22S_0199 | C28: C-00199 | D28: 44792 | E28: =IF(D28<=$D$3,60,18) -> 60 | F28: F | G28: 750 | H28: =G28/10 -> 75 | I28: AD | J28: 1 | L28: F | M28: =IF(L28="U",F28,L28) -> F | N28: OtsNPFH18S_1_2308 | O28: OtsNPFH18S_1_2062 | P28: OtsNPFH18S_1 | Q28: 4 | R28: =IFERROR($R$3-Q28,"U") -> 2018 | S28: NA | T28: NA | U28: LGA | V28: =VLOOKUP(P28,'PBT Tag Rates'!$B$5:$E$34,4,FALSE) -> 0.96828397 | W28: 1 | X28: =IFERROR(LOOKUP(H28,{30,43,48,53,58,63,68,73,78,83,88,93,97},{42,47,52,57,62,67,72,77,82,87,92,99,100}),999) -> 77 | Y28: =IF(D28<$D$3,W28/$Y$3,W28/$Y$4) -> 1.7361111 | Z28: =Y28*(1+$Z$4) -> 1.7503472 | AA28: =IF(D28<$D$3,Z28/$AA$3,Z28/$AA$4) -> 15.753125 | AB28: abv
A29: OtsLGRF22S | B29: OtsLGRF22S_0208 | C29: C-00208 | D29: 44792 | E29: =IF(D29<=$D$3,60,18) -> 60 | F29: F | G29: 860 | H29: =G29/10 -> 86 | I29: AD | J29: 1 | L29: M | M29: =IF(L29="U",F29,L29) -> M | N29: OtsLYON18S_1_0735 | O29: OtsLYON18S_1_0840 | P29: OtsLYON18S_1 | Q29: 4 | R29: =IFERROR($R$3-Q29,"U") -> 2018 | S29: NA | T29: NA | U29: CJAe | V29: =VLOOKUP(P29,'PBT Tag Rates'!$B$5:$E$34,4,FALSE) -> 0.80551598 | W29: 1 | X29: =IFERROR(LOOKUP(H29,{30,43,48,53,58,63,68,73,78,83,88,93,97},{42,47,52,57,62,67,72,77,82,87,92,99,100}),999) -> 87 | Y29: =IF(D29<$D$3,W29/$Y$3,W29/$Y$4) -> 1.7361111 | Z29: =Y29*(1+$Z$4) -> 1.7503472 | AA29: =IF(D29<$D$3,Z29/$AA$3,Z29/$AA$4) -> 15.753125 | AB29: abv
A30: OtsLGRF22S | B30: OtsLGRF22S_0217 | C30: C-00217 | D30: 44793 | E30: =IF(D30<=$D$3,60,18) -> 60 | F30: M | G30: 740 | H30: =G30/10 -> 74 | I30: AI | J30: NA | L30: M | M30: =IF(L30="U",F30,L30) -> M | N30: OtsLYON18S_1_0731 | O30: OtsLYON18S_1_0851 | P30: OtsLYON18S_1 | Q30: 4 | R30: =IFERROR($R$3-Q30,"U") -> 2018 | S30: NA | T30: NA | U30: CJAe | V30: =VLOOKUP(P30,'PBT Tag Rates'!$B$5:$E$34,4,FALSE) -> 0.80551598 | W30: 1 | X30: =IFERROR(LOOKUP(H30,{30,43,48,53,58,63,68,73,78,83,88,93,97},{42,47,52,57,62,67,72,77,82,87,92,99,100}),999) -> 77 | Y30: =IF(D30<$D$3,W30/$Y$3,W30/$Y$4) -> 1.7361111 | Z30: =Y30*(1+$Z$4) -> 1.7503472 | AA30: =IF(D30<$D$3,Z30/$AA$3,Z30/$AA$4) -> 15.753125 | AB30: abv
A31: OtsLGRF22S | B31: OtsLGRF22S_0226 | C31: C-00226 | D31: 44793 | E31: =IF(D31<=$D$3,60,18) -> 60 | F31: U | G31: 660 | H31: =G31/10 -> 66 | I31: AD | J31: 1 | L31: M | M31: =IF(L31="U",F31,L31) -> M | N31: OtsLYON18S_1_2351 | O31: OtsLYON18S_1_2721 | P31: OtsLYON18S_1 | Q31: 4 | R31: =IFERROR($R$3-Q31,"U") -> 2018 | S31: NA | T31: NA | U31: LFHy | V31: =VLOOKUP(P31,'PBT Tag Rates'!$B$5:$E$34,4,FALSE) -> 0.80551598 | W31: 1 | X31: =IFERROR(LOOKUP(H31,{30,43,48,53,58,63,68,73,78,83,88,93,97},{42,47,52,57,62,67,72,77,82,87,92,99,100}),999) -> 67 | Y31: =IF(D31<$D$3,W31/$Y$3,W31/$Y$4) -> 1.7361111 | Z31: =Y31*(1+$Z$4) -> 1.7503472 | AA31: =IF(D31<$D$3,Z31/$AA$3,Z31/$AA$4) -> 15.753125 | AB31: blw
A32: OtsLGRF22S | B32: OtsLGRF22S_0235 | C32: C-00235 | D32: 44793 | E32: =IF(D32<=$D$3,60,18) -> 60 | F32: F | G32: 880 | H32: =G32/10 -> 88 | I32: AI | J32: NA | L32: F | M32: =IF(L32="U",F32,L32) -> F | N32: NA | O32: NA | P32: Unassigned | Q32: NA | R32: =IFERROR($R$3-Q32,"U") -> U | S32: FALL | T32: 1 | U32: Unassigned | V32: =VLOOKUP(P32,'PBT Tag Rates'!$B$5:$E$34,4,FALSE) -> #N/A | W32: 1 | X32: =IFERROR(LOOKUP(H32,{30,43,48,53,58,63,68,73,78,83,88,93,97},{42,47,52,57,62,67,72,77,82,87,92,99,100}),999) -> 92 | Y32: =IF(D32<$D$3,W32/$Y$3,W32/$Y$4) -> 1.7361111 | Z32: =Y32*(1+$Z$4) -> 1.7503472 | AA32: =IF(D32<$D$3,Z32/$AA$3,Z32/$AA$4) -> 15.753125 | AB32: abv
A33: OtsLGRF22S | B33: OtsLGRF22S_0244 | C33: C-00244 | D33: 44793 | E33: =IF(D33<=$D$3,60,18) -> 60 | F33: F | G33: 790 | H33: =G33/10 -> 79 | I33: AD | J33: 1 | L33: F | M33: =IF(L33="U",F33,L33) -> F | N33: OtsNPFH18S_1_4337 | O33: OtsNPFH18S_1_4090 | P33: OtsNPFH18S_1 | Q33: 4 | R33: =IFERROR($R$3-Q33,"U") -> 2018 | S33: NA | T33: NA | U33: NPTH | V33: =VLOOKUP(P33,'PBT Tag Rates'!$B$5:$E$34,4,FALSE) -> 0.96828397 | W33: 1 | X33: =IFERROR(LOOKUP(H33,{30,43,48,53,58,63,68,73,78,83,88,93,97},{42,47,52,57,62,67,72,77,82,87,92,99,100}),999) -> 82 | Y33: =IF(D33<$D$3,W33/$Y$3,W33/$Y$4) -> 1.7361111 | Z33: =Y33*(1+$Z$4) -> 1.7503472 | AA33: =IF(D33<$D$3,Z33/$AA$3,Z33/$AA$4) -> 15.753125 | AB33: abv
A34: OtsLGRF22S | B34: OtsLGRF22S_0253 | C34: C-00253 | D34: 44793 | E34: =IF(D34<=$D$3,60,18) -> 60 | F34: U | G34: 610 | H34: =G34/10 -> 61 | I34: AD | J34: 1 | L34: M | M34: =IF(L34="U",F34,L34) -> M | N34: OtsLYON19S_1_0714 | O34: OtsLYON19S_1_0814 | P34: OtsLYON19S_1 | Q34: 3 | R34: =IFERROR($R$3-Q34,"U") -> 2019 | S34: NA | T34: NA | U34: CJAe | V34: =VLOOKUP(P34,'PBT Tag Rates'!$B$5:$E$34,4,FALSE) -> 0.95971981 | W34: 1 | X34: =IFERROR(LOOKUP(H34,{30,43,48,53,58,63,68,73,78,83,88,93,97},{42,47,52,57,62,67,72,77,82,87,92,99,100}),999) -> 62 | Y34: =IF(D34<$D$3,W34/$Y$3,W34/$Y$4) -> 1.7361111 | Z34: =Y34*(1+$Z$4) -> 1.7503472 | AA34: =IF(D34<$D$3,Z34/$AA$3,Z34/$AA$4) -> 15.753125 | AB34: abv
A35: OtsLGRF22S | B35: OtsLGRF22S_0262 | C35: C-00262 | D35: 44793 | E35: =IF(D35<=$D$3,60,18) -> 60 | F35: F | G35: 730 | H35: =G35/10 -> 73 | I35: AD | J35: 1 | L35: F | M35: =IF(L35="U",F35,L35) -> F | N35: OtsLYON18S_1_0747 | O35: OtsLYON18S_1_0622 | P35: OtsLYON18S_1 | Q35: 4 | R35: =IFERROR($R$3-Q35,"U") -> 2018 | S35: NA | T35: NA | U35: LFHs | V35: =VLOOKUP(P35,'PBT Tag Rates'!$B$5:$E$34,4,FALSE) -> 0.80551598 | W35: 1 | X35: =IFERROR(LOOKUP(H35,{30,43,48,53,58,63,68,73,78,83,88,93,97},{42,47,52,57,62,67,72,77,82,87,92,99,100}),999) -> 77 | Y35: =IF(D35<$D$3,W35/$Y$3,W35/$Y$4) -> 1.7361111 | Z35: =Y35*(1+$Z$4) -> 1.7503472 | AA35: =IF(D35<$D$3,Z35/$AA$3,Z35/$AA$4) -> 15.753125 | AB35: blw
A36: OtsLGRF22S | B36: OtsLGRF22S_0271 | C36: C-00271 | D36: 44793 | E36: =IF(D36<=$D$3,60,18) -> 60 | F36: U | G36: 430 | H36: =G36/10 -> 43 | I36: AI | J36: NA | L36: M | M36: =IF(L36="U",F36,L36) -> M | N36: NA | O36: NA | P36: Unassigned | Q36: NA | R36: =IFERROR($R$3-Q36,"U") -> U | S36: FALL | T36: 1 | U36: Unassigned | V36: =VLOOKUP(P36,'PBT Tag Rates'!$B$5:$E$34,4,FALSE) -> #N/A | W36: 1 | X36: =IFERROR(LOOKUP(H36,{30,43,48,53,58,63,68,73,78,83,88,93,97},{42,47,52,57,62,67,72,77,82,87,92,99,100}),999) -> 47 | Y36: =IF(D36<$D$3,W36/$Y$3,W36/$Y$4) -> 1.7361111 | Z36: =Y36*(1+$Z$4) -> 1.7503472 | AA36: =IF(D36<$D$3,Z36/$AA$3,Z36/$AA$4) -> 15.753125 | AB36: abv
A37: OtsLGRF22S | B37: OtsLGRF22S_0280 | C37: C-00280 | D37: 44794 | E37: =IF(D37<=$D$3,60,18) -> 60 | F37: F | G37: 770 | H37: =G37/10 -> 77 | I37: AI | J37: NA | L37: M | M37: =IF(L37="U",F37,L37) -> M | N37: OtsLYON18S_1_0059 | O37: OtsLYON18S_1_0100 | P37: OtsLYON18S_1 | Q37: 4 | R37: =IFERROR($R$3-Q37,"U") -> 2018 | S37: NA | T37: NA | U37: PLAe | V37: =VLOOKUP(P37,'PBT Tag Rates'!$B$5:$E$34,4,FALSE) -> 0.80551598 | W37: 1 | X37: =IFERROR(LOOKUP(H37,{30,43,48,53,58,63,68,73,78,83,88,93,97},{42,47,52,57,62,67,72,77,82,87,92,99,100}),999) -> 77 | Y37: =IF(D37<$D$3,W37/$Y$3,W37/$Y$4) -> 1.7361111 | Z37: =Y37*(1+$Z$4) -> 1.7503472 | AA37: =IF(D37<$D$3,Z37/$AA$3,Z37/$AA$4) -> 15.753125 | AB37: abv
A38: OtsLGRF22S | B38: OtsLGRF22S_0289 | C38: C-00289 | D38: 44794 | E38: =IF(D38<=$D$3,60,18) -> 60 | F38: M | G38: 720 | H38: =G38/10 -> 72 | I38: AI | J38: NA | L38: M | M38: =IF(L38="U",F38,L38) -> M | N38: OtsLYON18S_1_0727 | O38: OtsLYON18S_1_0831 | P38: OtsLYON18S_1 | Q38: 4 | R38: =IFERROR($R$3-Q38,"U") -> 2018 | S38: NA | T38: NA | U38: CJAe | V38: =VLOOKUP(P38,'PBT Tag Rates'!$B$5:$E$34,4,FALSE) -> 0.80551598 | W38: 1 | X38: =IFERROR(LOOKUP(H38,{30,43,48,53,58,63,68,73,78,83,88,93,97},{42,47,52,57,62,67,72,77,82,87,92,99,100}),999) -> 72 | Y38: =IF(D38<$D$3,W38/$Y$3,W38/$Y$4) -> 1.7361111 | Z38: =Y38*(1+$Z$4) -> 1.7503472 | AA38: =IF(D38<$D$3,Z38/$AA$3,Z38/$AA$4) -> 15.753125 | AB38: abv
A39: OtsLGRF22S | B39: OtsLGRF22S_0298 | C39: C-00298 | D39: 44794 | E39: =IF(D39<=$D$3,60,18) -> 60 | F39: F | G39: 840 | H39: =G39/10 -> 84 | I39: AI | J39: NA | L39: F | M39: =IF(L39="U",F39,L39) -> F | N39: OtsNPFH18S_1_3333 | O39: OtsNPFH18S_1_3086 | P39: OtsNPFH18S_1 | Q39: 4 | R39: =IFERROR($R$3-Q39,"U") -> 2018 | S39: NA | T39: NA | U39: NLVA | V39: =VLOOKUP(P39,'PBT Tag Rates'!$B$5:$E$34,4,FALSE) -> 0.96828397 | W39: 1 | X39: =IFERROR(LOOKUP(H39,{30,43,48,53,58,63,68,73,78,83,88,93,97},{42,47,52,57,62,67,72,77,82,87,92,99,100}),999) -> 87 | Y39: =IF(D39<$D$3,W39/$Y$3,W39/$Y$4) -> 1.7361111 | Z39: =Y39*(1+$Z$4) -> 1.7503472 | AA39: =IF(D39<$D$3,Z39/$AA$3,Z39/$AA$4) -> 15.753125 | AB39: abv
A40: OtsLGRF22S | B40: OtsLGRF22S_0307 | C40: C-00307 | D40: 44794 | E40: =IF(D40<=$D$3,60,18) -> 60 | F40: F | G40: 860 | H40: =G40/10 -> 86 | I40: AD | J40: 1 | L40: F | M40: =IF(L40="U",F40,L40) -> F | N40: OtsNPFH18S_1_2307 | O40: OtsNPFH18S_1_2014 | P40: OtsNPFH18S_1 | Q40: 4 | R40: =IFERROR($R$3-Q40,"U") -> 2018 | S40: NA | T40: NA | U40: CFA | V40: =VLOOKUP(P40,'PBT Tag Rates'!$B$5:$E$34,4,FALSE) -> 0.96828397 | W40: 1 | X40: =IFERROR(LOOKUP(H40,{30,43,48,53,58,63,68,73,78,83,88,93,97},{42,47,52,57,62,67,72,77,82,87,92,99,100}),999) -> 87 | Y40: =IF(D40<$D$3,W40/$Y$3,W40/$Y$4) -> 1.7361111 | Z40: =Y40*(1+$Z$4) -> 1.7503472 | AA40: =IF(D40<$D$3,Z40/$AA$3,Z40/$AA$4) -> 15.753125 | AB40: abv
A41: OtsLGRF22S | B41: OtsLGRF22S_0316 | C41: C-00316 | D41: 44794 | E41: =IF(D41<=$D$3,60,18) -> 60 | F41: U | G41: 620 | H41: =G41/10 -> 62 | I41: AI | J41: NA | L41: M | M41: =IF(L41="U",F41,L41) -> M | N41: OtsNPFH19S_1_4339 | O41: OtsNPFH19S_1_4006 | P41: OtsNPFH19S_1 | Q41: 3 | R41: =IFERROR($R$3-Q41,"U") -> 2019 | S41: NA | T41: NA | U41: NLVA | V41: =VLOOKUP(P41,'PBT Tag Rates'!$B$5:$E$34,4,FALSE) -> 0.99705232 | W41: 1 | X41: =IFERROR(LOOKUP(H41,{30,43,48,53,58,63,68,73,78,83,88,93,97},{42,47,52,57,62,67,72,77,82,87,92,99,100}),999) -> 62 | Y41: =IF(D41<$D$3,W41/$Y$3,W41/$Y$4) -> 1.7361111 | Z41: =Y41*(1+$Z$4) -> 1.7503472 | AA41: =IF(D41<$D$3,Z41/$AA$3,Z41/$AA$4) -> 15.753125 | AB41: abv
A42: OtsLGRF22S | B42: OtsLGRF22S_0325 | C42: C-00325 | D42: 44794 | E42: =IF(D42<=$D$3,60,18) -> 60 | F42: U | G42: 510 | H42: =G42/10 -> 51 | I42: AI | J42: NA | L42: M | M42: =IF(L42="U",F42,L42) -> M | N42: NA | O42: NA | P42: Unassigned | Q42: NA | R42: =IFERROR($R$3-Q42,"U") -> U | S42: FALL | T42: 1 | U42: Unassigned | V42: =VLOOKUP(P42,'PBT Tag Rates'!$B$5:$E$34,4,FALSE) -> #N/A | W42: 1 | X42: =IFERROR(LOOKUP(H42,{30,43,48,53,58,63,68,73,78,83,88,93,97},{42,47,52,57,62,67,72,77,82,87,92,99,100}),999) -> 52 | Y42: =IF(D42<$D$3,W42/$Y$3,W42/$Y$4) -> 1.7361111 | Z42: =Y42*(1+$Z$4) -> 1.7503472 | AA42: =IF(D42<$D$3,Z42/$AA$3,Z42/$AA$4) -> 15.753125 | AB42: abv
A43: OtsLGRF22S | B43: OtsLGRF22S_0334 | C43: C-00334 | D43: 44794 | E43: =IF(D43<=$D$3,60,18) -> 60 | F43: U | G43: 660 | H43: =G43/10 -> 66 | I43: AI | J43: NA | L43: M | M43: =IF(L43="U",F43,L43) -> M | N43: NA | O43: NA | P43: Unassigned | Q43: NA | R43: =IFERROR($R$3-Q43,"U") -> U | S43: FALL | T43: 1 | U43: Unassigned | V43: =VLOOKUP(P43,'PBT Tag Rates'!$B$5:$E$34,4,FALSE) -> #N/A | W43: 1 | X43: =IFERROR(LOOKUP(H43,{30,43,48,53,58,63,68,73,78,83,88,93,97},{42,47,52,57,62,67,72,77,82,87,92,99,100}),999) -> 67 | Y43: =IF(D43<$D$3,W43/$Y$3,W43/$Y$4) -> 1.7361111 | Z43: =Y43*(1+$Z$4) -> 1.7503472 | AA43: =IF(D43<$D$3,Z43/$AA$3,Z43/$AA$4) -> 15.753125 | AB43: abv
A44: OtsLGRF22S | B44: OtsLGRF22S_0343 | C44: C-00343 | D44: 44794 | E44: =IF(D44<=$D$3,60,18) -> 60 | F44: M | G44: 870 | H44: =G44/10 -> 87 | I44: AI | J44: NA | L44: M | M44: =IF(L44="U",F44,L44) -> M | N44: OtsNPFH18S_1_4331 | O44: OtsNPFH18S_1_4043 | P44: OtsNPFH18S_1 | Q44: 4 | R44: =IFERROR($R$3-Q44,"U") -> 2018 | S44: NA | T44: NA | U44: NPTH | V44: =VLOOKUP(P44,'PBT Tag Rates'!$B$5:$E$34,4,FALSE) -> 0.96828397 | W44: 1 | X44: =IFERROR(LOOKUP(H44,{30,43,48,53,58,63,68,73,78,83,88,93,97},{42,47,52,57,62,67,72,77,82,87,92,99,100}),999) -> 87 | Y44: =IF(D44<$D$3,W44/$Y$3,W44/$Y$4) -> 1.7361111 | Z44: =Y44*(1+$Z$4) -> 1.7503472 | AA44: =IF(D44<$D$3,Z44/$AA$3,Z44/$AA$4) -> 15.753125 | AB44: abv
A45: OtsLGRF22S | B45: OtsLGRF22S_0352 | C45: C-00352 | D45: 44794 | E45: =IF(D45<=$D$3,60,18) -> 60 | F45: U | G45: 620 | H45: =G45/10 -> 62 | I45: AD | J45: 1 | L45: M | M45: =IF(L45="U",F45,L45) -> M | N45: OtsLYON18S_1_2381 | O45: OtsLYON18S_1_2759 | P45: OtsLYON18S_1 | Q45: 4 | R45: =IFERROR($R$3-Q45,"U") -> 2018 | S45: NA | T45: NA | U45: LFHy | V45: =VLOOKUP(P45,'PBT Tag Rates'!$B$5:$E$34,4,FALSE) -> 0.80551598 | W45: 1 | X45: =IFERROR(LOOKUP(H45,{30,43,48,53,58,63,68,73,78,83,88,93,97},{42,47,52,57,62,67,72,77,82,87,92,99,100}),999) -> 62 | Y45: =IF(D45<$D$3,W45/$Y$3,W45/$Y$4) -> 1.7361111 | Z45: =Y45*(1+$Z$4) -> 1.7503472 | AA45: =IF(D45<$D$3,Z45/$AA$3,Z45/$AA$4) -> 15.753125 | AB45: blw
A46: OtsLGRF22S | B46: OtsLGRF22S_0361 | C46: C-00361 | D46: 44794 | E46: =IF(D46<=$D$3,60,18) -> 60 | F46: M | G46: 850 | H46: =G46/10 -> 85 | I46: AI | J46: NA | L46: M | M46: =IF(L46="U",F46,L46) -> M | N46: OtsLYON18S_1_0706 | O46: OtsLYON18S_1_0525 | P46: OtsLYON18S_1 | Q46: 4 | R46: =IFERROR($R$3-Q46,"U") -> 2018 | S46: NA | T46: NA | U46: BCAe | V46: =VLOOKUP(P46,'PBT Tag Rates'!$B$5:$E$34,4,FALSE) -> 0.80551598 | W46: 1 | X46: =IFERROR(LOOKUP(H46,{30,43,48,53,58,63,68,73,78,83,88,93,97},{42,47,52,57,62,67,72,77,82,87,92,99,100}),999) -> 87 | Y46: =IF(D46<$D$3,W46/$Y$3,W46/$Y$4) -> 1.7361111 | Z46: =Y46*(1+$Z$4) -> 1.7503472 | AA46: =IF(D46<$D$3,Z46/$AA$3,Z46/$AA$4) -> 15.753125 | AB46: abv
A47: OtsLGRF22S | B47: OtsLGRF22S_0370 | C47: C-00370 | D47: 44794 | E47: =IF(D47<=$D$3,60,18) -> 60 | F47: F | G47: 790 | H47: =G47/10 -> 79 | I47: AD | J47: 1 | L47: F | M47: =IF(L47="U",F47,L47) -> F | N47: OtsNPFH18S_1_3343 | O47: OtsNPFH18S_1_3105 | P47: OtsNPFH18S_1 | Q47: 4 | R47: =IFERROR($R$3-Q47,"U") -> 2018 | S47: NA | T47: NA | U47: NLVA | V47: =VLOOKUP(P47,'PBT Tag Rates'!$B$5:$E$34,4,FALSE) -> 0.96828397 | W47: 1 | X47: =IFERROR(LOOKUP(H47,{30,43,48,53,58,63,68,73,78,83,88,93,97},{42,47,52,57,62,67,72,77,82,87,92,99,100}),999) -> 82 | Y47: =IF(D47<$D$3,W47/$Y$3,W47/$Y$4) -> 1.7361111 | Z47: =Y47*(1+$Z$4) -> 1.7503472 | AA47: =IF(D47<$D$3,Z47/$AA$3,Z47/$AA$4) -> 15.753125 | AB47: abv
A48: OtsLGRF22S | B48: OtsLGRF22S_0379 | C48: C-00379 | D48: 44794 | E48: =IF(D48<=$D$3,60,18) -> 60 | F48: M | G48: 750 | H48: =G48/10 -> 75 | I48: AD | J48: 1 | L48: M | M48: =IF(L48="U",F48,L48) -> M | N48: OtsLYON18S_1_0725 | O48: OtsLYON18S_1_0818 | P48: OtsLYON18S_1 | Q48: 4 | R48: =IFERROR($R$3-Q48,"U") -> 2018 | S48: NA | T48: NA | U48: CJAe | V48: =VLOOKUP(P48,'PBT Tag Rates'!$B$5:$E$34,4,FALSE) -> 0.80551598 | W48: 1 | X48: =IFERROR(LOOKUP(H48,{30,43,48,53,58,63,68,73,78,83,88,93,97},{42,47,52,57,62,67,72,77,82,87,92,99,100}),999) -> 77 | Y48: =IF(D48<$D$3,W48/$Y$3,W48/$Y$4) -> 1.7361111 | Z48: =Y48*(1+$Z$4) -> 1.7503472 | AA48: =IF(D48<$D$3,Z48/$AA$3,Z48/$AA$4) -> 15.753125 | AB48: abv
A49: OtsLGRF22S | B49: OtsLGRF22S_0388 | C49: C-00388 | D49: 44795 | E49: =IF(D49<=$D$3,60,18) -> 60 | F49: F | G49: 890 | H49: =G49/10 -> 89 | I49: AI | J49: NA | L49: F | M49: =IF(L49="U",F49,L49) -> F | N49: NA | O49: NA | P49: Unassigned | Q49: NA | R49: =IFERROR($R$3-Q49,"U") -> U | S49: FALL | T49: 1 | U49: Unassigned | V49: =VLOOKUP(P49,'PBT Tag Rates'!$B$5:$E$34,4,FALSE) -> #N/A | W49: 1 | X49: =IFERROR(LOOKUP(H49,{30,43,48,53,58,63,68,73,78,83,88,93,97},{42,47,52,57,62,67,72,77,82,87,92,99,100}),999) -> 92 | Y49: =IF(D49<$D$3,W49/$Y$3,W49/$Y$4) -> 1.7361111 | Z49: =Y49*(1+$Z$4) -> 1.7503472 | AA49: =IF(D49<$D$3,Z49/$AA$3,Z49/$AA$4) -> 15.753125 | AB49: abv
A50: OtsLGRF22S | B50: OtsLGRF22S_0397 | C50: C-00397 | D50: 44795 | E50: =IF(D50<=$D$3,60,18) -> 60 | F50: F | G50: 770 | H50: =G50/10 -> 77 | I50: AI | J50: NA | L50: F | M50: =IF(L50="U",F50,L50) -> F | N50: OtsLYON18S_1_0123 | O50: OtsLYON18S_1_0244 | P50: OtsLYON18S_1 | Q50: 4 | R50: =IFERROR($R$3-Q50,"U") -> 2018 | S50: NA | T50: NA | U50: PLAe | V50: =VLOOKUP(P50,'PBT Tag Rates'!$B$5:$E$34,4,FALSE) -> 0.80551598 | W50: 1 | X50: =IFERROR(LOOKUP(H50,{30,43,48,53,58,63,68,73,78,83,88,93,97},{42,47,52,57,62,67,72,77,82,87,92,99,100}),999) -> 77 | Y50: =IF(D50<$D$3,W50/$Y$3,W50/$Y$4) -> 1.7361111 | Z50: =Y50*(1+$Z$4) -> 1.7503472 | AA50: =IF(D50<$D$3,Z50/$AA$3,Z50/$AA$4) -> 15.753125 | AB50: abv
A51: OtsLGRF22S | B51: OtsLGRF22S_0406 | C51: C-00406 | D51: 44795 | E51: =IF(D51<=$D$3,60,18) -> 60 | F51: F | G51: 790 | H51: =G51/10 -> 79 | I51: AI | J51: NA | L51: F | M51: =IF(L51="U",F51,L51) -> F | N51: OtsLYON18S_1_0761 | O51: OtsLYON18S_1_0691 | P51: OtsLYON18S_1 | Q51: 4 | R51: =IFERROR($R$3-Q51,"U") -> 2018 | S51: NA | T51: NA | U51: LFHs | V51: =VLOOKUP(P51,'PBT Tag Rates'!$B$5:$E$34,4,FALSE) -> 0.80551598 | W51: 1 | X51: =IFERROR(LOOKUP(H51,{30,43,48,53,58,63,68,73,78,83,88,93,97},{42,47,52,57,62,67,72,77,82,87,92,99,100}),999) -> 82 | Y51: =IF(D51<$D$3,W51/$Y$3,W51/$Y$4) -> 1.7361111 | Z51: =Y51*(1+$Z$4) -> 1.7503472 | AA51: =IF(D51<$D$3,Z51/$AA$3,Z51/$AA$4) -> 15.753125 | AB51: blw
A52: OtsLGRF22S | B52: OtsLGRF22S_0415 | C52: C-00415 | D52: 44795 | E52: =IF(D52<=$D$3,60,18) -> 60 | F52: F | G52: 740 | H52: =G52/10 -> 74 | I52: AI | J52: NA | L52: F | M52: =IF(L52="U",F52,L52) -> F | N52: NA | O52: NA | P52: Unassigned | Q52: NA | R52: =IFERROR($R$3-Q52,"U") -> U | S52: SFSALM | T52: 0.78152442 | U52: Unassigned | V52: =VLOOKUP(P52,'PBT Tag Rates'!$B$5:$E$34,4,FALSE) -> #N/A | W52: 1 | X52: =IFERROR(LOOKUP(H52,{30,43,48,53,58,63,68,73,78,83,88,93,97},{42,47,52,57,62,67,72,77,82,87,92,99,100}),999) -> 77 | Y52: =IF(D52<$D$3,W52/$Y$3,W52/$Y$4) -> 1.7361111 | Z52: =Y52*(1+$Z$4) -> 1.7503472 | AA52: =IF(D52<$D$3,Z52/$AA$3,Z52/$AA$4) -> 15.753125 | AB52: abv
A53: OtsLGRF22S | B53: OtsLGRF22S_0424 | C53: C-00424 | D53: 44795 | E53: =IF(D53<=$D$3,60,18) -> 60 | F53: U | G53: 600 | H53: =G53/10 -> 60 | I53: AI | J53: NA | L53: M | M53: =IF(L53="U",F53,L53) -> M | N53: OtsLYON19S_1_0132 | O53: OtsLYON19S_1_0087 | P53: OtsLYON19S_1 | Q53: 3 | R53: =IFERROR($R$3-Q53,"U") -> 2019 | S53: NA | T53: NA | U53: PLAe | V53: =VLOOKUP(P53,'PBT Tag Rates'!$B$5:$E$34,4,FALSE) -> 0.95971981 | W53: 1 | X53: =IFERROR(LOOKUP(H53,{30,43,48,53,58,63,68,73,78,83,88,93,97},{42,47,52,57,62,67,72,77,82,87,92,99,100}),999) -> 62 | Y53: =IF(D53<$D$3,W53/$Y$3,W53/$Y$4) -> 1.7361111 | Z53: =Y53*(1+$Z$4) -> 1.7503472 | AA53: =IF(D53<$D$3,Z53/$AA$3,Z53/$AA$4) -> 15.753125 | AB53: abv
A54: OtsLGRF22S | B54: OtsLGRF22S_0433 | C54: C-00433 | D54: 44795 | E54: =IF(D54<=$D$3,60,18) -> 60 | F54: U | G54: 570 | H54: =G54/10 -> 57 | I54: AI | J54: NA | L54: M | M54: =IF(L54="U",F54,L54) -> M | N54: OtsLYON19S_1_0125 | O54: OtsLYON19S_1_0058 | P54: OtsLYON19S_1 | Q54: 3 | R54: =IFERROR($R$3-Q54,"U") -> 2019 | S54: NA | T54: NA | U54: PLAe | V54: =VLOOKUP(P54,'PBT Tag Rates'!$B$5:$E$34,4,FALSE) -> 0.95971981 | W54: 1 | X54: =IFERROR(LOOKUP(H54,{30,43,48,53,58,63,68,73,78,83,88,93,97},{42,47,52,57,62,67,72,77,82,87,92,99,100}),999) -> 57 | Y54: =IF(D54<$D$3,W54/$Y$3,W54/$Y$4) -> 1.7361111 | Z54: =Y54*(1+$Z$4) -> 1.7503472 | AA54: =IF(D54<$D$3,Z54/$AA$3,Z54/$AA$4) -> 15.753125 | AB54: abv
A55: OtsLGRF22S | B55: OtsLGRF22S_0442 | C55: C-00442 | D55: 44795 | E55: =IF(D55<=$D$3,60,18) -> 60 | F55: M | G55: 780 | H55: =G55/10 -> 78 | I55: AI | J55: NA | L55: M | M55: =IF(L55="U",F55,L55) -> M | N55: OtsLYON18S_1_1379 | O55: OtsLYON18S_1_1791 | P55: OtsLYON18S_1 | Q55: 4 | R55: =IFERROR($R$3-Q55,"U") -> 2018 | S55: NA | T55: NA | U55: LFH Ukn | V55: =VLOOKUP(P55,'PBT Tag Rates'!$B$5:$E$34,4,FALSE) -> 0.80551598 | W55: 1 | X55: =IFERROR(LOOKUP(H55,{30,43,48,53,58,63,68,73,78,83,88,93,97},{42,47,52,57,62,67,72,77,82,87,92,99,100}),999) -> 82 | Y55: =IF(D55<$D$3,W55/$Y$3,W55/$Y$4) -> 1.7361111 | Z55: =Y55*(1+$Z$4) -> 1.7503472 | AA55: =IF(D55<$D$3,Z55/$AA$3,Z55/$AA$4) -> 15.753125 | AB55: blw
A56: OtsLGRF22S | B56: OtsLGRF22S_0451 | C56: C-00451 | D56: 44795 | E56: =IF(D56<=$D$3,60,18) -> 60 | F56: F | G56: 840 | H56: =G56/10 -> 84 | I56: AI | J56: NA | L56: F | M56: =IF(L56="U",F56,L56) -> F | N56: NA | O56: NA | P56: Unassigned | Q56: NA | R56: =IFERROR($R$3-Q56,"U") -> U | S56: FALL | T56: 1 | U56: Unassigned | V56: =VLOOKUP(P56,'PBT Tag Rates'!$B$5:$E$34,4,FALSE) -> #N/A | W56: 1 | X56: =IFERROR(LOOKUP(H56,{30,43,48,53,58,63,68,73,78,83,88,93,97},{42,47,52,57,62,67,72,77,82,87,92,99,100}),999) -> 87 | Y56: =IF(D56<$D$3,W56/$Y$3,W56/$Y$4) -> 1.7361111 | Z56: =Y56*(1+$Z$4) -> 1.7503472 | AA56: =IF(D56<$D$3,Z56/$AA$3,Z56/$AA$4) -> 15.753125 | AB56: abv
A57: OtsLGRF22S | B57: OtsLGRF22S_0460 | C57: C-00460 | D57: 44795 | E57: =IF(D57<=$D$3,60,18) -> 60 | F57: M | G57: 650 | H57: =G57/10 -> 65 | I57: AD | J57: 1 | L57: M | M57: =IF(L57="U",F57,L57) -> M | N57: OtsLYON19S_1_1740 | O57: OtsLYON19S_1_1988 | P57: OtsLYON19S_1 | Q57: 3 | R57: =IFERROR($R$3-Q57,"U") -> 2019 | S57: NA | T57: NA | U57: SRHC | V57: =VLOOKUP(P57,'PBT Tag Rates'!$B$5:$E$34,4,FALSE) -> 0.95971981 | W57: 1 | X57: =IFERROR(LOOKUP(H57,{30,43,48,53,58,63,68,73,78,83,88,93,97},{42,47,52,57,62,67,72,77,82,87,92,99,100}),999) -> 67 | Y57: =IF(D57<$D$3,W57/$Y$3,W57/$Y$4) -> 1.7361111 | Z57: =Y57*(1+$Z$4) -> 1.7503472 | AA57: =IF(D57<$D$3,Z57/$AA$3,Z57/$AA$4) -> 15.753125 | AB57: abv
A58: OtsLGRF22S | B58: OtsLGRF22S_0469 | C58: C-00469 | D58: 44795 | E58: =IF(D58<=$D$3,60,18) -> 60 | F58: F | G58: 760 | H58: =G58/10 -> 76 | I58: AI | J58: NA | L58: F | M58: =IF(L58="U",F58,L58) -> F | N58: OtsLYON18S_1_0714 | O58: OtsLYON18S_1_0563 | P58: OtsLYON18S_1 | Q58: 4 | R58: =IFERROR($R$3-Q58,"U") -> 2018 | S58: NA | T58: NA | U58: BCAe | V58: =VLOOKUP(P58,'PBT Tag Rates'!$B$5:$E$34,4,FALSE) -> 0.80551598 | W58: 1 | X58: =IFERROR(LOOKUP(H58,{30,43,48,53,58,63,68,73,78,83,88,93,97},{42,47,52,57,62,67,72,77,82,87,92,99,100}),999) -> 77 | Y58: =IF(D58<$D$3,W58/$Y$3,W58/$Y$4) -> 1.7361111 | Z58: =Y58*(1+$Z$4) -> 1.7503472 | AA58: =IF(D58<$D$3,Z58/$AA$3,Z58/$AA$4) -> 15.753125 | AB58: abv
A59: OtsLGRF22S | B59: OtsLGRF22S_0478 | C59: C-00478 | D59: 44795 | E59: =IF(D59<=$D$3,60,18) -> 60 | F59: M | G59: 790 | H59: =G59/10 -> 79 | I59: AD | J59: 1 | L59: M | M59: =IF(L59="U",F59,L59) -> M | N59: NA | O59: NA | P59: Unassigned | Q59: NA | R59: =IFERROR($R$3-Q59,"U") -> U | S59: FALL | T59: 1 | U59: Unassigned AD | V59: =VLOOKUP(P59,'PBT Tag Rates'!$B$5:$E$34,4,FALSE) -> #N/A | W59: 1 | X59: =IFERROR(LOOKUP(H59,{30,43,48,53,58,63,68,73,78,83,88,93,97},{42,47,52,57,62,67,72,77,82,87,92,99,100}),999) -> 82 | Y59: =IF(D59<$D$3,W59/$Y$3,W59/$Y$4) -> 1.7361111 | Z59: =Y59*(1+$Z$4) -> 1.7503472 | AA59: =IF(D59<$D$3,Z59/$AA$3,Z59/$AA$4) -> 15.753125 | AB59: abv
A60: OtsLGRF22S | B60: OtsLGRF22S_0487 | C60: C-00487 | D60: 44795 | E60: =IF(D60<=$D$3,60,18) -> 60 | F60: M | G60: 770 | H60: =G60/10 -> 77 | I60: AI | J60: NA | L60: M | M60: =IF(L60="U",F60,L60) -> M | N60: OtsNPFH18S_1_5340 | O60: OtsNPFH18S_1_5049 | P60: OtsNPFH18S_1 | Q60: 4 | R60: =IFERROR($R$3-Q60,"U") -> 2018 | S60: NA | T60: NA | U60: NPTH | V60: =VLOOKUP(P60,'PBT Tag Rates'!$B$5:$E$34,4,FALSE) -> 0.96828397 | W60: 1 | X60: =IFERROR(LOOKUP(H60,{30,43,48,53,58,63,68,73,78,83,88,93,97},{42,47,52,57,62,67,72,77,82,87,92,99,100}),999) -> 77 | Y60: =IF(D60<$D$3,W60/$Y$3,W60/$Y$4) -> 1.7361111 | Z60: =Y60*(1+$Z$4) -> 1.7503472 | AA60: =IF(D60<$D$3,Z60/$AA$3,Z60/$AA$4) -> 15.753125 | AB60: abv
A61: OtsLGRF22S | B61: OtsLGRF22S_0496 | C61: C-00496 | D61: 44795 | E61: =IF(D61<=$D$3,60,18) -> 60 | F61: F | G61: 830 | H61: =G61/10 -> 83 | I61: AI | J61: NA | L61: F | M61: =IF(L61="U",F61,L61) -> F | N61: OtsLYON18S_1_0108 | O61: OtsLYON18S_1_0046 | P61: OtsLYON18S_1 | Q61: 4 | R61: =IFERROR($R$3-Q61,"U") -> 2018 | S61: NA | T61: NA | U61: PLAe | V61: =VLOOKUP(P61,'PBT Tag Rates'!$B$5:$E$34,4,FALSE) -> 0.80551598 | W61: 1 | X61: =IFERROR(LOOKUP(H61,{30,43,48,53,58,63,68,73,78,83,88,93,97},{42,47,52,57,62,67,72,77,82,87,92,99,100}),999) -> 87 | Y61: =IF(D61<$D$3,W61/$Y$3,W61/$Y$4) -> 1.7361111 | Z61: =Y61*(1+$Z$4) -> 1.7503472 | AA61: =IF(D61<$D$3,Z61/$AA$3,Z61/$AA$4) -> 15.753125 | AB61: abv
A62: OtsLGRF22S | B62: OtsLGRF22S_0505 | C62: C-00505 | D62: 44795 | E62: =IF(D62<=$D$3,60,18) -> 60 | F62: M | G62: 830 | H62: =G62/10 -> 83 | I62: AI | J62: NA | L62: M | M62: =IF(L62="U",F62,L62) -> M | N62: NA | O62: NA | P62: Unassigned | Q62: NA | R62: =IFERROR($R$3-Q62,"U") -> U | S62: FALL | T62: 1 | U62: Unassigned | V62: =VLOOKUP(P62,'PBT Tag Rates'!$B$5:$E$34,4,FALSE) -> #N/A | W62: 1 | X62: =IFERROR(LOOKUP(H62,{30,43,48,53,58,63,68,73,78,83,88,93,97},{42,47,52,57,62,67,72,77,82,87,92,99,100}),999) -> 87 | Y62: =IF(D62<$D$3,W62/$Y$3,W62/$Y$4) -> 1.7361111 | Z62: =Y62*(1+$Z$4) -> 1.7503472 | AA62: =IF(D62<$D$3,Z62/$AA$3,Z62/$AA$4) -> 15.753125 | AB62: abv
A63: OtsLGRF22S | B63: OtsLGRF22S_0514 | C63: C-00514 | D63: 44795 | E63: =IF(D63<=$D$3,60,18) -> 60 | F63: F | G63: 830 | H63: =G63/10 -> 83 | I63: AI | J63: NA | L63: F | M63: =IF(L63="U",F63,L63) -> F | N63: NA | O63: NA | P63: Unassigned | Q63: NA | R63: =IFERROR($R$3-Q63,"U") -> U | S63: FALL | T63: 1 | U63: Unassigned | V63: =VLOOKUP(P63,'PBT Tag Rates'!$B$5:$E$34,4,FALSE) -> #N/A | W63: 1 | X63: =IFERROR(LOOKUP(H63,{30,43,48,53,58,63,68,73,78,83,88,93,97},{42,47,52,57,62,67,72,77,82,87,92,99,100}),999) -> 87 | Y63: =IF(D63<$D$3,W63/$Y$3,W63/$Y$4) -> 1.7361111 | Z63: =Y63*(1+$Z$4) -> 1.7503472 | AA63: =IF(D63<$D$3,Z63/$AA$3,Z63/$AA$4) -> 15.753125 | AB63: abv
A64: OtsLGRF22S | B64: OtsLGRF22S_0523 | C64: C-00523 | D64: 44795 | E64: =IF(D64<=$D$3,60,18) -> 60 | F64: F | G64: 810 | H64: =G64/10 -> 81 | I64: AD | J64: 1 | L64: F | M64: =IF(L64="U",F64,L64) -> F | N64: OtsNPFH18S_1_3321 | O64: OtsNPFH18S_1_3045 | P64: OtsNPFH18S_1 | Q64: 4 | R64: =IFERROR($R$3-Q64,"U") -> 2018 | S64: NA | T64: NA | U64: NLVA | V64: =VLOOKUP(P64,'PBT Tag Rates'!$B$5:$E$34,4,FALSE) -> 0.96828397 | W64: 1 | X64: =IFERROR(LOOKUP(H64,{30,43,48,53,58,63,68,73,78,83,88,93,97},{42,47,52,57,62,67,72,77,82,87,92,99,100}),999) -> 82 | Y64: =IF(D64<$D$3,W64/$Y$3,W64/$Y$4) -> 1.7361111 | Z64: =Y64*(1+$Z$4) -> 1.7503472 | AA64: =IF(D64<$D$3,Z64/$AA$3,Z64/$AA$4) -> 15.753125 | AB64: abv
A65: OtsLGRF22S | B65: OtsLGRF22S_0532 | C65: C-00532 | D65: 44795 | E65: =IF(D65<=$D$3,60,18) -> 60 | F65: U | G65: 670 | H65: =G65/10 -> 67 | I65: AI | J65: NA | L65: M | M65: =IF(L65="U",F65,L65) -> M | N65: OtsLYON18S_1_1468 | O65: OtsLYON18S_1_1862 | P65: OtsLYON18S_1 | Q65: 4 | R65: =IFERROR($R$3-Q65,"U") -> 2018 | S65: NA | T65: NA | U65: LFH Ukn | V65: =VLOOKUP(P65,'PBT Tag Rates'!$B$5:$E$34,4,FALSE) -> 0.80551598 | W65: 1 | X65: =IFERROR(LOOKUP(H65,{30,43,48,53,58,63,68,73,78,83,88,93,97},{42,47,52,57,62,67,72,77,82,87,92,99,100}),999) -> 67 | Y65: =IF(D65<$D$3,W65/$Y$3,W65/$Y$4) -> 1.7361111 | Z65: =Y65*(1+$Z$4) -> 1.7503472 | AA65: =IF(D65<$D$3,Z65/$AA$3,Z65/$AA$4) -> 15.753125 | AB65: blw
A66: OtsLGRF22S | B66: OtsLGRF22S_0541 | C66: C-00541 | D66: 44795 | E66: =IF(D66<=$D$3,60,18) -> 60 | F66: F | G66: 870 | H66: =G66/10 -> 87 | I66: AI | J66: NA | L66: F | M66: =IF(L66="U",F66,L66) -> F | N66: NA | O66: NA | P66: Unassigned | Q66: NA | R66: =IFERROR($R$3-Q66,"U") -> U | S66: FALL | T66: 1 | U66: Unassigned | V66: =VLOOKUP(P66,'PBT Tag Rates'!$B$5:$E$34,4,FALSE) -> #N/A | W66: 1 | X66: =IFERROR(LOOKUP(H66,{30,43,48,53,58,63,68,73,78,83,88,93,97},{42,47,52,57,62,67,72,77,82,87,92,99,100}),999) -> 87 | Y66: =IF(D66<$D$3,W66/$Y$3,W66/$Y$4) -> 1.7361111 | Z66: =Y66*(1+$Z$4) -> 1.7503472 | AA66: =IF(D66<$D$3,Z66/$AA$3,Z66/$AA$4) -> 15.753125 | AB66: abv
A67: OtsLGRF22S | B67: OtsLGRF22S_0550 | C67: C-00550 | D67: 44795 | E67: =IF(D67<=$D$3,60,18) -> 60 | F67: M | G67: 700 | H67: =G67/10 -> 70 | I67: AI | J67: NA | L67: M | M67: =IF(L67="U",F67,L67) -> M | N67: NA | O67: NA | P67: Unassigned | Q67: NA | R67: =IFERROR($R$3-Q67,"U") -> U | S67: FALL | T67: 1 | U67: Unassigned | V67: =VLOOKUP(P67,'PBT Tag Rates'!$B$5:$E$34,4,FALSE) -> #N/A | W67: 1 | X67: =IFERROR(LOOKUP(H67,{30,43,48,53,58,63,68,73,78,83,88,93,97},{42,47,52,57,62,67,72,77,82,87,92,99,100}),999) -> 72 | Y67: =IF(D67<$D$3,W67/$Y$3,W67/$Y$4) -> 1.7361111 | Z67: =Y67*(1+$Z$4) -> 1.7503472 | AA67: =IF(D67<$D$3,Z67/$AA$3,Z67/$AA$4) -> 15.753125 | AB67: abv
A68: OtsLGRF22S | B68: OtsLGRF22S_0559 | C68: C-00559 | D68: 44795 | E68: =IF(D68<=$D$3,60,18) -> 60 | F68: M | G68: 780 | H68: =G68/10 -> 78 | I68: AD | J68: 1 | L68: M | M68: =IF(L68="U",F68,L68) -> M | N68: NA | O68: NA | P68: Unassigned | Q68: NA | R68: =IFERROR($R$3-Q68,"U") -> U | S68: FALL | T68: 1 | U68: Unassigned AD | V68: =VLOOKUP(P68,'PBT Tag Rates'!$B$5:$E$34,4,FALSE) -> #N/A | W68: 1 | X68: =IFERROR(LOOKUP(H68,{30,43,48,53,58,63,68,73,78,83,88,93,97},{42,47,52,57,62,67,72,77,82,87,92,99,100}),999) -> 82 | Y68: =IF(D68<$D$3,W68/$Y$3,W68/$Y$4) -> 1.7361111 | Z68: =Y68*(1+$Z$4) -> 1.7503472 | AA68: =IF(D68<$D$3,Z68/$AA$3,Z68/$AA$4) -> 15.753125 | AB68: abv
A69: OtsLGRF22S | B69: OtsLGRF22S_0568 | C69: C-00568 | D69: 44795 | E69: =IF(D69<=$D$3,60,18) -> 60 | F69: F | G69: 790 | H69: =G69/10 -> 79 | I69: AI | J69: NA | L69: F | M69: =IF(L69="U",F69,L69) -> F | N69: OtsLYON18S_1_1383 | O69: OtsLYON18S_1_1799 | P69: OtsLYON18S_1 | Q69: 4 | R69: =IFERROR($R$3-Q69,"U") -> 2018 | S69: NA | T69: NA | U69: LFH Ukn | V69: =VLOOKUP(P69,'PBT Tag Rates'!$B$5:$E$34,4,FALSE) -> 0.80551598 | W69: 1 | X69: =IFERROR(LOOKUP(H69,{30,43,48,53,58,63,68,73,78,83,88,93,97},{42,47,52,57,62,67,72,77,82,87,92,99,100}),999) -> 82 | Y69: =IF(D69<$D$3,W69/$Y$3,W69/$Y$4) -> 1.7361111 | Z69: =Y69*(1+$Z$4) -> 1.7503472 | AA69: =IF(D69<$D$3,Z69/$AA$3,Z69/$AA$4) -> 15.753125 | AB69: blw
A70: OtsLGRF22S | B70: OtsLGRF22S_0577 | C70: C-00577 | D70: 44795 | E70: =IF(D70<=$D$3,60,18) -> 60 | F70: F | G70: 830 | H70: =G70/10 -> 83 | I70: AI | J70: NA | L70: F | M70: =IF(L70="U",F70,L70) -> F | N70: OtsLYON18S_1_0116 | O70: OtsLYON18S_1_0071 | P70: OtsLYON18S_1 | Q70: 4 | R70: =IFERROR($R$3-Q70,"U") -> 2018 | S70: NA | T70: NA | U70: PLAe | V70: =VLOOKUP(P70,'PBT Tag Rates'!$B$5:$E$34,4,FALSE) -> 0.80551598 | W70: 1 | X70: =IFERROR(LOOKUP(H70,{30,43,48,53,58,63,68,73,78,83,88,93,97},{42,47,52,57,62,67,72,77,82,87,92,99,100}),999) -> 87 | Y70: =IF(D70<$D$3,W70/$Y$3,W70/$Y$4) -> 1.7361111 | Z70: =Y70*(1+$Z$4) -> 1.7503472 | AA70: =IF(D70<$D$3,Z70/$AA$3,Z70/$AA$4) -> 15.753125 | AB70: abv
A71: OtsLGRF22S | B71: OtsLGRF22S_0586 | C71: C-00586 | D71: 44795 | E71: =IF(D71<=$D$3,60,18) -> 60 | F71: M | G71: 860 | H71: =G71/10 -> 86 | I71: AI | J71: NA | L71: M | M71: =IF(L71="U",F71,L71) -> M | N71: NA | O71: NA | P71: Unassigned | Q71: NA | R71: =IFERROR($R$3-Q71,"U") -> U | S71: FALL | T71: 1 | U71: Unassigned | V71: =VLOOKUP(P71,'PBT Tag Rates'!$B$5:$E$34,4,FALSE) -> #N/A | W71: 1 | X71: =IFERROR(LOOKUP(H71,{30,43,48,53,58,63,68,73,78,83,88,93,97},{42,47,52,57,62,67,72,77,82,87,92,99,100}),999) -> 87 | Y71: =IF(D71<$D$3,W71/$Y$3,W71/$Y$4) -> 1.7361111 | Z71: =Y71*(1+$Z$4) -> 1.7503472 | AA71: =IF(D71<$D$3,Z71/$AA$3,Z71/$AA$4) -> 15.753125 | AB71: abv
A72: OtsLGRF22S | B72: OtsLGRF22S_0595 | C72: C-00595 | D72: 44795 | E72: =IF(D72<=$D$3,60,18) -> 60 | F72: F | G72: 790 | H72: =G72/10 -> 79 | I72: AI | J72: NA | L72: M | M72: =IF(L72="U",F72,L72) -> M | N72: OtsLYON18S_1_1381 | O72: OtsLYON18S_1_1736 | P72: OtsLYON18S_1 | Q72: 4 | R72: =IFERROR($R$3-Q72,"U") -> 2018 | S72: NA | T72: NA | U72: LFH Ukn | V72: =VLOOKUP(P72,'PBT Tag Rates'!$B$5:$E$34,4,FALSE) -> 0.80551598 | W72: 1 | X72: =IFERROR(LOOKUP(H72,{30,43,48,53,58,63,68,73,78,83,88,93,97},{42,47,52,57,62,67,72,77,82,87,92,99,100}),999) -> 82 | Y72: =IF(D72<$D$3,W72/$Y$3,W72/$Y$4) -> 1.7361111 | Z72: =Y72*(1+$Z$4) -> 1.7503472 | AA72: =IF(D72<$D$3,Z72/$AA$3,Z72/$AA$4) -> 15.753125 | AB72: blw
A73: OtsLGRF22S | B73: OtsLGRF22S_0604 | C73: C-00604 | D73: 44795 | E73: =IF(D73<=$D$3,60,18) -> 60 | F73: M | G73: 710 | H73: =G73/10 -> 71 | I73: AI | J73: NA | L73: M | M73: =IF(L73="U",F73,L73) -> M | N73: OtsLYON18S_1_1323 | O73: OtsLYON18S_1_1647 | P73: OtsLYON18S_1 | Q73: 4 | R73: =IFERROR($R$3-Q73,"U") -> 2018 | S73: NA | T73: NA | U73: LFH Ukn | V73: =VLOOKUP(P73,'PBT Tag Rates'!$B$5:$E$34,4,FALSE) -> 0.80551598 | W73: 1 | X73: =IFERROR(LOOKUP(H73,{30,43,48,53,58,63,68,73,78,83,88,93,97},{42,47,52,57,62,67,72,77,82,87,92,99,100}),999) -> 72 | Y73: =IF(D73<$D$3,W73/$Y$3,W73/$Y$4) -> 1.7361111 | Z73: =Y73*(1+$Z$4) -> 1.7503472 | AA73: =IF(D73<$D$3,Z73/$AA$3,Z73/$AA$4) -> 15.753125 | AB73: blw
A74: OtsLGRF22S | B74: OtsLGRF22S_0613 | C74: C-00613 | D74: 44795 | E74: =IF(D74<=$D$3,60,18) -> 60 | F74: M | G74: 590 | H74: =G74/10 -> 59 | I74: AD | J74: 1 | L74: M | M74: =IF(L74="U",F74,L74) -> M | N74: OtsLYON19S_1_0106 | O74: OtsLYON19S_1_0014 | P74: OtsLYON19S_1 | Q74: 3 | R74: =IFERROR($R$3-Q74,"U") -> 2019 | S74: NA | T74: NA | U74: PLAe | V74: =VLOOKUP(P74,'PBT Tag Rates'!$B$5:$E$34,4,FALSE) -> 0.95971981 | W74: 1 | X74: =IFERROR(LOOKUP(H74,{30,43,48,53,58,63,68,73,78,83,88,93,97},{42,47,52,57,62,67,72,77,82,87,92,99,100}),999) -> 62 | Y74: =IF(D74<$D$3,W74/$Y$3,W74/$Y$4) -> 1.7361111 | Z74: =Y74*(1+$Z$4) -> 1.7503472 | AA74: =IF(D74<$D$3,Z74/$AA$3,Z74/$AA$4) -> 15.753125 | AB74: abv
A75: OtsLGRF22S | B75: OtsLGRF22S_0622 | C75: C-00622 | D75: 44796 | E75: =IF(D75<=$D$3,60,18) -> 60 | F75: U | G75: 610 | H75: =G75/10 -> 61 | I75: AI | J75: NA | L75: M | M75: =IF(L75="U",F75,L75) -> M | N75: OtsNPFH19S_1_4339 | O75: OtsNPFH19S_1_4006 | P75: OtsNPFH19S_1 | Q75: 3 | R75: =IFERROR($R$3-Q75,"U") -> 2019 | S75: NA | T75: NA | U75: NLVA | V75: =VLOOKUP(P75,'PBT Tag Rates'!$B$5:$E$34,4,FALSE) -> 0.99705232 | W75: 1 | X75: =IFERROR(LOOKUP(H75,{30,43,48,53,58,63,68,73,78,83,88,93,97},{42,47,52,57,62,67,72,77,82,87,92,99,100}),999) -> 62 | Y75: =IF(D75<$D$3,W75/$Y$3,W75/$Y$4) -> 1.7361111 | Z75: =Y75*(1+$Z$4) -> 1.7503472 | AA75: =IF(D75<$D$3,Z75/$AA$3,Z75/$AA$4) -> 15.753125 | AB75: abv
A76: OtsLGRF22S | B76: OtsLGRF22S_0631 | C76: C-00631 | D76: 44796 | E76: =IF(D76<=$D$3,60,18) -> 60 | F76: F | G76: 780 | H76: =G76/10 -> 78 | I76: AD | J76: 1 | L76: F | M76: =IF(L76="U",F76,L76) -> F | N76: NA | O76: NA | P76: Unassigned | Q76: NA | R76: =IFERROR($R$3-Q76,"U") -> U | S76: FALL | T76: 1 | U76: Unassigned AD | V76: =VLOOKUP(P76,'PBT Tag Rates'!$B$5:$E$34,4,FALSE) -> #N/A | W76: 1 | X76: =IFERROR(LOOKUP(H76,{30,43,48,53,58,63,68,73,78,83,88,93,97},{42,47,52,57,62,67,72,77,82,87,92,99,100}),999) -> 82 | Y76: =IF(D76<$D$3,W76/$Y$3,W76/$Y$4) -> 1.7361111 | Z76: =Y76*(1+$Z$4) -> 1.7503472 | AA76: =IF(D76<$D$3,Z76/$AA$3,Z76/$AA$4) -> 15.753125 | AB76: abv
A77: OtsLGRF22S | B77: OtsLGRF22S_0640 | C77: C-00640 | D77: 44796 | E77: =IF(D77<=$D$3,60,18) -> 60 | F77: F | G77: 710 | H77: =G77/10 -> 71 | I77: AD | J77: 1 | L77: F | M77: =IF(L77="U",F77,L77) -> F | N77: OtsLYON18S_1_0747 | O77: OtsLYON18S_1_0619 | P77: OtsLYON18S_1 | Q77: 4 | R77: =IFERROR($R$3-Q77,"U") -> 2018 | S77: NA | T77: NA | U77: LFH Ukn | V77: =VLOOKUP(P77,'PBT Tag Rates'!$B$5:$E$34,4,FALSE) -> 0.80551598 | W77: 1 | X77: =IFERROR(LOOKUP(H77,{30,43,48,53,58,63,68,73,78,83,88,93,97},{42,47,52,57,62,67,72,77,82,87,92,99,100}),999) -> 72 | Y77: =IF(D77<$D$3,W77/$Y$3,W77/$Y$4) -> 1.7361111 | Z77: =Y77*(1+$Z$4) -> 1.7503472 | AA77: =IF(D77<$D$3,Z77/$AA$3,Z77/$AA$4) -> 15.753125 | AB77: blw
A78: OtsLGRF22S | B78: OtsLGRF22S_0649 | C78: C-00649 | D78: 44796 | E78: =IF(D78<=$D$3,60,18) -> 60 | F78: M | G78: 760 | H78: =G78/10 -> 76 | I78: AD | J78: NA | L78: F | M78: =IF(L78="U",F78,L78) -> F | N78: OtsLYON18S_1_1325 | O78: OtsLYON18S_1_1637 | P78: OtsLYON18S_1 | Q78: 4 | R78: =IFERROR($R$3-Q78,"U") -> 2018 | S78: NA | T78: NA | U78: LFH Ukn | V78: =VLOOKUP(P78,'PBT Tag Rates'!$B$5:$E$34,4,FALSE) -> 0.80551598 | W78: 1 | X78: =IFERROR(LOOKUP(H78,{30,43,48,53,58,63,68,73,78,83,88,93,97},{42,47,52,57,62,67,72,77,82,87,92,99,100}),999) -> 77 | Y78: =IF(D78<$D$3,W78/$Y$3,W78/$Y$4) -> 1.7361111 | Z78: =Y78*(1+$Z$4) -> 1.7503472 | AA78: =IF(D78<$D$3,Z78/$AA$3,Z78/$AA$4) -> 15.753125 | AB78: blw
A79: OtsLGRF22S | B79: OtsLGRF22S_0658 | C79: C-00658 | D79: 44796 | E79: =IF(D79<=$D$3,60,18) -> 60 | F79: M | G79: 780 | H79: =G79/10 -> 78 | I79: AD | J79: 1 | L79: M | M79: =IF(L79="U",F79,L79) -> M | N79: NA | O79: NA | P79: Unassigned | Q79: NA | R79: =IFERROR($R$3-Q79,"U") -> U | S79: FALL | T79: 1 | U79: Unassigned AD | V79: =VLOOKUP(P79,'PBT Tag Rates'!$B$5:$E$34,4,FALSE) -> #N/A | W79: 1 | X79: =IFERROR(LOOKUP(H79,{30,43,48,53,58,63,68,73,78,83,88,93,97},{42,47,52,57,62,67,72,77,82,87,92,99,100}),999) -> 82 | Y79: =IF(D79<$D$3,W79/$Y$3,W79/$Y$4) -> 1.7361111 | Z79: =Y79*(1+$Z$4) -> 1.7503472 | AA79: =IF(D79<$D$3,Z79/$AA$3,Z79/$AA$4) -> 15.753125 | AB79: abv
A80: OtsLGRF22S | B80: OtsLGRF22S_0667 | C80: C-00667 | D80: 44796 | E80: =IF(D80<=$D$3,60,18) -> 60 | F80: M | G80: 760 | H80: =G80/10 -> 76 | I80: AI | J80: NA | L80: M | M80: =IF(L80="U",F80,L80) -> M | N80: NA | O80: NA | P80: Unassigned | Q80: NA | R80: =IFERROR($R$3-Q80,"U") -> U | S80: FALL | T80: 1 | U80: Unassigned | V80: =VLOOKUP(P80,'PBT Tag Rates'!$B$5:$E$34,4,FALSE) -> #N/A | W80: 1 | X80: =IFERROR(LOOKUP(H80,{30,43,48,53,58,63,68,73,78,83,88,93,97},{42,47,52,57,62,67,72,77,82,87,92,99,100}),999) -> 77 | Y80: =IF(D80<$D$3,W80/$Y$3,W80/$Y$4) -> 1.7361111 | Z80: =Y80*(1+$Z$4) -> 1.7503472 | AA80: =IF(D80<$D$3,Z80/$AA$3,Z80/$AA$4) -> 15.753125 | AB80: abv
A81: OtsLGRF22S | B81: OtsLGRF22S_0676 | C81: C-00676 | D81: 44796 | E81: =IF(D81<=$D$3,60,18) -> 60 | F81: M | G81: 760 | H81: =G81/10 -> 76 | I81: AD | J81: NA | L81: M | M81: =IF(L81="U",F81,L81) -> M | N81: OtsLYON18S_1_1472 | O81: OtsLYON18S_1_1863 | P81: OtsLYON18S_1 | Q81: 4 | R81: =IFERROR($R$3-Q81,"U") -> 2018 | S81: NA | T81: NA | U81: LFH Ukn | V81: =VLOOKUP(P81,'PBT Tag Rates'!$B$5:$E$34,4,FALSE) -> 0.80551598 | W81: 1 | X81: =IFERROR(LOOKUP(H81,{30,43,48,53,58,63,68,73,78,83,88,93,97},{42,47,52,57,62,67,72,77,82,87,92,99,100}),999) -> 77 | Y81: =IF(D81<$D$3,W81/$Y$3,W81/$Y$4) -> 1.7361111 | Z81: =Y81*(1+$Z$4) -> 1.7503472 | AA81: =IF(D81<$D$3,Z81/$AA$3,Z81/$AA$4) -> 15.753125 | AB81: blw
A82: OtsLGRF22S | B82: OtsLGRF22S_0685 | C82: C-00685 | D82: 44796 | E82: =IF(D82<=$D$3,60,18) -> 60 | F82: U | G82: 570 | H82: =G82/10 -> 57 | I82: AI | J82: NA | L82: M | M82: =IF(L82="U",F82,L82) -> M | N82: NA | O82: NA | P82: Unassigned | Q82: NA | R82: =IFERROR($R$3-Q82,"U") -> U | S82: FALL | T82: 1 | U82: Unassigned | V82: =VLOOKUP(P82,'PBT Tag Rates'!$B$5:$E$34,4,FALSE) -> #N/A | W82: 1 | X82: =IFERROR(LOOKUP(H82,{30,43,48,53,58,63,68,73,78,83,88,93,97},{42,47,52,57,62,67,72,77,82,87,92,99,100}),999) -> 57 | Y82: =IF(D82<$D$3,W82/$Y$3,W82/$Y$4) -> 1.7361111 | Z82: =Y82*(1+$Z$4) -> 1.7503472 | AA82: =IF(D82<$D$3,Z82/$AA$3,Z82/$AA$4) -> 15.753125 | AB82: abv
A83: OtsLGRF22S | B83: OtsLGRF22S_0694 | C83: C-00694 | D83: 44796 | E83: =IF(D83<=$D$3,60,18) -> 60 | F83: F | G83: 770 | H83: =G83/10 -> 77 | I83: AD | J83: 1 | L83: F | M83: =IF(L83="U",F83,L83) -> F | N83: OtsLYON18S_1_0738 | O83: OtsLYON18S_1_0875 | P83: OtsLYON18S_1 | Q83: 4 | R83: =IFERROR($R$3-Q83,"U") -> 2018 | S83: NA | T83: NA | U83: CJAe | V83: =VLOOKUP(P83,'PBT Tag Rates'!$B$5:$E$34,4,FALSE) -> 0.80551598 | W83: 1 | X83: =IFERROR(LOOKUP(H83,{30,43,48,53,58,63,68,73,78,83,88,93,97},{42,47,52,57,62,67,72,77,82,87,92,99,100}),999) -> 77 | Y83: =IF(D83<$D$3,W83/$Y$3,W83/$Y$4) -> 1.7361111 | Z83: =Y83*(1+$Z$4) -> 1.7503472 | AA83: =IF(D83<$D$3,Z83/$AA$3,Z83/$AA$4) -> 15.753125 | AB83: abv
A84: OtsLGRF22S | B84: OtsLGRF22S_0703 | C84: C-00703 | D84: 44796 | E84: =IF(D84<=$D$3,60,18) -> 60 | F84: U | G84: 680 | H84: =G84/10 -> 68 | I84: AI | J84: NA | L84: M | M84: =IF(L84="U",F84,L84) -> M | N84: OtsLYON19S_1_0132 | O84: OtsLYON19S_1_0086 | P84: OtsLYON19S_1 | Q84: 3 | R84: =IFERROR($R$3-Q84,"U") -> 2019 | S84: NA | T84: NA | U84: PLAe | V84: =VLOOKUP(P84,'PBT Tag Rates'!$B$5:$E$34,4,FALSE) -> 0.95971981 | W84: 1 | X84: =IFERROR(LOOKUP(H84,{30,43,48,53,58,63,68,73,78,83,88,93,97},{42,47,52,57,62,67,72,77,82,87,92,99,100}),999) -> 72 | Y84: =IF(D84<$D$3,W84/$Y$3,W84/$Y$4) -> 1.7361111 | Z84: =Y84*(1+$Z$4) -> 1.7503472 | AA84: =IF(D84<$D$3,Z84/$AA$3,Z84/$AA$4) -> 15.753125 | AB84: abv
A85: OtsLGRF22S | B85: OtsLGRF22S_0712 | C85: C-00712 | D85: 44796 | E85: =IF(D85<=$D$3,60,18) -> 60 | F85: F | G85: 850 | H85: =G85/10 -> 85 | I85: AI | J85: NA | L85: F | M85: =IF(L85="U",F85,L85) -> F | N85: OtsLYON18S_1_1005 | O85: OtsLYON18S_1_1135 | P85: OtsLYON18S_1 | Q85: 4 | R85: =IFERROR($R$3-Q85,"U") -> 2018 | S85: NA | T85: NA | U85: LFHs | V85: =VLOOKUP(P85,'PBT Tag Rates'!$B$5:$E$34,4,FALSE) -> 0.80551598 | W85: 1 | X85: =IFERROR(LOOKUP(H85,{30,43,48,53,58,63,68,73,78,83,88,93,97},{42,47,52,57,62,67,72,77,82,87,92,99,100}),999) -> 87 | Y85: =IF(D85<$D$3,W85/$Y$3,W85/$Y$4) -> 1.7361111 | Z85: =Y85*(1+$Z$4) -> 1.7503472 | AA85: =IF(D85<$D$3,Z85/$AA$3,Z85/$AA$4) -> 15.753125 | AB85: blw
A86: OtsLGRF22S | B86: OtsLGRF22S_0721 | C86: C-00721 | D86: 44796 | E86: =IF(D86<=$D$3,60,18) -> 60 | F86: F | G86: 770 | H86: =G86/10 -> 77 | I86: AI | J86: NA | L86: F | M86: =IF(L86="U",F86,L86) -> F | N86: OtsLYON18S_1_0720 | O86: OtsLYON18S_1_0595 | P86: OtsLYON18S_1 | Q86: 4 | R86: =IFERROR($R$3-Q86,"U") -> 2018 | S86: NA | T86: NA | U86: CJAe | V86: =VLOOKUP(P86,'PBT Tag Rates'!$B$5:$E$34,4,FALSE) -> 0.80551598 | W86: 1 | X86: =IFERROR(LOOKUP(H86,{30,43,48,53,58,63,68,73,78,83,88,93,97},{42,47,52,57,62,67,72,77,82,87,92,99,100}),999) -> 77 | Y86: =IF(D86<$D$3,W86/$Y$3,W86/$Y$4) -> 1.7361111 | Z86: =Y86*(1+$Z$4) -> 1.7503472 | AA86: =IF(D86<$D$3,Z86/$AA$3,Z86/$AA$4) -> 15.753125 | AB86: abv
A87: OtsLGRF22S | B87: OtsLGRF22S_0730 | C87: C-00730 | D87: 44796 | E87: =IF(D87<=$D$3,60,18) -> 60 | F87: M | G87: 930 | H87: =G87/10 -> 93 | I87: AI | J87: NA | L87: M | M87: =IF(L87="U",F87,L87) -> M | N87: OtsNPFH17S_1_4329 | O87: OtsNPFH17S_1_4052 | P87: OtsNPFH17S_1 | Q87: 5 | R87: =IFERROR($R$3-Q87,"U") -> 2017 | S87: NA | T87: NA | U87: NPTH | V87: =VLOOKUP(P87,'PBT Tag Rates'!$B$5:$E$34,4,FALSE) -> 0.98821807 | W87: 1 | X87: =IFERROR(LOOKUP(H87,{30,43,48,53,58,63,68,73,78,83,88,93,97},{42,47,52,57,62,67,72,77,82,87,92,99,100}),999) -> 99 | Y87: =IF(D87<$D$3,W87/$Y$3,W87/$Y$4) -> 1.7361111 | Z87: =Y87*(1+$Z$4) -> 1.7503472 | AA87: =IF(D87<$D$3,Z87/$AA$3,Z87/$AA$4) -> 15.753125 | AB87: abv
A88: OtsLGRF22S | B88: OtsLGRF22S_0739 | C88: C-00739 | D88: 44796 | E88: =IF(D88<=$D$3,60,18) -> 60 | F88: M | G88: 770 | H88: =G88/10 -> 77 | I88: AI | J88: NA | L88: M | M88: =IF(L88="U",F88,L88) -> M | N88: OtsNPFH18S_1_3306 | O88: OtsNPFH18S_1_3077 | P88: OtsNPFH18S_1 | Q88: 4 | R88: =IFERROR($R$3-Q88,"U") -> 2018 | S88: NA | T88: NA | U88: NLVA | V88: =VLOOKUP(P88,'PBT Tag Rates'!$B$5:$E$34,4,FALSE) -> 0.96828397 | W88: 1 | X88: =IFERROR(LOOKUP(H88,{30,43,48,53,58,63,68,73,78,83,88,93,97},{42,47,52,57,62,67,72,77,82,87,92,99,100}),999) -> 77 | Y88: =IF(D88<$D$3,W88/$Y$3,W88/$Y$4) -> 1.7361111 | Z88: =Y88*(1+$Z$4) -> 1.7503472 | AA88: =IF(D88<$D$3,Z88/$AA$3,Z88/$AA$4) -> 15.753125 | AB88: abv
A89: OtsLGRF22S | B89: OtsLGRF22S_0748 | C89: C-00748 | D89: 44796 | E89: =IF(D89<=$D$3,60,18) -> 60 | F89: M | G89: 850 | H89: =G89/10 -> 85 | I89: AI | J89: NA | L89: M | M89: =IF(L89="U",F89,L89) -> M | N89: OtsLYON18S_1_1963 | O89: OtsLYON18S_1_1578 | P89: OtsLYON18S_1 | Q89: 4 | R89: =IFERROR($R$3-Q89,"U") -> 2018 | S89: NA | T89: NA | U89: LFH Ukn | V89: =VLOOKUP(P89,'PBT Tag Rates'!$B$5:$E$34,4,FALSE) -> 0.80551598 | W89: 1 | X89: =IFERROR(LOOKUP(H89,{30,43,48,53,58,63,68,73,78,83,88,93,97},{42,47,52,57,62,67,72,77,82,87,92,99,100}),999) -> 87 | Y89: =IF(D89<$D$3,W89/$Y$3,W89/$Y$4) -> 1.7361111 | Z89: =Y89*(1+$Z$4) -> 1.7503472 | AA89: =IF(D89<$D$3,Z89/$AA$3,Z89/$AA$4) -> 15.753125 | AB89: blw
A90: OtsLGRF22S | B90: OtsLGRF22S_0757 | C90: C-00757 | D90: 44796 | E90: =IF(D90<=$D$3,60,18) -> 60 | F90: U | G90: 660 | H90: =G90/10 -> 66 | I90: AD | J90: 1 | L90: M | M90: =IF(L90="U",F90,L90) -> M | N90: OtsLYON19S_1_0124 | O90: OtsLYON19S_1_0071 | P90: OtsLYON19S_1 | Q90: 3 | R90: =IFERROR($R$3-Q90,"U") -> 2019 | S90: NA | T90: NA | U90: PLAe | V90: =VLOOKUP(P90,'PBT Tag Rates'!$B$5:$E$34,4,FALSE) -> 0.95971981 | W90: 1 | X90: =IFERROR(LOOKUP(H90,{30,43,48,53,58,63,68,73,78,83,88,93,97},{42,47,52,57,62,67,72,77,82,87,92,99,100}),999) -> 67 | Y90: =IF(D90<$D$3,W90/$Y$3,W90/$Y$4) -> 1.7361111 | Z90: =Y90*(1+$Z$4) -> 1.7503472 | AA90: =IF(D90<$D$3,Z90/$AA$3,Z90/$AA$4) -> 15.753125 | AB90: abv
A91: OtsLGRF22S | B91: OtsLGRF22S_0766 | C91: C-00766 | D91: 44796 | E91: =IF(D91<=$D$3,60,18) -> 60 | F91: U | G91: 360 | H91: =G91/10 -> 36 | I91: AI | J91: NA | L91: M | M91: =IF(L91="U",F91,L91) -> M | N91: NA | O91: NA | P91: Unassigned | Q91: NA | R91: =IFERROR($R$3-Q91,"U") -> U | S91: FALL | T91: 1 | U91: Unassigned | V91: =VLOOKUP(P91,'PBT Tag Rates'!$B$5:$E$34,4,FALSE) -> #N/A | W91: 1 | X91: =IFERROR(LOOKUP(H91,{30,43,48,53,58,63,68,73,78,83,88,93,97},{42,47,52,57,62,67,72,77,82,87,92,99,100}),999) -> 42 | Y91: =IF(D91<$D$3,W91/$Y$3,W91/$Y$4) -> 1.7361111 | Z91: =Y91*(1+$Z$4) -> 1.7503472 | AA91: =IF(D91<$D$3,Z91/$AA$3,Z91/$AA$4) -> 15.753125 | AB91: abv
A92: OtsLGRF22S | B92: OtsLGRF22S_0775 | C92: C-00775 | D92: 44796 | E92: =IF(D92<=$D$3,60,18) -> 60 | F92: U | G92: 510 | H92: =G92/10 -> 51 | I92: AI | J92: NA | L92: M | M92: =IF(L92="U",F92,L92) -> M | N92: NA | O92: NA | P92: Unassigned | Q92: NA | R92: =IFERROR($R$3-Q92,"U") -> U | S92: FALL | T92: 1 | U92: Unassigned | V92: =VLOOKUP(P92,'PBT Tag Rates'!$B$5:$E$34,4,FALSE) -> #N/A | W92: 1 | X92: =IFERROR(LOOKUP(H92,{30,43,48,53,58,63,68,73,78,83,88,93,97},{42,47,52,57,62,67,72,77,82,87,92,99,100}),999) -> 52 | Y92: =IF(D92<$D$3,W92/$Y$3,W92/$Y$4) -> 1.7361111 | Z92: =Y92*(1+$Z$4) -> 1.7503472 | AA92: =IF(D92<$D$3,Z92/$AA$3,Z92/$AA$4) -> 15.753125 | AB92: abv
A93: OtsLGRF22S | B93: OtsLGRF22S_0784 | C93: C-00784 | D93: 44796 | E93: =IF(D93<=$D$3,60,18) -> 60 | F93: U | G93: 660 | H93: =G93/10 -> 66 | I93: AD | J93: 1 | L93: M | M93: =IF(L93="U",F93,L93) -> M | N93: OtsLYON19S_1_0125 | O93: OtsLYON19S_1_0056 | P93: OtsLYON19S_1 | Q93: 3 | R93: =IFERROR($R$3-Q93,"U") -> 2019 | S93: NA | T93: NA | U93: PLAe | V93: =VLOOKUP(P93,'PBT Tag Rates'!$B$5:$E$34,4,FALSE) -> 0.95971981 | W93: 1 | X93: =IFERROR(LOOKUP(H93,{30,43,48,53,58,63,68,73,78,83,88,93,97},{42,47,52,57,62,67,72,77,82,87,92,99,100}),999) -> 67 | Y93: =IF(D93<$D$3,W93/$Y$3,W93/$Y$4) -> 1.7361111 | Z93: =Y93*(1+$Z$4) -> 1.7503472 | AA93: =IF(D93<$D$3,Z93/$AA$3,Z93/$AA$4) -> 15.753125 | AB93: abv
A94: OtsLGRF22S | B94: OtsLGRF22S_0793 | C94: C-00793 | D94: 44796 | E94: =IF(D94<=$D$3,60,18) -> 60 | F94: F | G94: 730 | H94: =G94/10 -> 73 | I94: AD | J94: 1 | L94: F | M94: =IF(L94="U",F94,L94) -> F | N94: NA | O94: NA | P94: Unassigned | Q94: NA | R94: =IFERROR($R$3-Q94,"U") -> U | S94: FALL | T94: 1 | U94: Unassigned AD | V94: =VLOOKUP(P94,'PBT Tag Rates'!$B$5:$E$34,4,FALSE) -> #N/A | W94: 1 | X94: =IFERROR(LOOKUP(H94,{30,43,48,53,58,63,68,73,78,83,88,93,97},{42,47,52,57,62,67,72,77,82,87,92,99,100}),999) -> 77 | Y94: =IF(D94<$D$3,W94/$Y$3,W94/$Y$4) -> 1.7361111 | Z94: =Y94*(1+$Z$4) -> 1.7503472 | AA94: =IF(D94<$D$3,Z94/$AA$3,Z94/$AA$4) -> 15.753125 | AB94: abv
A95: OtsLGRF22S | B95: OtsLGRF22S_0803 | C95: C-00803 | D95: 44796 | E95: =IF(D95<=$D$3,60,18) -> 60 | F95: F | G95: 800 | H95: =G95/10 -> 80 | I95: AD | J95: 1 | L95: F | M95: =IF(L95="U",F95,L95) -> F | N95: NA | O95: NA | P95: Unassigned | Q95: NA | R95: =IFERROR($R$3-Q95,"U") -> U | S95: FALL | T95: 1 | U95: Unassigned AD | V95: =VLOOKUP(P95,'PBT Tag Rates'!$B$5:$E$34,4,FALSE) -> #N/A | W95: 1 | X95: =IFERROR(LOOKUP(H95,{30,43,48,53,58,63,68,73,78,83,88,93,97},{42,47,52,57,62,67,72,77,82,87,92,99,100}),999) -> 82 | Y95: =IF(D95<$D$3,W95/$Y$3,W95/$Y$4) -> 1.7361111 | Z95: =Y95*(1+$Z$4) -> 1.7503472 | AA95: =IF(D95<$D$3,Z95/$AA$3,Z95/$AA$4) -> 15.753125 | AB95: abv
A96: OtsLGRF22S | B96: OtsLGRF22S_0812 | C96: C-00812 | D96: 44796 | E96: =IF(D96<=$D$3,60,18) -> 60 | F96: F | G96: 860 | H96: =G96/10 -> 86 | I96: AI | J96: NA | L96: F | M96: =IF(L96="U",F96,L96) -> F | N96: NA | O96: NA | P96: Unassigned | Q96: NA | R96: =IFERROR($R$3-Q96,"U") -> U | S96: FALL | T96: 1 | U96: Unassigned | V96: =VLOOKUP(P96,'PBT Tag Rates'!$B$5:$E$34,4,FALSE) -> #N/A | W96: 1 | X96: =IFERROR(LOOKUP(H96,{30,43,48,53,58,63,68,73,78,83,88,93,97},{42,47,52,57,62,67,72,77,82,87,92,99,100}),999) -> 87 | Y96: =IF(D96<$D$3,W96/$Y$3,W96/$Y$4) -> 1.7361111 | Z96: =Y96*(1+$Z$4) -> 1.7503472 | AA96: =IF(D96<$D$3,Z96/$AA$3,Z96/$AA$4) -> 15.753125 | AB96: abv
A97: OtsLGRF22S | B97: OtsLGRF22S_0821 | C97: C-00821 | D97: 44796 | E97: =IF(D97<=$D$3,60,18) -> 60 | F97: F | G97: 790 | H97: =G97/10 -> 79 | I97: AI | J97: NA | L97: F | M97: =IF(L97="U",F97,L97) -> F | N97: NA | O97: NA | P97: Unassigned | Q97: NA | R97: =IFERROR($R$3-Q97,"U") -> U | S97: FALL | T97: 1 | U97: Unassigned | V97: =VLOOKUP(P97,'PBT Tag Rates'!$B$5:$E$34,4,FALSE) -> #N/A | W97: 1 | X97: =IFERROR(LOOKUP(H97,{30,43,48,53,58,63,68,73,78,83,88,93,97},{42,47,52,57,62,67,72,77,82,87,92,99,100}),999) -> 82 | Y97: =IF(D97<$D$3,W97/$Y$3,W97/$Y$4) -> 1.7361111 | Z97: =Y97*(1+$Z$4) -> 1.7503472 | AA97: =IF(D97<$D$3,Z97/$AA$3,Z97/$AA$4) -> 15.753125 | AB97: abv
A98: OtsLGRF22S | B98: OtsLGRF22S_0830 | C98: C-00830 | D98: 44796 | E98: =IF(D98<=$D$3,60,18) -> 60 | F98: U | G98: 660 | H98: =G98/10 -> 66 | I98: AD | J98: 1 | L98: M | M98: =IF(L98="U",F98,L98) -> M | N98: OtsLYON18S_1_0118 | O98: OtsLYON18S_1_0210 | P98: OtsLYON18S_1 | Q98: 4 | R98: =IFERROR($R$3-Q98,"U") -> 2018 | S98: NA | T98: NA | U98: PLAe | V98: =VLOOKUP(P98,'PBT Tag Rates'!$B$5:$E$34,4,FALSE) -> 0.80551598 | W98: 1 | X98: =IFERROR(LOOKUP(H98,{30,43,48,53,58,63,68,73,78,83,88,93,97},{42,47,52,57,62,67,72,77,82,87,92,99,100}),999) -> 67 | Y98: =IF(D98<$D$3,W98/$Y$3,W98/$Y$4) -> 1.7361111 | Z98: =Y98*(1+$Z$4) -> 1.7503472 | AA98: =IF(D98<$D$3,Z98/$AA$3,Z98/$AA$4) -> 15.753125 | AB98: abv
A99: OtsLGRF22S | B99: OtsLGRF22S_0839 | C99: C-00839 | D99: 44796 | E99: =IF(D99<=$D$3,60,18) -> 60 | F99: M | G99: 760 | H99: =G99/10 -> 76 | I99: AI | J99: NA | L99: M | M99: =IF(L99="U",F99,L99) -> M | N99: NA | O99: NA | P99: Unassigned | Q99: NA | R99: =IFERROR($R$3-Q99,"U") -> U | S99: FALL | T99: 1 | U99: Unassigned | V99: =VLOOKUP(P99,'PBT Tag Rates'!$B$5:$E$34,4,FALSE) -> #N/A | W99: 1 | X99: =IFERROR(LOOKUP(H99,{30,43,48,53,58,63,68,73,78,83,88,93,97},{42,47,52,57,62,67,72,77,82,87,92,99,100}),999) -> 77 | Y99: =IF(D99<$D$3,W99/$Y$3,W99/$Y$4) -> 1.7361111 | Z99: =Y99*(1+$Z$4) -> 1.7503472 | AA99: =IF(D99<$D$3,Z99/$AA$3,Z99/$AA$4) -> 15.753125 | AB99: abv
A100: OtsLGRF22S | B100: OtsLGRF22S_0848 | C100: C-00848 | D100: 44796 | E100: =IF(D100<=$D$3,60,18) -> 60 | F100: F | G100: 820 | H100: =G100/10 -> 82 | I100: AD | J100: NA | L100: F | M100: =IF(L100="U",F100,L100) -> F | N100: OtsNPFH18S_1_3342 | O100: OtsNPFH18S_1_3052 | P100: OtsNPFH18S_1 | Q100: 4 | R100: =IFERROR($R$3-Q100,"U") -> 2018 | S100: NA | T100: NA | U100: NLVA | V100: =VLOOKUP(P100,'PBT Tag Rates'!$B$5:$E$34,4,FALSE) -> 0.96828397 | W100: 1 | X100: =IFERROR(LOOKUP(H100,{30,43,48,53,58,63,68,73,78,83,88,93,97},{42,47,52,57,62,67,72,77,82,87,92,99,100}),999) -> 82 | Y100: =IF(D100<$D$3,W100/$Y$3,W100/$Y$4) -> 1.7361111 | Z100: =Y100*(1+$Z$4) -> 1.7503472 | AA100: =IF(D100<$D$3,Z100/$AA$3,Z100/$AA$4) -> 15.753125 | AB100: abv
...

Sheet age-length prop
G1: sum check | I1: =SUM(D5:P6) -> 19018.318 | P1: =I1+I65 -> 53490.452 | T1: sum check | V1: =SUM(Q8:AC63) -> 19018.318 | AH1: sum check | AJ1: =SUM(AE8:AQ63) -> 16065.029 | AZ1: Fallback Reacension rate | BN1: sum check | BP1: =SUM(BK8:BW63) -> 2137.9731 | CD1: sum check | CF1: =SUM(CA8:CM61) -> 1178.6157 | CJ1: sum check | CL1: =CF1+CT1 -> 2137.9731 | CR1: sum check | CT1: =SUM(CO8:DA61) -> 959.35732
D2: proportion NG (no genotype) fish by FL | T2: all | V2: =SUM(Q8:AC63) -> 19018.318 | AJ2: =AJ1-BP1 -> 13927.055 | AV2: run year | BA2: adlt | BB2: jack | BD2: Final estimates of hatchery assigned fish by release site | BY2: count of AD and AI fish to est % AD, known hat fish
A3: AD | B3: NG | D3: =SUMIFS('Individual Data'!$AA$6:$AA$3142,'Individual Data'!$U$6:$U$3142,'age-length prop'!$B3,'Individual Data'!$I$6:$I$3142,'age-length prop'!$A3,'Individual Data'!$X$6:$X$3142,'age-length prop'!D$7,'Individual Data'!$M$6:$M$3142,'age-length prop'!$B$6) -> 0 | E3: =SUMIFS('Individual Data'!$AA$6:$AA$3142,'Individual Data'!$U$6:$U$3142,'age-length prop'!$B3,'Individual Data'!$I$6:$I$3142,'age-length prop'!$A3,'Individual Data'!$X$6:$X$3142,'age-length prop'!E$7,'Individual Data'!$M$6:$M$3142,'age-length prop'!$B$6) -> 0 | F3: =SUMIFS('Individual Data'!$AA$6:$AA$3142,'Individual Data'!$U$6:$U$3142,'age-length prop'!$B3,'Individual Data'!$I$6:$I$3142,'age-length prop'!$A3,'Individual Data'!$X$6:$X$3142,'age-length prop'!F$7,'Individual Data'!$M$6:$M$3142,'age-length prop'!$B$6) -> 0 | G3: =SUMIFS('Individual Data'!$AA$6:$AA$3142,'Individual Data'!$U$6:$U$3142,'age-length prop'!$B3,'Individual Data'!$I$6:$I$3142,'age-length prop'!$A3,'Individual Data'!$X$6:$X$3142,'age-length prop'!G$7,'Individual Data'!$M$6:$M$3142,'age-length prop'!$B$6) -> 0 | H3: =SUMIFS('Individual Data'!$AA$6:$AA$3142,'Individual Data'!$U$6:$U$3142,'age-length prop'!$B3,'Individual Data'!$I$6:$I$3142,'age-length prop'!$A3,'Individual Data'!$X$6:$X$3142,'age-length prop'!H$7,'Individual Data'!$M$6:$M$3142,'age-length prop'!$B$6) -> 0 | I3: =SUMIFS('Individual Data'!$AA$6:$AA$3142,'Individual Data'!$U$6:$U$3142,'age-length prop'!$B3,'Individual Data'!$I$6:$I$3142,'age-length prop'!$A3,'Individual Data'!$X$6:$X$3142,'age-length prop'!I$7,'Individual Data'!$M$6:$M$3142,'age-length prop'!$B$6) -> 68.740909 | J3: =SUMIFS('Individual Data'!$AA$6:$AA$3142,'Individual Data'!$U$6:$U$3142,'age-length prop'!$B3,'Individual Data'!$I$6:$I$3142,'age-length prop'!$A3,'Individual Data'!$X$6:$X$3142,'age-length prop'!J$7,'Individual Data'!$M$6:$M$3142,'age-length prop'!$B$6) -> 68.740909 | K3: =SUMIFS('Individual Data'!$AA$6:$AA$3142,'Individual Data'!$U$6:$U$3142,'age-length prop'!$B3,'Individual Data'!$I$6:$I$3142,'age-length prop'!$A3,'Individual Data'!$X$6:$X$3142,'age-length prop'!K$7,'Individual Data'!$M$6:$M$3142,'age-length prop'!$B$6) -> 85.926136 | ... P3: =SUMIFS('Individual Data'!$AA$6:$AA$3142,'Individual Data'!$U$6:$U$3142,'age-length prop'!$B3,'Individual Data'!$I$6:$I$3142,'age-length prop'!$A3,'Individual Data'!$X$6:$X$3142,'age-length prop'!P$7,'Individual Data'!$M$6:$M$3142,'age-length prop'!$B$6) -> 0 | T3: assign only | V3: =SUM(Q8:AC61) -> 13927.055 | AE3: Expand hatchery PBT groups by tag rate. Multiply totals by tag rate for each group | AS3: sum check | AV3: 2022 | AZ3: abv | BA3: ='Individual Data'!AF3 -> 0.04 | BB3: ='Individual Data'!AE3 -> 0.06 | BK3: subtract NG proportioned cells (col Q to AC) from tag rate expanded (col AE to AQ). This is the number of fish to subtract from unassigned AD and AI groups | CA3: number of fish to subtract from unassigned AD group by FL | CO3: number of fish to subtract from unassinged AI group by FL
A4: AI | B4: NG | D4: =SUMIFS('Individual Data'!$AA$6:$AA$3142,'Individual Data'!$U$6:$U$3142,'age-length prop'!$B4,'Individual Data'!$I$6:$I$3142,'age-length prop'!$A4,'Individual Data'!$X$6:$X$3142,'age-length prop'!D$7,'Individual Data'!$M$6:$M$3142,'age-length prop'!$B$6) -> 0 | E4: =SUMIFS('Individual Data'!$AA$6:$AA$3142,'Individual Data'!$U$6:$U$3142,'age-length prop'!$B4,'Individual Data'!$I$6:$I$3142,'age-length prop'!$A4,'Individual Data'!$X$6:$X$3142,'age-length prop'!E$7,'Individual Data'!$M$6:$M$3142,'age-length prop'!$B$6) -> 0 | F4: =SUMIFS('Individual Data'!$AA$6:$AA$3142,'Individual Data'!$U$6:$U$3142,'age-length prop'!$B4,'Individual Data'!$I$6:$I$3142,'age-length prop'!$A4,'Individual Data'!$X$6:$X$3142,'age-length prop'!F$7,'Individual Data'!$M$6:$M$3142,'age-length prop'!$B$6) -> 0 | G4: =SUMIFS('Individual Data'!$AA$6:$AA$3142,'Individual Data'!$U$6:$U$3142,'age-length prop'!$B4,'Individual Data'!$I$6:$I$3142,'age-length prop'!$A4,'Individual Data'!$X$6:$X$3142,'age-length prop'!G$7,'Individual Data'!$M$6:$M$3142,'age-length prop'!$B$6) -> 0 | H4: =SUMIFS('Individual Data'!$AA$6:$AA$3142,'Individual Data'!$U$6:$U$3142,'age-length prop'!$B4,'Individual Data'!$I$6:$I$3142,'age-length prop'!$A4,'Individual Data'!$X$6:$X$3142,'age-length prop'!H$7,'Individual Data'!$M$6:$M$3142,'age-length prop'!$B$6) -> 34.370455 | I4: =SUMIFS('Individual Data'!$AA$6:$AA$3142,'Individual Data'!$U$6:$U$3142,'age-length prop'!$B4,'Individual Data'!$I$6:$I$3142,'age-length prop'!$A4,'Individual Data'!$X$6:$X$3142,'age-length prop'!I$7,'Individual Data'!$M$6:$M$3142,'age-length prop'!$B$6) -> 103.11136 | J4: =SUMIFS('Individual Data'!$AA$6:$AA$3142,'Individual Data'!$U$6:$U$3142,'age-length prop'!$B4,'Individual Data'!$I$6:$I$3142,'age-length prop'!$A4,'Individual Data'!$X$6:$X$3142,'age-length prop'!J$7,'Individual Data'!$M$6:$M$3142,'age-length prop'!$B$6) -> 103.11136 | K4: =SUMIFS('Individual Data'!$AA$6:$AA$3142,'Individual Data'!$U$6:$U$3142,'age-length prop'!$B4,'Individual Data'!$I$6:$I$3142,'age-length prop'!$A4,'Individual Data'!$X$6:$X$3142,'age-length prop'!K$7,'Individual Data'!$M$6:$M$3142,'age-length prop'!$B$6) -> 51.555682 | ... P4: =SUMIFS('Individual Data'!$AA$6:$AA$3142,'Individual Data'!$U$6:$U$3142,'age-length prop'!$B4,'Individual Data'!$I$6:$I$3142,'age-length prop'!$A4,'Individual Data'!$X$6:$X$3142,'age-length prop'!P$7,'Individual Data'!$M$6:$M$3142,'age-length prop'!$B$6) -> 0 | Q4: NG fish proportioned to known hatchery and unassigned groups by FL | AS4: =AS6+AT6 -> 16065.029 | AZ4: blw | BA4: ='Individual Data'!AF4 -> 0.45 | BB4: ='Individual Data'!AE4 -> 0.75
B5: total NG | D5: =D3+D4 -> 0 | E5: =E3+E4 -> 0 | F5: =F3+F4 -> 0 | G5: =G3+G4 -> 0 | H5: =H3+H4 -> 34.370455 | I5: =I3+I4 -> 171.85227 | J5: =J3+J4 -> 171.85227 | K5: =K3+K4 -> 137.48182 | ... P5: =P3+P4 -> 0 | AE5: Apply tag rate expansion: tag expanded estimates of known hatchery groups | AV5: =AS4+AS68 -> 46598.943 | AZ5: =SUM(AZ8:AZ61) -> 16065.029 | BA5: =SUM(BA8:BA61) -> 25591.204 | BB5: =SUM(BB8:BB61) -> 4942.7104 | BD5: =SUM(BD8:BD61) -> 12012.802 | BE5: =SUM(BE8:BE61) -> 20882.011 | BF5: =SUM(BF8:BF61) -> 3088.0973 | BK5: count minus tag expanded, # to subtract from unassigned groups by clip | CA5: AD clipped fish to subract from unassigned AD group | CO5: AI fish to subtract from unassigned group
B6: F | C6: total by FL | D6: =SUM(D8:D63) -> 34.370455 | E6: =SUM(E8:E63) -> 0 | F6: =SUM(F8:F63) -> 17.185227 | G6: =SUM(G8:G63) -> 68.740909 | H6: =SUM(H8:H63) -> 857.82926 | I6: =SUM(I8:I63) -> 3070.4273 | J6: =SUM(J8:J63) -> 4163.1213 | K6: =SUM(K8:K63) -> 4831.9131 | ... P6: =SUM(P8:P63) -> 17.185227 | AS6: =SUM(AS8:AS61) -> 52.096945 | AT6: =SUM(AT8:AT61) -> 16012.932 | BA6: =AZ5+BA5+BB5 -> 46598.943 | BE6: =BD5+BE5+BF5 -> 35982.91 | BK6: =SUM(BK8:BK61) -> 0.3608422 | BL6: =SUM(BL8:BL61) -> 0 | BM6: =SUM(BM8:BM61) -> 0.1804211 | BN6: =SUM(BN8:BN61) -> 6.1546614 | BO6: =SUM(BO8:BO61) -> 61.680558 | BP6: =SUM(BP8:BP61) -> 277.8458 | BQ6: =SUM(BQ8:BQ61) -> 489.0448 | BR6: =SUM(BR8:BR61) -> 704.07148 | ... BW6: =SUM(BW8:BW61) -> 0 | CA6: =SUM(CA8:CA61) -> 0.35492675 | CB6: =SUM(CB8:CB61) -> 0 | CC6: =SUM(CC8:CC61) -> 0.1804211 | CD6: =SUM(CD8:CD61) -> 1.898208 | CE6: =SUM(CE8:CE61) -> 42.042752 | CF6: =SUM(CF8:CF61) -> 189.81691 | CG6: =SUM(CG8:CG61) -> 345.58412 | CH6: =SUM(CH8:CH61) -> 343.08438 | ... CM6: =SUM(CM8:CM61) -> 0 | CO6: =SUM(CO8:CO61) -> 0.0059154458 | CP6: =SUM(CP8:CP61) -> 0 | CQ6: =SUM(CQ8:CQ61) -> 0 | CR6: =SUM(CR8:CR61) -> 4.2564534 | CS6: =SUM(CS8:CS61) -> 19.637806 | CT6: =SUM(CT8:CT61) -> 88.028896 | CU6: =SUM(CU8:CU61) -> 143.46069 | CV6: =SUM(CV8:CV61) -> 360.98709 | ... DA6: =SUM(DA8:DA61) -> 0
B7: Final group | C7: agePBT | D7: 42 | E7: 47 | F7: 52 | G7: 57 | H7: 62 | I7: 67 | J7: 72 | K7: 77 | L7: 82 | M7: 87 | N7: 92 | O7: 99 | P7: 100 | Q7: 42 | R7: 47 | S7: 52 | T7: 57 | U7: 62 | V7: 67 | W7: 72 | X7: 77 | Y7: 82 | Z7: 87 | AA7: 92 | AB7: 99 | AC7: 100 | AD7: tag rate | AE7: 42 | AF7: 47 | AG7: 52 | AH7: 57 | AI7: 62 | AJ7: 67 | AK7: 72 | AL7: 77 | AM7: 82 | AN7: 87 | AO7: 92 | AP7: 99 | AQ7: 100 | AS7: F jacks | AT7: Females | AV7: Brd Yr | AW7: grp | AX7: origin | AY7: CWT code | AZ7: Female | BA7: Males | BB7: jacks | BC7: rel loc | BD7: Female | BE7: Males | BF7: jacks | BK7: 42 | BL7: 47 | BM7: 52 | BN7: 57 | BO7: 62 | BP7: 67 | BQ7: 72 | BR7: 77 | BS7: 82 | BT7: 87 | BU7: 92 | BV7: 99 | BW7: 100 | BX7: % AD | BY7: AD | BZ7: AI | CA7: 42 | CB7: 47 | CC7: 52 | CD7: 57 | CE7: 62 | CF7: 67 | CG7: 72 | CH7: 77 | CI7: 82 | CJ7: 87 | CK7: 92 | CL7: 99 | CM7: 100 | CO7: 42 | CP7: 47 | CQ7: 52 | CR7: 57 | CS7: 62 | CT7: 67 | CU7: 72 | CV7: 77 | CW7: 82 | CX7: 87 | CY7: 92 | CZ7: 99 | DA7: 100
A8: OtsLYON17S_1 | B8: LFH Ukn | C8: 5 | D8: =SUMIFS('Individual Data'!$AA$6:$AA$3142,'Individual Data'!$U$6:$U$3142,'age-length prop'!$B8,'Individual Data'!$X$6:$X$3142,'age-length prop'!D$7,'Individual Data'!$Q$6:$Q$3142,'age-length prop'!$C8,'Individual Data'!$M$6:$M$3142,'age-length prop'!$B$6) -> 0 | E8: =SUMIFS('Individual Data'!$AA$6:$AA$3142,'Individual Data'!$U$6:$U$3142,'age-length prop'!$B8,'Individual Data'!$X$6:$X$3142,'age-length prop'!E$7,'Individual Data'!$Q$6:$Q$3142,'age-length prop'!$C8,'Individual Data'!$M$6:$M$3142,'age-length prop'!$B$6) -> 0 | F8: =SUMIFS('Individual Data'!$AA$6:$AA$3142,'Individual Data'!$U$6:$U$3142,'age-length prop'!$B8,'Individual Data'!$X$6:$X$3142,'age-length prop'!F$7,'Individual Data'!$Q$6:$Q$3142,'age-length prop'!$C8,'Individual Data'!$M$6:$M$3142,'age-length prop'!$B$6) -> 0 | G8: =SUMIFS('Individual Data'!$AA$6:$AA$3142,'Individual Data'!$U$6:$U$3142,'age-length prop'!$B8,'Individual Data'!$X$6:$X$3142,'age-length prop'!G$7,'Individual Data'!$Q$6:$Q$3142,'age-length prop'!$C8,'Individual Data'!$M$6:$M$3142,'age-length prop'!$B$6) -> 0 | H8: =SUMIFS('Individual Data'!$AA$6:$AA$3142,'Individual Data'!$U$6:$U$3142,'age-length prop'!$B8,'Individual Data'!$X$6:$X$3142,'age-length prop'!H$7,'Individual Data'!$Q$6:$Q$3142,'age-length prop'!$C8,'Individual Data'!$M$6:$M$3142,'age-length prop'!$B$6) -> 0 | I8: =SUMIFS('Individual Data'!$AA$6:$AA$3142,'Individual Data'!$U$6:$U$3142,'age-length prop'!$B8,'Individual Data'!$X$6:$X$3142,'age-length prop'!I$7,'Individual Data'!$Q$6:$Q$3142,'age-length prop'!$C8,'Individual Data'!$M$6:$M$3142,'age-length prop'!$B$6) -> 0 | J8: =SUMIFS('Individual Data'!$AA$6:$AA$3142,'Individual Data'!$U$6:$U$3142,'age-length prop'!$B8,'Individual Data'!$X$6:$X$3142,'age-length prop'!J$7,'Individual Data'!$Q$6:$Q$3142,'age-length prop'!$C8,'Individual Data'!$M$6:$M$3142,'age-length prop'!$B$6) -> 51.555682 | K8: =SUMIFS('Individual Data'!$AA$6:$AA$3142,'Individual Data'!$U$6:$U$3142,'age-length prop'!$B8,'Individual Data'!$X$6:$X$3142,'age-length prop'!K$7,'Individual Data'!$Q$6:$Q$3142,'age-length prop'!$C8,'Individual Data'!$M$6:$M$3142,'age-length prop'!$B$6) -> 120.29659 | ... P8: =SUMIFS('Individual Data'!$AA$6:$AA$3142,'Individual Data'!$U$6:$U$3142,'age-length prop'!$B8,'Individual Data'!$X$6:$X$3142,'age-length prop'!P$7,'Individual Data'!$Q$6:$Q$3142,'age-length prop'!$C8,'Individual Data'!$M$6:$M$3142,'age-length prop'!$B$6) -> 0 | Q8: =IFERROR(D8+(D$5*(D8/D$6)),0) -> 0 | R8: =IFERROR(E8+(E$5*(E8/E$6)),0) -> 0 | S8: =IFERROR(F8+(F$5*(F8/F$6)),0) -> 0 | T8: =IFERROR(G8+(G$5*(G8/G$6)),0) -> 0 | U8: =IFERROR(H8+(H$5*(H8/H$6)),0) -> 0 | V8: =IFERROR(I8+(I$5*(I8/I$6)),0) -> 0 | W8: =IFERROR(J8+(J$5*(J8/J$6)),0) -> 53.683883 | X8: =IFERROR(K8+(K$5*(K8/K$6)),0) -> 123.71937 | ... AC8: =IFERROR(P8+(P$5*(P8/P$6)),0) -> 0 | AD8: =VLOOKUP(A8,'PBT Tag Rates'!$B$5:$E$34,4,FALSE) -> 0.76170174 | AE8: =Q8/$AD8 -> 0 | AF8: =R8/$AD8 -> 0 | AG8: =S8/$AD8 -> 0 | AH8: =T8/$AD8 -> 0 | AI8: =U8/$AD8 -> 0 | AJ8: =V8/$AD8 -> 0 | AK8: =W8/$AD8 -> 70.478877 | AL8: =X8/$AD8 -> 162.42496 | ... AQ8: =AC8/$AD8 -> 0 | AS8: =SUM(AE8:AG8) -> 0 | AT8: =SUM(AH8:AQ8) -> 643.14814 | AV8: =$AV$3-C8 -> 2017 | AW8: =B8 -> LFH Ukn | AX8: SR | AY8: =SUMIFS('cwt rel info'!$A$6:$A$217,'cwt rel info'!$D$6:$D$217,'age-length prop'!AV8,'cwt rel info'!$E$6:$E$217,'age-length prop'!AW8) -> 0 | AZ8: =AS8+AT8 -> 643.14814 | BA8: =AT72 -> 114.46357 | BB8: =AS72 -> 0 | BC8: =VLOOKUP(AW8,'Individual Data'!$U$5:$AB$3142,8,FALSE) -> blw | BD8: =IF(BC8="blw",AZ8*(1-$BA$4),AZ8*(1-$BA$3)) -> 353.73148 | BE8: =IF(BC8="blw",BA8*(1-$BA$4),BA8*(1-$BA$3)) -> 62.954966 | BF8: =IF(BC8="blw",BB8*(1-$BB$4),BB8*(1-$BB$3)) -> 0 | BK8: =AE8-Q8 -> 0 | BL8: =AF8-R8 -> 0 | BM8: =AG8-S8 -> 0 | BN8: =AH8-T8 -> 0 | BO8: =AI8-U8 -> 0 | BP8: =AJ8-V8 -> 0 | BQ8: =AK8-W8 -> 16.794994 | BR8: =AL8-X8 -> 38.705585 | ... BW8: =AQ8-AC8 -> 0 | BX8: =BY8/(BY8+BZ8) -> 0.57575758 | BY8: =SUMIFS('Individual Data'!$W$6:$W$3142,'Individual Data'!$I$6:$I$3142,'age-length prop'!BY$7,'Individual Data'!$U$6:$U$3142,'age-length prop'!$B8,'Individual Data'!$Q$6:$Q$3142,'age-length prop'!$C8) -> 19 | BZ8: =SUMIFS('Individual Data'!$W$6:$W$3142,'Individual Data'!$I$6:$I$3142,'age-length prop'!BZ$7,'Individual Data'!$U$6:$U$3142,'age-length prop'!$B8,'Individual Data'!$Q$6:$Q$3142,'age-length prop'!$C8) -> 14 | CA8: =BK8*$BX8 -> 0 | CB8: =BL8*$BX8 -> 0 | CC8: =BM8*$BX8 -> 0 | CD8: =BN8*$BX8 -> 0 | CE8: =BO8*$BX8 -> 0 | CF8: =BP8*$BX8 -> 0 | CG8: =BQ8*$BX8 -> 9.6698448 | CH8: =BR8*$BX8 -> 22.285034 | ... CM8: =BW8*$BX8 -> 0 | CO8: =BK8*(1-$BX8) -> 0 | CP8: =BL8*(1-$BX8) -> 0 | CQ8: =BM8*(1-$BX8) -> 0 | CR8: =BN8*(1-$BX8) -> 0 | CS8: =BO8*(1-$BX8) -> 0 | CT8: =BP8*(1-$BX8) -> 0 | CU8: =BQ8*(1-$BX8) -> 7.1251488 | CV8: =BR8*(1-$BX8) -> 16.420551 | ... DA8: =BW8*(1-$BX8) -> 0
A9: OtsLYON18S_1 | B9: BCAe | C9: 4 | D9: =SUMIFS('Individual Data'!$AA$6:$AA$3142,'Individual Data'!$U$6:$U$3142,'age-length prop'!$B9,'Individual Data'!$X$6:$X$3142,'age-length prop'!D$7,'Individual Data'!$Q$6:$Q$3142,'age-length prop'!$C9,'Individual Data'!$M$6:$M$3142,'age-length prop'!$B$6) -> 0 | E9: =SUMIFS('Individual Data'!$AA$6:$AA$3142,'Individual Data'!$U$6:$U$3142,'age-length prop'!$B9,'Individual Data'!$X$6:$X$3142,'age-length prop'!E$7,'Individual Data'!$Q$6:$Q$3142,'age-length prop'!$C9,'Individual Data'!$M$6:$M$3142,'age-length prop'!$B$6) -> 0 | F9: =SUMIFS('Individual Data'!$AA$6:$AA$3142,'Individual Data'!$U$6:$U$3142,'age-length prop'!$B9,'Individual Data'!$X$6:$X$3142,'age-length prop'!F$7,'Individual Data'!$Q$6:$Q$3142,'age-length prop'!$C9,'Individual Data'!$M$6:$M$3142,'age-length prop'!$B$6) -> 0 | G9: =SUMIFS('Individual Data'!$AA$6:$AA$3142,'Individual Data'!$U$6:$U$3142,'age-length prop'!$B9,'Individual Data'!$X$6:$X$3142,'age-length prop'!G$7,'Individual Data'!$Q$6:$Q$3142,'age-length prop'!$C9,'Individual Data'!$M$6:$M$3142,'age-length prop'!$B$6) -> 0 | H9: =SUMIFS('Individual Data'!$AA$6:$AA$3142,'Individual Data'!$U$6:$U$3142,'age-length prop'!$B9,'Individual Data'!$X$6:$X$3142,'age-length prop'!H$7,'Individual Data'!$Q$6:$Q$3142,'age-length prop'!$C9,'Individual Data'!$M$6:$M$3142,'age-length prop'!$B$6) -> 0 | I9: =SUMIFS('Individual Data'!$AA$6:$AA$3142,'Individual Data'!$U$6:$U$3142,'age-length prop'!$B9,'Individual Data'!$X$6:$X$3142,'age-length prop'!I$7,'Individual Data'!$Q$6:$Q$3142,'age-length prop'!$C9,'Individual Data'!$M$6:$M$3142,'age-length prop'!$B$6) -> 17.185227 | J9: =SUMIFS('Individual Data'!$AA$6:$AA$3142,'Individual Data'!$U$6:$U$3142,'age-length prop'!$B9,'Individual Data'!$X$6:$X$3142,'age-length prop'!J$7,'Individual Data'!$Q$6:$Q$3142,'age-length prop'!$C9,'Individual Data'!$M$6:$M$3142,'age-length prop'!$B$6) -> 85.926136 | K9: =SUMIFS('Individual Data'!$AA$6:$AA$3142,'Individual Data'!$U$6:$U$3142,'age-length prop'!$B9,'Individual Data'!$X$6:$X$3142,'age-length prop'!K$7,'Individual Data'!$Q$6:$Q$3142,'age-length prop'!$C9,'Individual Data'!$M$6:$M$3142,'age-length prop'!$B$6) -> 302.17358 | ... P9: =SUMIFS('Individual Data'!$AA$6:$AA$3142,'Individual Data'!$U$6:$U$3142,'age-length prop'!$B9,'Individual Data'!$X$6:$X$3142,'age-length prop'!P$7,'Individual Data'!$Q$6:$Q$3142,'age-length prop'!$C9,'Individual Data'!$M$6:$M$3142,'age-length prop'!$B$6) -> 0 | Q9: =IFERROR(D9+(D$5*(D9/D$6)),0) -> 0 | R9: =IFERROR(E9+(E$5*(E9/E$6)),0) -> 0 | S9: =IFERROR(F9+(F$5*(F9/F$6)),0) -> 0 | T9: =IFERROR(G9+(G$5*(G9/G$6)),0) -> 0 | U9: =IFERROR(H9+(H$5*(H9/H$6)),0) -> 0 | V9: =IFERROR(I9+(I$5*(I9/I$6)),0) -> 18.147087 | W9: =IFERROR(J9+(J$5*(J9/J$6)),0) -> 89.473139 | X9: =IFERROR(K9+(K$5*(K9/K$6)),0) -> 310.77129 | ... AC9: =IFERROR(P9+(P$5*(P9/P$6)),0) -> 0 | AD9: =VLOOKUP(A9,'PBT Tag Rates'!$B$5:$E$34,4,FALSE) -> 0.80551598 | AE9: =Q9/$AD9 -> 0 | AF9: =R9/$AD9 -> 0 | AG9: =S9/$AD9 -> 0 | AH9: =T9/$AD9 -> 0 | AI9: =U9/$AD9 -> 0 | AJ9: =V9/$AD9 -> 22.528525 | AK9: =W9/$AD9 -> 111.07556 | AL9: =X9/$AD9 -> 385.804 | ... AQ9: =AC9/$AD9 -> 0 | AS9: =SUM(AE9:AG9) -> 0 | AT9: =SUM(AH9:AQ9) -> 665.61052 | AV9: =$AV$3-C9 -> 2018 | AW9: =B9 -> BCAe | AX9: SR | AY9: =SUMIFS('cwt rel info'!$A$6:$A$217,'cwt rel info'!$D$6:$D$217,'age-length prop'!AV9,'cwt rel info'!$E$6:$E$217,'age-length prop'!AW9) -> 220511 | AZ9: =AS9+AT9 -> 665.61052 | BA9: =AT73 -> 412.64665 | BB9: =AS73 -> 0 | BC9: =VLOOKUP(AW9,'Individual Data'!$U$5:$AB$3142,8,FALSE) -> abv | BD9: =IF(BC9="blw",AZ9*(1-$BA$4),AZ9*(1-$BA$3)) -> 638.9861 | BE9: =IF(BC9="blw",BA9*(1-$BA$4),BA9*(1-$BA$3)) -> 396.14079 | BF9: =IF(BC9="blw",BB9*(1-$BB$4),BB9*(1-$BB$3)) -> 0 | BK9: =AE9-Q9 -> 0 | BL9: =AF9-R9 -> 0 | BM9: =AG9-S9 -> 0 | BN9: =AH9-T9 -> 0 | BO9: =AI9-U9 -> 0 | BP9: =AJ9-V9 -> 4.381438 | BQ9: =AK9-W9 -> 21.602421 | BR9: =AL9-X9 -> 75.032711 | ... BW9: =AQ9-AC9 -> 0 | BX9: =BY9/(BY9+BZ9) -> 0.48 | BY9: =SUMIFS('Individual Data'!$W$6:$W$3142,'Individual Data'!$I$6:$I$3142,'age-length prop'!BY$7,'Individual Data'!$U$6:$U$3142,'age-length prop'!$B9,'Individual Data'!$Q$6:$Q$3142,'age-length prop'!$C9) -> 24 | BZ9: =SUMIFS('Individual Data'!$W$6:$W$3142,'Individual Data'!$I$6:$I$3142,'age-length prop'!BZ$7,'Individual Data'!$U$6:$U$3142,'age-length prop'!$B9,'Individual Data'!$Q$6:$Q$3142,'age-length prop'!$C9) -> 26 | CA9: =BK9*$BX9 -> 0 | CB9: =BL9*$BX9 -> 0 | CC9: =BM9*$BX9 -> 0 | CD9: =BN9*$BX9 -> 0 | CE9: =BO9*$BX9 -> 0 | CF9: =BP9*$BX9 -> 2.1030903 | CG9: =BQ9*$BX9 -> 10.369162 | CH9: =BR9*$BX9 -> 36.015701 | ... CM9: =BW9*$BX9 -> 0 | CO9: =BK9*(1-$BX9) -> 0 | CP9: =BL9*(1-$BX9) -> 0 | CQ9: =BM9*(1-$BX9) -> 0 | CR9: =BN9*(1-$BX9) -> 0 | CS9: =BO9*(1-$BX9) -> 0 | CT9: =BP9*(1-$BX9) -> 2.2783478 | CU9: =BQ9*(1-$BX9) -> 11.233259 | CV9: =BR9*(1-$BX9) -> 39.01701 | ... DA9: =BW9*(1-$BX9) -> 0
A10: OtsLYON18S_1 | B10: BCAl | C10: 4 | D10: =SUMIFS('Individual Data'!$AA$6:$AA$3142,'Individual Data'!$U$6:$U$3142,'age-length prop'!$B10,'Individual Data'!$X$6:$X$3142,'age-length prop'!D$7,'Individual Data'!$Q$6:$Q$3142,'age-length prop'!$C10,'Individual Data'!$M$6:$M$3142,'age-length prop'!$B$6) -> 0 | E10: =SUMIFS('Individual Data'!$AA$6:$AA$3142,'Individual Data'!$U$6:$U$3142,'age-length prop'!$B10,'Individual Data'!$X$6:$X$3142,'age-length prop'!E$7,'Individual Data'!$Q$6:$Q$3142,'age-length prop'!$C10,'Individual Data'!$M$6:$M$3142,'age-length prop'!$B$6) -> 0 | F10: =SUMIFS('Individual Data'!$AA$6:$AA$3142,'Individual Data'!$U$6:$U$3142,'age-length prop'!$B10,'Individual Data'!$X$6:$X$3142,'age-length prop'!F$7,'Individual Data'!$Q$6:$Q$3142,'age-length prop'!$C10,'Individual Data'!$M$6:$M$3142,'age-length prop'!$B$6) -> 0 | G10: =SUMIFS('Individual Data'!$AA$6:$AA$3142,'Individual Data'!$U$6:$U$3142,'age-length prop'!$B10,'Individual Data'!$X$6:$X$3142,'age-length prop'!G$7,'Individual Data'!$Q$6:$Q$3142,'age-length prop'!$C10,'Individual Data'!$M$6:$M$3142,'age-length prop'!$B$6) -> 0 | H10: =SUMIFS('Individual Data'!$AA$6:$AA$3142,'Individual Data'!$U$6:$U$3142,'age-length prop'!$B10,'Individual Data'!$X$6:$X$3142,'age-length prop'!H$7,'Individual Data'!$Q$6:$Q$3142,'age-length prop'!$C10,'Individual Data'!$M$6:$M$3142,'age-length prop'!$B$6) -> 0 | I10: =SUMIFS('Individual Data'!$AA$6:$AA$3142,'Individual Data'!$U$6:$U$3142,'age-length prop'!$B10,'Individual Data'!$X$6:$X$3142,'age-length prop'!I$7,'Individual Data'!$Q$6:$Q$3142,'age-length prop'!$C10,'Individual Data'!$M$6:$M$3142,'age-length prop'!$B$6) -> 0 | J10: =SUMIFS('Individual Data'!$AA$6:$AA$3142,'Individual Data'!$U$6:$U$3142,'age-length prop'!$B10,'Individual Data'!$X$6:$X$3142,'age-length prop'!J$7,'Individual Data'!$Q$6:$Q$3142,'age-length prop'!$C10,'Individual Data'!$M$6:$M$3142,'age-length prop'!$B$6) -> 17.185227 | K10: =SUMIFS('Individual Data'!$AA$6:$AA$3142,'Individual Data'!$U$6:$U$3142,'age-length prop'!$B10,'Individual Data'!$X$6:$X$3142,'age-length prop'!K$7,'Individual Data'!$Q$6:$Q$3142,'age-length prop'!$C10,'Individual Data'!$M$6:$M$3142,'age-length prop'!$B$6) -> 17.185227 | ... P10: =SUMIFS('Individual Data'!$AA$6:$AA$3142,'Individual Data'!$U$6:$U$3142,'age-length prop'!$B10,'Individual Data'!$X$6:$X$3142,'age-length prop'!P$7,'Individual Data'!$Q$6:$Q$3142,'age-length prop'!$C10,'Individual Data'!$M$6:$M$3142,'age-length prop'!$B$6) -> 0 | Q10: =IFERROR(D10+(D$5*(D10/D$6)),0) -> 0 | R10: =IFERROR(E10+(E$5*(E10/E$6)),0) -> 0 | S10: =IFERROR(F10+(F$5*(F10/F$6)),0) -> 0 | T10: =IFERROR(G10+(G$5*(G10/G$6)),0) -> 0 | U10: =IFERROR(H10+(H$5*(H10/H$6)),0) -> 0 | V10: =IFERROR(I10+(I$5*(I10/I$6)),0) -> 0 | W10: =IFERROR(J10+(J$5*(J10/J$6)),0) -> 17.894628 | X10: =IFERROR(K10+(K$5*(K10/K$6)),0) -> 17.674196 | ... AC10: =IFERROR(P10+(P$5*(P10/P$6)),0) -> 0 | AD10: =VLOOKUP(A10,'PBT Tag Rates'!$B$5:$E$34,4,FALSE) -> 0.80551598 | AE10: =Q10/$AD10 -> 0 | AF10: =R10/$AD10 -> 0 | AG10: =S10/$AD10 -> 0 | AH10: =T10/$AD10 -> 0 | AI10: =U10/$AD10 -> 0 | AJ10: =V10/$AD10 -> 0 | AK10: =W10/$AD10 -> 22.215112 | AL10: =X10/$AD10 -> 21.94146 | ... AQ10: =AC10/$AD10 -> 0 | AS10: =SUM(AE10:AG10) -> 0 | AT10: =SUM(AH10:AQ10) -> 44.156572 | AV10: =$AV$3-C10 -> 2018 | AW10: =B10 -> BCAl | AX10: SR | AY10: =SUMIFS('cwt rel info'!$A$6:$A$217,'cwt rel info'!$D$6:$D$217,'age-length prop'!AV10,'cwt rel info'!$E$6:$E$217,'age-length prop'!AW10) -> 220512 | AZ10: =AS10+AT10 -> 44.156572 | BA10: =AT74 -> 44.19887 | BB10: =AS74 -> 0 | BC10: =VLOOKUP(AW10,'Individual Data'!$U$5:$AB$3142,8,FALSE) -> abv | BD10: =IF(BC10="blw",AZ10*(1-$BA$4),AZ10*(1-$BA$3)) -> 42.390309 | BE10: =IF(BC10="blw",BA10*(1-$BA$4),BA10*(1-$BA$3)) -> 42.430916 | BF10: =IF(BC10="blw",BB10*(1-$BB$4),BB10*(1-$BB$3)) -> 0 | BK10: =AE10-Q10 -> 0 | BL10: =AF10-R10 -> 0 | BM10: =AG10-S10 -> 0 | BN10: =AH10-T10 -> 0 | BO10: =AI10-U10 -> 0 | BP10: =AJ10-V10 -> 0 | BQ10: =AK10-W10 -> 4.3204842 | BR10: =AL10-X10 -> 4.2672632 | ... BW10: =AQ10-AC10 -> 0 | BX10: =BY10/(BY10+BZ10) -> 1 | BY10: =SUMIFS('Individual Data'!$W$6:$W$3142,'Individual Data'!$I$6:$I$3142,'age-length prop'!BY$7,'Individual Data'!$U$6:$U$3142,'age-length prop'!$B10,'Individual Data'!$Q$6:$Q$3142,'age-length prop'!$C10) -> 4 | BZ10: =SUMIFS('Individual Data'!$W$6:$W$3142,'Individual Data'!$I$6:$I$3142,'age-length prop'!BZ$7,'Individual Data'!$U$6:$U$3142,'age-length prop'!$B10,'Individual Data'!$Q$6:$Q$3142,'age-length prop'!$C10) -> 0 | CA10: =BK10*$BX10 -> 0 | CB10: =BL10*$BX10 -> 0 | CC10: =BM10*$BX10 -> 0 | CD10: =BN10*$BX10 -> 0 | CE10: =BO10*$BX10 -> 0 | CF10: =BP10*$BX10 -> 0 | CG10: =BQ10*$BX10 -> 4.3204842 | CH10: =BR10*$BX10 -> 4.2672632 | ... CM10: =BW10*$BX10 -> 0 | CO10: =BK10*(1-$BX10) -> 0 | CP10: =BL10*(1-$BX10) -> 0 | CQ10: =BM10*(1-$BX10) -> 0 | CR10: =BN10*(1-$BX10) -> 0 | CS10: =BO10*(1-$BX10) -> 0 | CT10: =BP10*(1-$BX10) -> 0 | CU10: =BQ10*(1-$BX10) -> 0 | CV10: =BR10*(1-$BX10) -> 0 | ... DA10: =BW10*(1-$BX10) -> 0
A11: OtsLYON18S_1 | B11: CJAe | C11: 4 | D11: =SUMIFS('Individual Data'!$AA$6:$AA$3142,'Individual Data'!$U$6:$U$3142,'age-length prop'!$B11,'Individual Data'!$X$6:$X$3142,'age-length prop'!D$7,'Individual Data'!$Q$6:$Q$3142,'age-length prop'!$C11,'Individual Data'!$M$6:$M$3142,'age-length prop'!$B$6) -> 0 | E11: =SUMIFS('Individual Data'!$AA$6:$AA$3142,'Individual Data'!$U$6:$U$3142,'age-length prop'!$B11,'Individual Data'!$X$6:$X$3142,'age-length prop'!E$7,'Individual Data'!$Q$6:$Q$3142,'age-length prop'!$C11,'Individual Data'!$M$6:$M$3142,'age-length prop'!$B$6) -> 0 | F11: =SUMIFS('Individual Data'!$AA$6:$AA$3142,'Individual Data'!$U$6:$U$3142,'age-length prop'!$B11,'Individual Data'!$X$6:$X$3142,'age-length prop'!F$7,'Individual Data'!$Q$6:$Q$3142,'age-length prop'!$C11,'Individual Data'!$M$6:$M$3142,'age-length prop'!$B$6) -> 0 | G11: =SUMIFS('Individual Data'!$AA$6:$AA$3142,'Individual Data'!$U$6:$U$3142,'age-length prop'!$B11,'Individual Data'!$X$6:$X$3142,'age-length prop'!G$7,'Individual Data'!$Q$6:$Q$3142,'age-length prop'!$C11,'Individual Data'!$M$6:$M$3142,'age-length prop'!$B$6) -> 0 | H11: =SUMIFS('Individual Data'!$AA$6:$AA$3142,'Individual Data'!$U$6:$U$3142,'age-length prop'!$B11,'Individual Data'!$X$6:$X$3142,'age-length prop'!H$7,'Individual Data'!$Q$6:$Q$3142,'age-length prop'!$C11,'Individual Data'!$M$6:$M$3142,'age-length prop'!$B$6) -> 17.185227 | I11: =SUMIFS('Individual Data'!$AA$6:$AA$3142,'Individual Data'!$U$6:$U$3142,'age-length prop'!$B11,'Individual Data'!$X$6:$X$3142,'age-length prop'!I$7,'Individual Data'!$Q$6:$Q$3142,'age-length prop'!$C11,'Individual Data'!$M$6:$M$3142,'age-length prop'!$B$6) -> 0 | J11: =SUMIFS('Individual Data'!$AA$6:$AA$3142,'Individual Data'!$U$6:$U$3142,'age-length prop'!$B11,'Individual Data'!$X$6:$X$3142,'age-length prop'!J$7,'Individual Data'!$Q$6:$Q$3142,'age-length prop'!$C11,'Individual Data'!$M$6:$M$3142,'age-length prop'!$B$6) -> 118.86449 | K11: =SUMIFS('Individual Data'!$AA$6:$AA$3142,'Individual Data'!$U$6:$U$3142,'age-length prop'!$B11,'Individual Data'!$X$6:$X$3142,'age-length prop'!K$7,'Individual Data'!$Q$6:$Q$3142,'age-length prop'!$C11,'Individual Data'!$M$6:$M$3142,'age-length prop'!$B$6) -> 269.23523 | ... P11: =SUMIFS('Individual Data'!$AA$6:$AA$3142,'Individual Data'!$U$6:$U$3142,'age-length prop'!$B11,'Individual Data'!$X$6:$X$3142,'age-length prop'!P$7,'Individual Data'!$Q$6:$Q$3142,'age-length prop'!$C11,'Individual Data'!$M$6:$M$3142,'age-length prop'!$B$6) -> 0 | Q11: =IFERROR(D11+(D$5*(D11/D$6)),0) -> 0 | R11: =IFERROR(E11+(E$5*(E11/E$6)),0) -> 0 | S11: =IFERROR(F11+(F$5*(F11/F$6)),0) -> 0 | T11: =IFERROR(G11+(G$5*(G11/G$6)),0) -> 0 | U11: =IFERROR(H11+(H$5*(H11/H$6)),0) -> 17.873784 | V11: =IFERROR(I11+(I$5*(I11/I$6)),0) -> 0 | W11: =IFERROR(J11+(J$5*(J11/J$6)),0) -> 123.77118 | X11: =IFERROR(K11+(K$5*(K11/K$6)),0) -> 276.89574 | ... AC11: =IFERROR(P11+(P$5*(P11/P$6)),0) -> 0 | AD11: =VLOOKUP(A11,'PBT Tag Rates'!$B$5:$E$34,4,FALSE) -> 0.80551598 | AE11: =Q11/$AD11 -> 0 | AF11: =R11/$AD11 -> 0 | AG11: =S11/$AD11 -> 0 | AH11: =T11/$AD11 -> 0 | AI11: =U11/$AD11 -> 22.189236 | AJ11: =V11/$AD11 -> 0 | AK11: =W11/$AD11 -> 153.65452 | AL11: =X11/$AD11 -> 343.74953 | ... AQ11: =AC11/$AD11 -> 0 | AS11: =SUM(AE11:AG11) -> 0 | AT11: =SUM(AH11:AQ11) -> 1066.3352 | AV11: =$AV$3-C11 -> 2018 | AW11: =B11 -> CJAe | AX11: SR | AY11: =SUMIFS('cwt rel info'!$A$6:$A$217,'cwt rel info'!$D$6:$D$217,'age-length prop'!AV11,'cwt rel info'!$E$6:$E$217,'age-length prop'!AW11) -> 220509 | AZ11: =AS11+AT11 -> 1066.3352 | BA11: =AT75 -> 833.90136 | BB11: =AS75 -> 0 | BC11: =VLOOKUP(AW11,'Individual Data'!$U$5:$AB$3142,8,FALSE) -> abv | BD11: =IF(BC11="blw",AZ11*(1-$BA$4),AZ11*(1-$BA$3)) -> 1023.6818 | BE11: =IF(BC11="blw",BA11*(1-$BA$4),BA11*(1-$BA$3)) -> 800.54531 | BF11: =IF(BC11="blw",BB11*(1-$BB$4),BB11*(1-$BB$3)) -> 0 | BK11: =AE11-Q11 -> 0 | BL11: =AF11-R11 -> 0 | BM11: =AG11-S11 -> 0 | BN11: =AH11-T11 -> 0 | BO11: =AI11-U11 -> 4.3154517 | BP11: =AJ11-V11 -> 0 | BQ11: =AK11-W11 -> 29.883349 | BR11: =AL11-X11 -> 66.85379 | ... BW11: =AQ11-AC11 -> 0 | BX11: =BY11/(BY11+BZ11) -> 0.43820225 | BY11: =SUMIFS('Individual Data'!$W$6:$W$3142,'Individual Data'!$I$6:$I$3142,'age-length prop'!BY$7,'Individual Data'!$U$6:$U$3142,'age-length prop'!$B11,'Individual Data'!$Q$6:$Q$3142,'age-length prop'!$C11) -> 39 | BZ11: =SUMIFS('Individual Data'!$W$6:$W$3142,'Individual Data'!$I$6:$I$3142,'age-length prop'!BZ$7,'Individual Data'!$U$6:$U$3142,'age-length prop'!$B11,'Individual Data'!$Q$6:$Q$3142,'age-length prop'!$C11) -> 50 | CA11: =BK11*$BX11 -> 0 | CB11: =BL11*$BX11 -> 0 | CC11: =BM11*$BX11 -> 0 | CD11: =BN11*$BX11 -> 0 | CE11: =BO11*$BX11 -> 1.8910406 | CF11: =BP11*$BX11 -> 0 | CG11: =BQ11*$BX11 -> 13.094951 | CH11: =BR11*$BX11 -> 29.295481 | ... CM11: =BW11*$BX11 -> 0 | CO11: =BK11*(1-$BX11) -> 0 | CP11: =BL11*(1-$BX11) -> 0 | CQ11: =BM11*(1-$BX11) -> 0 | CR11: =BN11*(1-$BX11) -> 0 | CS11: =BO11*(1-$BX11) -> 2.424411 | CT11: =BP11*(1-$BX11) -> 0 | CU11: =BQ11*(1-$BX11) -> 16.788398 | CV11: =BR11*(1-$BX11) -> 37.558309 | ... DA11: =BW11*(1-$BX11) -> 0
A12: OtsLYON18S_1 | B12: CJAl | C12: 4 | D12: =SUMIFS('Individual Data'!$AA$6:$AA$3142,'Individual Data'!$U$6:$U$3142,'age-length prop'!$B12,'Individual Data'!$X$6:$X$3142,'age-length prop'!D$7,'Individual Data'!$Q$6:$Q$3142,'age-length prop'!$C12,'Individual Data'!$M$6:$M$3142,'age-length prop'!$B$6) -> 0 | E12: =SUMIFS('Individual Data'!$AA$6:$AA$3142,'Individual Data'!$U$6:$U$3142,'age-length prop'!$B12,'Individual Data'!$X$6:$X$3142,'age-length prop'!E$7,'Individual Data'!$Q$6:$Q$3142,'age-length prop'!$C12,'Individual Data'!$M$6:$M$3142,'age-length prop'!$B$6) -> 0 | F12: =SUMIFS('Individual Data'!$AA$6:$AA$3142,'Individual Data'!$U$6:$U$3142,'age-length prop'!$B12,'Individual Data'!$X$6:$X$3142,'age-length prop'!F$7,'Individual Data'!$Q$6:$Q$3142,'age-length prop'!$C12,'Individual Data'!$M$6:$M$3142,'age-length prop'!$B$6) -> 0 | G12: =SUMIFS('Individual Data'!$AA$6:$AA$3142,'Individual Data'!$U$6:$U$3142,'age-length prop'!$B12,'Individual Data'!$X$6:$X$3142,'age-length prop'!G$7,'Individual Data'!$Q$6:$Q$3142,'age-length prop'!$C12,'Individual Data'!$M$6:$M$3142,'age-length prop'!$B$6) -> 0 | H12: =SUMIFS('Individual Data'!$AA$6:$AA$3142,'Individual Data'!$U$6:$U$3142,'age-length prop'!$B12,'Individual Data'!$X$6:$X$3142,'age-length prop'!H$7,'Individual Data'!$Q$6:$Q$3142,'age-length prop'!$C12,'Individual Data'!$M$6:$M$3142,'age-length prop'!$B$6) -> 0 | I12: =SUMIFS('Individual Data'!$AA$6:$AA$3142,'Individual Data'!$U$6:$U$3142,'age-length prop'!$B12,'Individual Data'!$X$6:$X$3142,'age-length prop'!I$7,'Individual Data'!$Q$6:$Q$3142,'age-length prop'!$C12,'Individual Data'!$M$6:$M$3142,'age-length prop'!$B$6) -> 17.185227 | J12: =SUMIFS('Individual Data'!$AA$6:$AA$3142,'Individual Data'!$U$6:$U$3142,'age-length prop'!$B12,'Individual Data'!$X$6:$X$3142,'age-length prop'!J$7,'Individual Data'!$Q$6:$Q$3142,'age-length prop'!$C12,'Individual Data'!$M$6:$M$3142,'age-length prop'!$B$6) -> 34.370455 | K12: =SUMIFS('Individual Data'!$AA$6:$AA$3142,'Individual Data'!$U$6:$U$3142,'age-length prop'!$B12,'Individual Data'!$X$6:$X$3142,'age-length prop'!K$7,'Individual Data'!$Q$6:$Q$3142,'age-length prop'!$C12,'Individual Data'!$M$6:$M$3142,'age-length prop'!$B$6) -> 100.24716 | ... P12: =SUMIFS('Individual Data'!$AA$6:$AA$3142,'Individual Data'!$U$6:$U$3142,'age-length prop'!$B12,'Individual Data'!$X$6:$X$3142,'age-length prop'!P$7,'Individual Data'!$Q$6:$Q$3142,'age-length prop'!$C12,'Individual Data'!$M$6:$M$3142,'age-length prop'!$B$6) -> 0 | Q12: =IFERROR(D12+(D$5*(D12/D$6)),0) -> 0 | R12: =IFERROR(E12+(E$5*(E12/E$6)),0) -> 0 | S12: =IFERROR(F12+(F$5*(F12/F$6)),0) -> 0 | T12: =IFERROR(G12+(G$5*(G12/G$6)),0) -> 0 | U12: =IFERROR(H12+(H$5*(H12/H$6)),0) -> 0 | V12: =IFERROR(I12+(I$5*(I12/I$6)),0) -> 18.147087 | W12: =IFERROR(J12+(J$5*(J12/J$6)),0) -> 35.789256 | X12: =IFERROR(K12+(K$5*(K12/K$6)),0) -> 103.09948 | ... AC12: =IFERROR(P12+(P$5*(P12/P$6)),0) -> 0 | AD12: =VLOOKUP(A12,'PBT Tag Rates'!$B$5:$E$34,4,FALSE) -> 0.80551598 | AE12: =Q12/$AD12 -> 0 | AF12: =R12/$AD12 -> 0 | AG12: =S12/$AD12 -> 0 | AH12: =T12/$AD12 -> 0 | AI12: =U12/$AD12 -> 0 | AJ12: =V12/$AD12 -> 22.528525 | AK12: =W12/$AD12 -> 44.430224 | AL12: =X12/$AD12 -> 127.99185 | ... AQ12: =AC12/$AD12 -> 0 | AS12: =SUM(AE12:AG12) -> 0 | AT12: =SUM(AH12:AQ12) -> 216.886 | AV12: =$AV$3-C12 -> 2018 | AW12: =B12 -> CJAl | AX12: SR | AY12: =SUMIFS('cwt rel info'!$A$6:$A$217,'cwt rel info'!$D$6:$D$217,'age-length prop'!AV12,'cwt rel info'!$E$6:$E$217,'age-length prop'!AW12) -> 220510 | AZ12: =AS12+AT12 -> 216.886 | BA12: =AT76 -> 66.840621 | BB12: =AS76 -> 0 | BC12: =VLOOKUP(AW12,'Individual Data'!$U$5:$AB$3142,8,FALSE) -> abv | BD12: =IF(BC12="blw",AZ12*(1-$BA$4),AZ12*(1-$BA$3)) -> 208.21056 | BE12: =IF(BC12="blw",BA12*(1-$BA$4),BA12*(1-$BA$3)) -> 64.166996 | BF12: =IF(BC12="blw",BB12*(1-$BB$4),BB12*(1-$BB$3)) -> 0 | BK12: =AE12-Q12 -> 0 | BL12: =AF12-R12 -> 0 | BM12: =AG12-S12 -> 0 | BN12: =AH12-T12 -> 0 | BO12: =AI12-U12 -> 0 | BP12: =AJ12-V12 -> 4.381438 | BQ12: =AK12-W12 -> 8.6409684 | BR12: =AL12-X12 -> 24.892369 | ... BW12: =AQ12-AC12 -> 0 | BX12: =BY12/(BY12+BZ12) -> 0.92307692 | BY12: =SUMIFS('Individual Data'!$W$6:$W$3142,'Individual Data'!$I$6:$I$3142,'age-length prop'!BY$7,'Individual Data'!$U$6:$U$3142,'age-length prop'!$B12,'Individual Data'!$Q$6:$Q$3142,'age-length prop'!$C12) -> 12 | BZ12: =SUMIFS('Individual Data'!$W$6:$W$3142,'Individual Data'!$I$6:$I$3142,'age-length prop'!BZ$7,'Individual Data'!$U$6:$U$3142,'age-length prop'!$B12,'Individual Data'!$Q$6:$Q$3142,'age-length prop'!$C12) -> 1 | CA12: =BK12*$BX12 -> 0 | CB12: =BL12*$BX12 -> 0 | CC12: =BM12*$BX12 -> 0 | CD12: =BN12*$BX12 -> 0 | CE12: =BO12*$BX12 -> 0 | CF12: =BP12*$BX12 -> 4.0444043 | CG12: =BQ12*$BX12 -> 7.9762785 | CH12: =BR12*$BX12 -> 22.977571 | ... CM12: =BW12*$BX12 -> 0 | CO12: =BK12*(1-$BX12) -> 0 | CP12: =BL12*(1-$BX12) -> 0 | CQ12: =BM12*(1-$BX12) -> 0 | CR12: =BN12*(1-$BX12) -> 0 | CS12: =BO12*(1-$BX12) -> 0 | CT12: =BP12*(1-$BX12) -> 0.33703369 | CU12: =BQ12*(1-$BX12) -> 0.66468988 | CV12: =BR12*(1-$BX12) -> 1.9147976 | ... DA12: =BW12*(1-$BX12) -> 0
A13: OtsLYON18S_1 | B13: LFH Ukn | C13: 4 | D13: =SUMIFS('Individual Data'!$AA$6:$AA$3142,'Individual Data'!$U$6:$U$3142,'age-length prop'!$B13,'Individual Data'!$X$6:$X$3142,'age-length prop'!D$7,'Individual Data'!$Q$6:$Q$3142,'age-length prop'!$C13,'Individual Data'!$M$6:$M$3142,'age-length prop'!$B$6) -> 0 | E13: =SUMIFS('Individual Data'!$AA$6:$AA$3142,'Individual Data'!$U$6:$U$3142,'age-length prop'!$B13,'Individual Data'!$X$6:$X$3142,'age-length prop'!E$7,'Individual Data'!$Q$6:$Q$3142,'age-length prop'!$C13,'Individual Data'!$M$6:$M$3142,'age-length prop'!$B$6) -> 0 | F13: =SUMIFS('Individual Data'!$AA$6:$AA$3142,'Individual Data'!$U$6:$U$3142,'age-length prop'!$B13,'Individual Data'!$X$6:$X$3142,'age-length prop'!F$7,'Individual Data'!$Q$6:$Q$3142,'age-length prop'!$C13,'Individual Data'!$M$6:$M$3142,'age-length prop'!$B$6) -> 0 | G13: =SUMIFS('Individual Data'!$AA$6:$AA$3142,'Individual Data'!$U$6:$U$3142,'age-length prop'!$B13,'Individual Data'!$X$6:$X$3142,'age-length prop'!G$7,'Individual Data'!$Q$6:$Q$3142,'age-length prop'!$C13,'Individual Data'!$M$6:$M$3142,'age-length prop'!$B$6) -> 17.185227 | H13: =SUMIFS('Individual Data'!$AA$6:$AA$3142,'Individual Data'!$U$6:$U$3142,'age-length prop'!$B13,'Individual Data'!$X$6:$X$3142,'age-length prop'!H$7,'Individual Data'!$Q$6:$Q$3142,'age-length prop'!$C13,'Individual Data'!$M$6:$M$3142,'age-length prop'!$B$6) -> 0 | I13: =SUMIFS('Individual Data'!$AA$6:$AA$3142,'Individual Data'!$U$6:$U$3142,'age-length prop'!$B13,'Individual Data'!$X$6:$X$3142,'age-length prop'!I$7,'Individual Data'!$Q$6:$Q$3142,'age-length prop'!$C13,'Individual Data'!$M$6:$M$3142,'age-length prop'!$B$6) -> 51.555682 | J13: =SUMIFS('Individual Data'!$AA$6:$AA$3142,'Individual Data'!$U$6:$U$3142,'age-length prop'!$B13,'Individual Data'!$X$6:$X$3142,'age-length prop'!J$7,'Individual Data'!$Q$6:$Q$3142,'age-length prop'!$C13,'Individual Data'!$M$6:$M$3142,'age-length prop'!$B$6) -> 153.23494 | K13: =SUMIFS('Individual Data'!$AA$6:$AA$3142,'Individual Data'!$U$6:$U$3142,'age-length prop'!$B13,'Individual Data'!$X$6:$X$3142,'age-length prop'!K$7,'Individual Data'!$Q$6:$Q$3142,'age-length prop'!$C13,'Individual Data'!$M$6:$M$3142,'age-length prop'!$B$6) -> 694.5696 | ... P13: =SUMIFS('Individual Data'!$AA$6:$AA$3142,'Individual Data'!$U$6:$U$3142,'age-length prop'!$B13,'Individual Data'!$X$6:$X$3142,'age-length prop'!P$7,'Individual Data'!$Q$6:$Q$3142,'age-length prop'!$C13,'Individual Data'!$M$6:$M$3142,'age-length prop'!$B$6) -> 0 | Q13: =IFERROR(D13+(D$5*(D13/D$6)),0) -> 0 | R13: =IFERROR(E13+(E$5*(E13/E$6)),0) -> 0 | S13: =IFERROR(F13+(F$5*(F13/F$6)),0) -> 0 | T13: =IFERROR(G13+(G$5*(G13/G$6)),0) -> 17.185227 | U13: =IFERROR(H13+(H$5*(H13/H$6)),0) -> 0 | V13: =IFERROR(I13+(I$5*(I13/I$6)),0) -> 54.441261 | W13: =IFERROR(J13+(J$5*(J13/J$6)),0) -> 159.56043 | X13: =IFERROR(K13+(K$5*(K13/K$6)),0) -> 714.3321 | ... AC13: =IFERROR(P13+(P$5*(P13/P$6)),0) -> 0 | AD13: =VLOOKUP(A13,'PBT Tag Rates'!$B$5:$E$34,4,FALSE) -> 0.80551598 | AE13: =Q13/$AD13 -> 0 | AF13: =R13/$AD13 -> 0 | AG13: =S13/$AD13 -> 0 | AH13: =T13/$AD13 -> 21.334434 | AI13: =U13/$AD13 -> 0 | AJ13: =V13/$AD13 -> 67.585575 | AK13: =W13/$AD13 -> 198.08475 | AL13: =X13/$AD13 -> 886.80066 | ... AQ13: =AC13/$AD13 -> 0 | AS13: =SUM(AE13:AG13) -> 0 | AT13: =SUM(AH13:AQ13) -> 1922.4393 | AV13: =$AV$3-C13 -> 2018 | AW13: =B13 -> LFH Ukn | AX13: SR | AY13: =SUMIFS('cwt rel info'!$A$6:$A$217,'cwt rel info'!$D$6:$D$217,'age-length prop'!AV13,'cwt rel info'!$E$6:$E$217,'age-length prop'!AW13) -> 0 | AZ13: =AS13+AT13 -> 1922.4393 | BA13: =AT77 -> 951.74399 | BB13: =AS77 -> 0 | BC13: =VLOOKUP(AW13,'Individual Data'!$U$5:$AB$3142,8,FALSE) -> blw | BD13: =IF(BC13="blw",AZ13*(1-$BA$4),AZ13*(1-$BA$3)) -> 1057.3416 | BE13: =IF(BC13="blw",BA13*(1-$BA$4),BA13*(1-$BA$3)) -> 523.4592 | BF13: =IF(BC13="blw",BB13*(1-$BB$4),BB13*(1-$BB$3)) -> 0 | BK13: =AE13-Q13 -> 0 | BL13: =AF13-R13 -> 0 | BM13: =AG13-S13 -> 0 | BN13: =AH13-T13 -> 4.1492063 | BO13: =AI13-U13 -> 0 | BP13: =AJ13-V13 -> 13.144314 | BQ13: =AK13-W13 -> 38.524317 | BR13: =AL13-X13 -> 172.46855 | ... BW13: =AQ13-AC13 -> 0 | BX13: =BY13/(BY13+BZ13) -> 0.2481203 | BY13: =SUMIFS('Individual Data'!$W$6:$W$3142,'Individual Data'!$I$6:$I$3142,'age-length prop'!BY$7,'Individual Data'!$U$6:$U$3142,'age-length prop'!$B13,'Individual Data'!$Q$6:$Q$3142,'age-length prop'!$C13) -> 33 | BZ13: =SUMIFS('Individual Data'!$W$6:$W$3142,'Individual Data'!$I$6:$I$3142,'age-length prop'!BZ$7,'Individual Data'!$U$6:$U$3142,'age-length prop'!$B13,'Individual Data'!$Q$6:$Q$3142,'age-length prop'!$C13) -> 100 | CA13: =BK13*$BX13 -> 0 | CB13: =BL13*$BX13 -> 0 | CC13: =BM13*$BX13 -> 0 | CD13: =BN13*$BX13 -> 1.0295023 | CE13: =BO13*$BX13 -> 0 | CF13: =BP13*$BX13 -> 3.2613712 | CG13: =BQ13*$BX13 -> 9.5586652 | CH13: =BR13*$BX13 -> 42.792949 | ... CM13: =BW13*$BX13 -> 0 | CO13: =BK13*(1-$BX13) -> 0 | CP13: =BL13*(1-$BX13) -> 0 | CQ13: =BM13*(1-$BX13) -> 0 | CR13: =BN13*(1-$BX13) -> 3.119704 | CS13: =BO13*(1-$BX13) -> 0 | CT13: =BP13*(1-$BX13) -> 9.8829429 | CU13: =BQ13*(1-$BX13) -> 28.965652 | CV13: =BR13*(1-$BX13) -> 129.6756 | ... DA13: =BW13*(1-$BX13) -> 0
A14: OtsLYON18S_1 | B14: LFHs | C14: 4 | D14: =SUMIFS('Individual Data'!$AA$6:$AA$3142,'Individual Data'!$U$6:$U$3142,'age-length prop'!$B14,'Individual Data'!$X$6:$X$3142,'age-length prop'!D$7,'Individual Data'!$Q$6:$Q$3142,'age-length prop'!$C14,'Individual Data'!$M$6:$M$3142,'age-length prop'!$B$6) -> 0 | E14: =SUMIFS('Individual Data'!$AA$6:$AA$3142,'Individual Data'!$U$6:$U$3142,'age-length prop'!$B14,'Individual Data'!$X$6:$X$3142,'age-length prop'!E$7,'Individual Data'!$Q$6:$Q$3142,'age-length prop'!$C14,'Individual Data'!$M$6:$M$3142,'age-length prop'!$B$6) -> 0 | F14: =SUMIFS('Individual Data'!$AA$6:$AA$3142,'Individual Data'!$U$6:$U$3142,'age-length prop'!$B14,'Individual Data'!$X$6:$X$3142,'age-length prop'!F$7,'Individual Data'!$Q$6:$Q$3142,'age-length prop'!$C14,'Individual Data'!$M$6:$M$3142,'age-length prop'!$B$6) -> 0 | G14: =SUMIFS('Individual Data'!$AA$6:$AA$3142,'Individual Data'!$U$6:$U$3142,'age-length prop'!$B14,'Individual Data'!$X$6:$X$3142,'age-length prop'!G$7,'Individual Data'!$Q$6:$Q$3142,'age-length prop'!$C14,'Individual Data'!$M$6:$M$3142,'age-length prop'!$B$6) -> 0 | H14: =SUMIFS('Individual Data'!$AA$6:$AA$3142,'Individual Data'!$U$6:$U$3142,'age-length prop'!$B14,'Individual Data'!$X$6:$X$3142,'age-length prop'!H$7,'Individual Data'!$Q$6:$Q$3142,'age-length prop'!$C14,'Individual Data'!$M$6:$M$3142,'age-length prop'!$B$6) -> 0 | I14: =SUMIFS('Individual Data'!$AA$6:$AA$3142,'Individual Data'!$U$6:$U$3142,'age-length prop'!$B14,'Individual Data'!$X$6:$X$3142,'age-length prop'!I$7,'Individual Data'!$Q$6:$Q$3142,'age-length prop'!$C14,'Individual Data'!$M$6:$M$3142,'age-length prop'!$B$6) -> 51.555682 | J14: =SUMIFS('Individual Data'!$AA$6:$AA$3142,'Individual Data'!$U$6:$U$3142,'age-length prop'!$B14,'Individual Data'!$X$6:$X$3142,'age-length prop'!J$7,'Individual Data'!$Q$6:$Q$3142,'age-length prop'!$C14,'Individual Data'!$M$6:$M$3142,'age-length prop'!$B$6) -> 85.926136 | K14: =SUMIFS('Individual Data'!$AA$6:$AA$3142,'Individual Data'!$U$6:$U$3142,'age-length prop'!$B14,'Individual Data'!$X$6:$X$3142,'age-length prop'!K$7,'Individual Data'!$Q$6:$Q$3142,'age-length prop'!$C14,'Individual Data'!$M$6:$M$3142,'age-length prop'!$B$6) -> 458.27273 | ... P14: =SUMIFS('Individual Data'!$AA$6:$AA$3142,'Individual Data'!$U$6:$U$3142,'age-length prop'!$B14,'Individual Data'!$X$6:$X$3142,'age-length prop'!P$7,'Individual Data'!$Q$6:$Q$3142,'age-length prop'!$C14,'Individual Data'!$M$6:$M$3142,'age-length prop'!$B$6) -> 0 | Q14: =IFERROR(D14+(D$5*(D14/D$6)),0) -> 0 | R14: =IFERROR(E14+(E$5*(E14/E$6)),0) -> 0 | S14: =IFERROR(F14+(F$5*(F14/F$6)),0) -> 0 | T14: =IFERROR(G14+(G$5*(G14/G$6)),0) -> 0 | U14: =IFERROR(H14+(H$5*(H14/H$6)),0) -> 0 | V14: =IFERROR(I14+(I$5*(I14/I$6)),0) -> 54.441261 | W14: =IFERROR(J14+(J$5*(J14/J$6)),0) -> 89.473139 | X14: =IFERROR(K14+(K$5*(K14/K$6)),0) -> 471.3119 | ... AC14: =IFERROR(P14+(P$5*(P14/P$6)),0) -> 0 | AD14: =VLOOKUP(A14,'PBT Tag Rates'!$B$5:$E$34,4,FALSE) -> 0.80551598 | AE14: =Q14/$AD14 -> 0 | AF14: =R14/$AD14 -> 0 | AG14: =S14/$AD14 -> 0 | AH14: =T14/$AD14 -> 0 | AI14: =U14/$AD14 -> 0 | AJ14: =V14/$AD14 -> 67.585575 | AK14: =W14/$AD14 -> 111.07556 | AL14: =X14/$AD14 -> 585.10559 | ... AQ14: =AC14/$AD14 -> 0 | AS14: =SUM(AE14:AG14) -> 0 | AT14: =SUM(AH14:AQ14) -> 1145.3689 | AV14: =$AV$3-C14 -> 2018 | AW14: =B14 -> LFHs | AX14: SR | AY14: =SUMIFS('cwt rel info'!$A$6:$A$217,'cwt rel info'!$D$6:$D$217,'age-length prop'!AV14,'cwt rel info'!$E$6:$E$217,'age-length prop'!AW14) -> 637422 | AZ14: =AS14+AT14 -> 1145.3689 | BA14: =AT78 -> 503.25434 | BB14: =AS78 -> 0 | BC14: =VLOOKUP(AW14,'Individual Data'!$U$5:$AB$3142,8,FALSE) -> blw | BD14: =IF(BC14="blw",AZ14*(1-$BA$4),AZ14*(1-$BA$3)) -> 629.95287 | BE14: =IF(BC14="blw",BA14*(1-$BA$4),BA14*(1-$BA$3)) -> 276.78989 | BF14: =IF(BC14="blw",BB14*(1-$BB$4),BB14*(1-$BB$3)) -> 0 | BK14: =AE14-Q14 -> 0 | BL14: =AF14-R14 -> 0 | BM14: =AG14-S14 -> 0 | BN14: =AH14-T14 -> 0 | BO14: =AI14-U14 -> 0 | BP14: =AJ14-V14 -> 13.144314 | BQ14: =AK14-W14 -> 21.602421 | BR14: =AL14-X14 -> 113.79368 | ... BW14: =AQ14-AC14 -> 0 | BX14: =BY14/(BY14+BZ14) -> 0.21052632 | BY14: =SUMIFS('Individual Data'!$W$6:$W$3142,'Individual Data'!$I$6:$I$3142,'age-length prop'!BY$7,'Individual Data'!$U$6:$U$3142,'age-length prop'!$B14,'Individual Data'!$Q$6:$Q$3142,'age-length prop'!$C14) -> 16 | BZ14: =SUMIFS('Individual Data'!$W$6:$W$3142,'Individual Data'!$I$6:$I$3142,'age-length prop'!BZ$7,'Individual Data'!$U$6:$U$3142,'age-length prop'!$B14,'Individual Data'!$Q$6:$Q$3142,'age-length prop'!$C14) -> 60 | CA14: =BK14*$BX14 -> 0 | CB14: =BL14*$BX14 -> 0 | CC14: =BM14*$BX14 -> 0 | CD14: =BN14*$BX14 -> 0 | CE14: =BO14*$BX14 -> 0 | CF14: =BP14*$BX14 -> 2.767224 | CG14: =BQ14*$BX14 -> 4.5478781 | CH14: =BR14*$BX14 -> 23.956565 | ... CM14: =BW14*$BX14 -> 0 | CO14: =BK14*(1-$BX14) -> 0 | CP14: =BL14*(1-$BX14) -> 0 | CQ14: =BM14*(1-$BX14) -> 0 | CR14: =BN14*(1-$BX14) -> 0 | CS14: =BO14*(1-$BX14) -> 0 | CT14: =BP14*(1-$BX14) -> 10.37709 | CU14: =BQ14*(1-$BX14) -> 17.054543 | CV14: =BR14*(1-$BX14) -> 89.837119 | ... DA14: =BW14*(1-$BX14) -> 0
A15: OtsLYON18S_1 | B15: LFHy | C15: 4 | D15: =SUMIFS('Individual Data'!$AA$6:$AA$3142,'Individual Data'!$U$6:$U$3142,'age-length prop'!$B15,'Individual Data'!$X$6:$X$3142,'age-length prop'!D$7,'Individual Data'!$Q$6:$Q$3142,'age-length prop'!$C15,'Individual Data'!$M$6:$M$3142,'age-length prop'!$B$6) -> 0 | E15: =SUMIFS('Individual Data'!$AA$6:$AA$3142,'Individual Data'!$U$6:$U$3142,'age-length prop'!$B15,'Individual Data'!$X$6:$X$3142,'age-length prop'!E$7,'Individual Data'!$Q$6:$Q$3142,'age-length prop'!$C15,'Individual Data'!$M$6:$M$3142,'age-length prop'!$B$6) -> 0 | F15: =SUMIFS('Individual Data'!$AA$6:$AA$3142,'Individual Data'!$U$6:$U$3142,'age-length prop'!$B15,'Individual Data'!$X$6:$X$3142,'age-length prop'!F$7,'Individual Data'!$Q$6:$Q$3142,'age-length prop'!$C15,'Individual Data'!$M$6:$M$3142,'age-length prop'!$B$6) -> 0 | G15: =SUMIFS('Individual Data'!$AA$6:$AA$3142,'Individual Data'!$U$6:$U$3142,'age-length prop'!$B15,'Individual Data'!$X$6:$X$3142,'age-length prop'!G$7,'Individual Data'!$Q$6:$Q$3142,'age-length prop'!$C15,'Individual Data'!$M$6:$M$3142,'age-length prop'!$B$6) -> 0 | H15: =SUMIFS('Individual Data'!$AA$6:$AA$3142,'Individual Data'!$U$6:$U$3142,'age-length prop'!$B15,'Individual Data'!$X$6:$X$3142,'age-length prop'!H$7,'Individual Data'!$Q$6:$Q$3142,'age-length prop'!$C15,'Individual Data'!$M$6:$M$3142,'age-length prop'!$B$6) -> 120.29659 | I15: =SUMIFS('Individual Data'!$AA$6:$AA$3142,'Individual Data'!$U$6:$U$3142,'age-length prop'!$B15,'Individual Data'!$X$6:$X$3142,'age-length prop'!I$7,'Individual Data'!$Q$6:$Q$3142,'age-length prop'!$C15,'Individual Data'!$M$6:$M$3142,'age-length prop'!$B$6) -> 601.48295 | J15: =SUMIFS('Individual Data'!$AA$6:$AA$3142,'Individual Data'!$U$6:$U$3142,'age-length prop'!$B15,'Individual Data'!$X$6:$X$3142,'age-length prop'!J$7,'Individual Data'!$Q$6:$Q$3142,'age-length prop'!$C15,'Individual Data'!$M$6:$M$3142,'age-length prop'!$B$6) -> 1012.4963 | K15: =SUMIFS('Individual Data'!$AA$6:$AA$3142,'Individual Data'!$U$6:$U$3142,'age-length prop'!$B15,'Individual Data'!$X$6:$X$3142,'age-length prop'!K$7,'Individual Data'!$Q$6:$Q$3142,'age-length prop'!$C15,'Individual Data'!$M$6:$M$3142,'age-length prop'!$B$6) -> 411.01335 | ... P15: =SUMIFS('Individual Data'!$AA$6:$AA$3142,'Individual Data'!$U$6:$U$3142,'age-length prop'!$B15,'Individual Data'!$X$6:$X$3142,'age-length prop'!P$7,'Individual Data'!$Q$6:$Q$3142,'age-length prop'!$C15,'Individual Data'!$M$6:$M$3142,'age-length prop'!$B$6) -> 0 | Q15: =IFERROR(D15+(D$5*(D15/D$6)),0) -> 0 | R15: =IFERROR(E15+(E$5*(E15/E$6)),0) -> 0 | S15: =IFERROR(F15+(F$5*(F15/F$6)),0) -> 0 | T15: =IFERROR(G15+(G$5*(G15/G$6)),0) -> 0 | U15: =IFERROR(H15+(H$5*(H15/H$6)),0) -> 125.11649 | V15: =IFERROR(I15+(I$5*(I15/I$6)),0) -> 635.14805 | W15: =IFERROR(J15+(J$5*(J15/J$6)),0) -> 1054.2918 | X15: =IFERROR(K15+(K$5*(K15/K$6)),0) -> 422.70786 | ... AC15: =IFERROR(P15+(P$5*(P15/P$6)),0) -> 0 | AD15: =VLOOKUP(A15,'PBT Tag Rates'!$B$5:$E$34,4,FALSE) -> 0.80551598 | AE15: =Q15/$AD15 -> 0 | AF15: =R15/$AD15 -> 0 | AG15: =S15/$AD15 -> 0 | AH15: =T15/$AD15 -> 0 | AI15: =U15/$AD15 -> 155.32465 | AJ15: =V15/$AD15 -> 788.49838 | AK15: =W15/$AD15 -> 1308.8403 | AL15: =X15/$AD15 -> 524.76657 | ... AQ15: =AC15/$AD15 -> 0 | AS15: =SUM(AE15:AG15) -> 0 | AT15: =SUM(AH15:AQ15) -> 2842.2788 | AV15: =$AV$3-C15 -> 2018 | AW15: =B15 -> LFHy | AX15: SR | AY15: =SUMIFS('cwt rel info'!$A$6:$A$217,'cwt rel info'!$D$6:$D$217,'age-length prop'!AV15,'cwt rel info'!$E$6:$E$217,'age-length prop'!AW15) -> 637603 | AZ15: =AS15+AT15 -> 2842.2788 | BA15: =AT79 -> 2712.541 | BB15: =AS79 -> 43.945741 | BC15: =VLOOKUP(AW15,'Individual Data'!$U$5:$AB$3142,8,FALSE) -> blw | BD15: =IF(BC15="blw",AZ15*(1-$BA$4),AZ15*(1-$BA$3)) -> 1563.2533 | BE15: =IF(BC15="blw",BA15*(1-$BA$4),BA15*(1-$BA$3)) -> 1491.8976 | BF15: =IF(BC15="blw",BB15*(1-$BB$4),BB15*(1-$BB$3)) -> 10.986435 | BK15: =AE15-Q15 -> 0 | BL15: =AF15-R15 -> 0 | BM15: =AG15-S15 -> 0 | BN15: =AH15-T15 -> 0 | BO15: =AI15-U15 -> 30.208162 | BP15: =AJ15-V15 -> 153.35033 | BQ15: =AK15-W15 -> 254.54853 | BR15: =AL15-X15 -> 102.05871 | ... BW15: =AQ15-AC15 -> 0 | BX15: =BY15/(BY15+BZ15) -> 0.96047431 | BY15: =SUMIFS('Individual Data'!$W$6:$W$3142,'Individual Data'!$I$6:$I$3142,'age-length prop'!BY$7,'Individual Data'!$U$6:$U$3142,'age-length prop'!$B15,'Individual Data'!$Q$6:$Q$3142,'age-length prop'!$C15) -> 243 | BZ15: =SUMIFS('Individual Data'!$W$6:$W$3142,'Individual Data'!$I$6:$I$3142,'age-length prop'!BZ$7,'Individual Data'!$U$6:$U$3142,'age-length prop'!$B15,'Individual Data'!$Q$6:$Q$3142,'age-length prop'!$C15) -> 10 | CA15: =BK15*$BX15 -> 0 | CB15: =BL15*$BX15 -> 0 | CC15: =BM15*$BX15 -> 0 | CD15: =BN15*$BX15 -> 0 | CE15: =BO15*$BX15 -> 29.014163 | CF15: =BP15*$BX15 -> 147.28905 | CG15: =BQ15*$BX15 -> 244.48732 | CH15: =BR15*$BX15 -> 98.02477 | ... CM15: =BW15*$BX15 -> 0 | CO15: =BK15*(1-$BX15) -> 0 | CP15: =BL15*(1-$BX15) -> 0 | CQ15: =BM15*(1-$BX15) -> 0 | CR15: =BN15*(1-$BX15) -> 0 | CS15: =BO15*(1-$BX15) -> 1.1939985 | CT15: =BP15*(1-$BX15) -> 6.0612779 | CU15: =BQ15*(1-$BX15) -> 10.061207 | CV15: =BR15*(1-$BX15) -> 4.0339411 | ... DA15: =BW15*(1-$BX15) -> 0
A16: OtsLYON18S_1 | B16: PLAe | C16: 4 | D16: =SUMIFS('Individual Data'!$AA$6:$AA$3142,'Individual Data'!$U$6:$U$3142,'age-length prop'!$B16,'Individual Data'!$X$6:$X$3142,'age-length prop'!D$7,'Individual Data'!$Q$6:$Q$3142,'age-length prop'!$C16,'Individual Data'!$M$6:$M$3142,'age-length prop'!$B$6) -> 0 | E16: =SUMIFS('Individual Data'!$AA$6:$AA$3142,'Individual Data'!$U$6:$U$3142,'age-length prop'!$B16,'Individual Data'!$X$6:$X$3142,'age-length prop'!E$7,'Individual Data'!$Q$6:$Q$3142,'age-length prop'!$C16,'Individual Data'!$M$6:$M$3142,'age-length prop'!$B$6) -> 0 | F16: =SUMIFS('Individual Data'!$AA$6:$AA$3142,'Individual Data'!$U$6:$U$3142,'age-length prop'!$B16,'Individual Data'!$X$6:$X$3142,'age-length prop'!F$7,'Individual Data'!$Q$6:$Q$3142,'age-length prop'!$C16,'Individual Data'!$M$6:$M$3142,'age-length prop'!$B$6) -> 0 | G16: =SUMIFS('Individual Data'!$AA$6:$AA$3142,'Individual Data'!$U$6:$U$3142,'age-length prop'!$B16,'Individual Data'!$X$6:$X$3142,'age-length prop'!G$7,'Individual Data'!$Q$6:$Q$3142,'age-length prop'!$C16,'Individual Data'!$M$6:$M$3142,'age-length prop'!$B$6) -> 0 | H16: =SUMIFS('Individual Data'!$AA$6:$AA$3142,'Individual Data'!$U$6:$U$3142,'age-length prop'!$B16,'Individual Data'!$X$6:$X$3142,'age-length prop'!H$7,'Individual Data'!$Q$6:$Q$3142,'age-length prop'!$C16,'Individual Data'!$M$6:$M$3142,'age-length prop'!$B$6) -> 0 | I16: =SUMIFS('Individual Data'!$AA$6:$AA$3142,'Individual Data'!$U$6:$U$3142,'age-length prop'!$B16,'Individual Data'!$X$6:$X$3142,'age-length prop'!I$7,'Individual Data'!$Q$6:$Q$3142,'age-length prop'!$C16,'Individual Data'!$M$6:$M$3142,'age-length prop'!$B$6) -> 17.185227 | J16: =SUMIFS('Individual Data'!$AA$6:$AA$3142,'Individual Data'!$U$6:$U$3142,'age-length prop'!$B16,'Individual Data'!$X$6:$X$3142,'age-length prop'!J$7,'Individual Data'!$Q$6:$Q$3142,'age-length prop'!$C16,'Individual Data'!$M$6:$M$3142,'age-length prop'!$B$6) -> 51.555682 | K16: =SUMIFS('Individual Data'!$AA$6:$AA$3142,'Individual Data'!$U$6:$U$3142,'age-length prop'!$B16,'Individual Data'!$X$6:$X$3142,'age-length prop'!K$7,'Individual Data'!$Q$6:$Q$3142,'age-length prop'!$C16,'Individual Data'!$M$6:$M$3142,'age-length prop'!$B$6) -> 213.38324 | ... P16: =SUMIFS('Individual Data'!$AA$6:$AA$3142,'Individual Data'!$U$6:$U$3142,'age-length prop'!$B16,'Individual Data'!$X$6:$X$3142,'age-length prop'!P$7,'Individual Data'!$Q$6:$Q$3142,'age-length prop'!$C16,'Individual Data'!$M$6:$M$3142,'age-length prop'!$B$6) -> 0 | Q16: =IFERROR(D16+(D$5*(D16/D$6)),0) -> 0 | R16: =IFERROR(E16+(E$5*(E16/E$6)),0) -> 0 | S16: =IFERROR(F16+(F$5*(F16/F$6)),0) -> 0 | T16: =IFERROR(G16+(G$5*(G16/G$6)),0) -> 0 | U16: =IFERROR(H16+(H$5*(H16/H$6)),0) -> 0 | V16: =IFERROR(I16+(I$5*(I16/I$6)),0) -> 18.147087 | W16: =IFERROR(J16+(J$5*(J16/J$6)),0) -> 53.683883 | X16: =IFERROR(K16+(K$5*(K16/K$6)),0) -> 219.45461 | ... AC16: =IFERROR(P16+(P$5*(P16/P$6)),0) -> 0 | AD16: =VLOOKUP(A16,'PBT Tag Rates'!$B$5:$E$34,4,FALSE) -> 0.80551598 | AE16: =Q16/$AD16 -> 0 | AF16: =R16/$AD16 -> 0 | AG16: =S16/$AD16 -> 0 | AH16: =T16/$AD16 -> 0 | AI16: =U16/$AD16 -> 0 | AJ16: =V16/$AD16 -> 22.528525 | AK16: =W16/$AD16 -> 66.645336 | AL16: =X16/$AD16 -> 272.43979 | ... AQ16: =AC16/$AD16 -> 0 | AS16: =SUM(AE16:AG16) -> 0 | AT16: =SUM(AH16:AQ16) -> 782.52651 | AV16: =$AV$3-C16 -> 2018 | AW16: =B16 -> PLAe | AX16: SR | AY16: =SUMIFS('cwt rel info'!$A$6:$A$217,'cwt rel info'!$D$6:$D$217,'age-length prop'!AV16,'cwt rel info'!$E$6:$E$217,'age-length prop'!AW16) -> 220513 | AZ16: =AS16+AT16 -> 782.52651 | BA16: =AT80 -> 254.08234 | BB16: =AS80 -> 0 | BC16: =VLOOKUP(AW16,'Individual Data'!$U$5:$AB$3142,8,FALSE) -> abv | BD16: =IF(BC16="blw",AZ16*(1-$BA$4),AZ16*(1-$BA$3)) -> 751.22545 | BE16: =IF(BC16="blw",BA16*(1-$BA$4),BA16*(1-$BA$3)) -> 243.91905 | BF16: =IF(BC16="blw",BB16*(1-$BB$4),BB16*(1-$BB$3)) -> 0 | BK16: =AE16-Q16 -> 0 | BL16: =AF16-R16 -> 0 | BM16: =AG16-S16 -> 0 | BN16: =AH16-T16 -> 0 | BO16: =AI16-U16 -> 0 | BP16: =AJ16-V16 -> 4.381438 | BQ16: =AK16-W16 -> 12.961453 | BR16: =AL16-X16 -> 52.985184 | ... BW16: =AQ16-AC16 -> 0 | BX16: =BY16/(BY16+BZ16) -> 0.51020408 | BY16: =SUMIFS('Individual Data'!$W$6:$W$3142,'Individual Data'!$I$6:$I$3142,'age-length prop'!BY$7,'Individual Data'!$U$6:$U$3142,'age-length prop'!$B16,'Individual Data'!$Q$6:$Q$3142,'age-length prop'!$C16) -> 25 | BZ16: =SUMIFS('Individual Data'!$W$6:$W$3142,'Individual Data'!$I$6:$I$3142,'age-length prop'!BZ$7,'Individual Data'!$U$6:$U$3142,'age-length prop'!$B16,'Individual Data'!$Q$6:$Q$3142,'age-length prop'!$C16) -> 24 | CA16: =BK16*$BX16 -> 0 | CB16: =BL16*$BX16 -> 0 | CC16: =BM16*$BX16 -> 0 | CD16: =BN16*$BX16 -> 0 | CE16: =BO16*$BX16 -> 0 | CF16: =BP16*$BX16 -> 2.2354276 | CG16: =BQ16*$BX16 -> 6.612986 | CH16: =BR16*$BX16 -> 27.033257 | ... CM16: =BW16*$BX16 -> 0 | CO16: =BK16*(1-$BX16) -> 0 | CP16: =BL16*(1-$BX16) -> 0 | CQ16: =BM16*(1-$BX16) -> 0 | CR16: =BN16*(1-$BX16) -> 0 | CS16: =BO16*(1-$BX16) -> 0 | CT16: =BP16*(1-$BX16) -> 2.1460105 | CU16: =BQ16*(1-$BX16) -> 6.3484666 | CV16: =BR16*(1-$BX16) -> 25.951927 | ... DA16: =BW16*(1-$BX16) -> 0
A17: OtsLYON18S_1 | B17: PLAl | C17: 4 | D17: =SUMIFS('Individual Data'!$AA$6:$AA$3142,'Individual Data'!$U$6:$U$3142,'age-length prop'!$B17,'Individual Data'!$X$6:$X$3142,'age-length prop'!D$7,'Individual Data'!$Q$6:$Q$3142,'age-length prop'!$C17,'Individual Data'!$M$6:$M$3142,'age-length prop'!$B$6) -> 0 | E17: =SUMIFS('Individual Data'!$AA$6:$AA$3142,'Individual Data'!$U$6:$U$3142,'age-length prop'!$B17,'Individual Data'!$X$6:$X$3142,'age-length prop'!E$7,'Individual Data'!$Q$6:$Q$3142,'age-length prop'!$C17,'Individual Data'!$M$6:$M$3142,'age-length prop'!$B$6) -> 0 | F17: =SUMIFS('Individual Data'!$AA$6:$AA$3142,'Individual Data'!$U$6:$U$3142,'age-length prop'!$B17,'Individual Data'!$X$6:$X$3142,'age-length prop'!F$7,'Individual Data'!$Q$6:$Q$3142,'age-length prop'!$C17,'Individual Data'!$M$6:$M$3142,'age-length prop'!$B$6) -> 0 | G17: =SUMIFS('Individual Data'!$AA$6:$AA$3142,'Individual Data'!$U$6:$U$3142,'age-length prop'!$B17,'Individual Data'!$X$6:$X$3142,'age-length prop'!G$7,'Individual Data'!$Q$6:$Q$3142,'age-length prop'!$C17,'Individual Data'!$M$6:$M$3142,'age-length prop'!$B$6) -> 0 | H17: =SUMIFS('Individual Data'!$AA$6:$AA$3142,'Individual Data'!$U$6:$U$3142,'age-length prop'!$B17,'Individual Data'!$X$6:$X$3142,'age-length prop'!H$7,'Individual Data'!$Q$6:$Q$3142,'age-length prop'!$C17,'Individual Data'!$M$6:$M$3142,'age-length prop'!$B$6) -> 0 | I17: =SUMIFS('Individual Data'!$AA$6:$AA$3142,'Individual Data'!$U$6:$U$3142,'age-length prop'!$B17,'Individual Data'!$X$6:$X$3142,'age-length prop'!I$7,'Individual Data'!$Q$6:$Q$3142,'age-length prop'!$C17,'Individual Data'!$M$6:$M$3142,'age-length prop'!$B$6) -> 0 | J17: =SUMIFS('Individual Data'!$AA$6:$AA$3142,'Individual Data'!$U$6:$U$3142,'age-length prop'!$B17,'Individual Data'!$X$6:$X$3142,'age-length prop'!J$7,'Individual Data'!$Q$6:$Q$3142,'age-length prop'!$C17,'Individual Data'!$M$6:$M$3142,'age-length prop'!$B$6) -> 51.555682 | K17: =SUMIFS('Individual Data'!$AA$6:$AA$3142,'Individual Data'!$U$6:$U$3142,'age-length prop'!$B17,'Individual Data'!$X$6:$X$3142,'age-length prop'!K$7,'Individual Data'!$Q$6:$Q$3142,'age-length prop'!$C17,'Individual Data'!$M$6:$M$3142,'age-length prop'!$B$6) -> 85.926136 | ... P17: =SUMIFS('Individual Data'!$AA$6:$AA$3142,'Individual Data'!$U$6:$U$3142,'age-length prop'!$B17,'Individual Data'!$X$6:$X$3142,'age-length prop'!P$7,'Individual Data'!$Q$6:$Q$3142,'age-length prop'!$C17,'Individual Data'!$M$6:$M$3142,'age-length prop'!$B$6) -> 0 | Q17: =IFERROR(D17+(D$5*(D17/D$6)),0) -> 0 | R17: =IFERROR(E17+(E$5*(E17/E$6)),0) -> 0 | S17: =IFERROR(F17+(F$5*(F17/F$6)),0) -> 0 | T17: =IFERROR(G17+(G$5*(G17/G$6)),0) -> 0 | U17: =IFERROR(H17+(H$5*(H17/H$6)),0) -> 0 | V17: =IFERROR(I17+(I$5*(I17/I$6)),0) -> 0 | W17: =IFERROR(J17+(J$5*(J17/J$6)),0) -> 53.683883 | X17: =IFERROR(K17+(K$5*(K17/K$6)),0) -> 88.370982 | ... AC17: =IFERROR(P17+(P$5*(P17/P$6)),0) -> 0 | AD17: =VLOOKUP(A17,'PBT Tag Rates'!$B$5:$E$34,4,FALSE) -> 0.80551598 | AE17: =Q17/$AD17 -> 0 | AF17: =R17/$AD17 -> 0 | AG17: =S17/$AD17 -> 0 | AH17: =T17/$AD17 -> 0 | AI17: =U17/$AD17 -> 0 | AJ17: =V17/$AD17 -> 0 | AK17: =W17/$AD17 -> 66.645336 | AL17: =X17/$AD17 -> 109.7073 | ... AQ17: =AC17/$AD17 -> 0 | AS17: =SUM(AE17:AG17) -> 0 | AT17: =SUM(AH17:AQ17) -> 284.75317 | AV17: =$AV$3-C17 -> 2018 | AW17: =B17 -> PLAl | AX17: SR | AY17: =SUMIFS('cwt rel info'!$A$6:$A$217,'cwt rel info'!$D$6:$D$217,'age-length prop'!AV17,'cwt rel info'!$E$6:$E$217,'age-length prop'!AW17) -> 220514 | AZ17: =AS17+AT17 -> 284.75317 | BA17: =AT81 -> 66.200626 | BB17: =AS81 -> 0 | BC17: =VLOOKUP(AW17,'Individual Data'!$U$5:$AB$3142,8,FALSE) -> abv | BD17: =IF(BC17="blw",AZ17*(1-$BA$4),AZ17*(1-$BA$3)) -> 273.36304 | BE17: =IF(BC17="blw",BA17*(1-$BA$4),BA17*(1-$BA$3)) -> 63.552601 | BF17: =IF(BC17="blw",BB17*(1-$BB$4),BB17*(1-$BB$3)) -> 0 | BK17: =AE17-Q17 -> 0 | BL17: =AF17-R17 -> 0 | BM17: =AG17-S17 -> 0 | BN17: =AH17-T17 -> 0 | BO17: =AI17-U17 -> 0 | BP17: =AJ17-V17 -> 0 | BQ17: =AK17-W17 -> 12.961453 | BR17: =AL17-X17 -> 21.336316 | ... BW17: =AQ17-AC17 -> 0 | BX17: =BY17/(BY17+BZ17) -> 0.875 | BY17: =SUMIFS('Individual Data'!$W$6:$W$3142,'Individual Data'!$I$6:$I$3142,'age-length prop'!BY$7,'Individual Data'!$U$6:$U$3142,'age-length prop'!$B17,'Individual Data'!$Q$6:$Q$3142,'age-length prop'!$C17) -> 14 | BZ17: =SUMIFS('Individual Data'!$W$6:$W$3142,'Individual Data'!$I$6:$I$3142,'age-length prop'!BZ$7,'Individual Data'!$U$6:$U$3142,'age-length prop'!$B17,'Individual Data'!$Q$6:$Q$3142,'age-length prop'!$C17) -> 2 | CA17: =BK17*$BX17 -> 0 | CB17: =BL17*$BX17 -> 0 | CC17: =BM17*$BX17 -> 0 | CD17: =BN17*$BX17 -> 0 | CE17: =BO17*$BX17 -> 0 | CF17: =BP17*$BX17 -> 0 | CG17: =BQ17*$BX17 -> 11.341271 | CH17: =BR17*$BX17 -> 18.669276 | ... CM17: =BW17*$BX17 -> 0 | CO17: =BK17*(1-$BX17) -> 0 | CP17: =BL17*(1-$BX17) -> 0 | CQ17: =BM17*(1-$BX17) -> 0 | CR17: =BN17*(1-$BX17) -> 0 | CS17: =BO17*(1-$BX17) -> 0 | CT17: =BP17*(1-$BX17) -> 0 | CU17: =BQ17*(1-$BX17) -> 1.6201816 | CV17: =BR17*(1-$BX17) -> 2.6670395 | ... DA17: =BW17*(1-$BX17) -> 0
A18: OtsLYON19S_1 | B18: BCAe | C18: 3 | D18: =SUMIFS('Individual Data'!$AA$6:$AA$3142,'Individual Data'!$U$6:$U$3142,'age-length prop'!$B18,'Individual Data'!$X$6:$X$3142,'age-length prop'!D$7,'Individual Data'!$Q$6:$Q$3142,'age-length prop'!$C18,'Individual Data'!$M$6:$M$3142,'age-length prop'!$B$6) -> 0 | E18: =SUMIFS('Individual Data'!$AA$6:$AA$3142,'Individual Data'!$U$6:$U$3142,'age-length prop'!$B18,'Individual Data'!$X$6:$X$3142,'age-length prop'!E$7,'Individual Data'!$Q$6:$Q$3142,'age-length prop'!$C18,'Individual Data'!$M$6:$M$3142,'age-length prop'!$B$6) -> 0 | F18: =SUMIFS('Individual Data'!$AA$6:$AA$3142,'Individual Data'!$U$6:$U$3142,'age-length prop'!$B18,'Individual Data'!$X$6:$X$3142,'age-length prop'!F$7,'Individual Data'!$Q$6:$Q$3142,'age-length prop'!$C18,'Individual Data'!$M$6:$M$3142,'age-length prop'!$B$6) -> 0 | G18: =SUMIFS('Individual Data'!$AA$6:$AA$3142,'Individual Data'!$U$6:$U$3142,'age-length prop'!$B18,'Individual Data'!$X$6:$X$3142,'age-length prop'!G$7,'Individual Data'!$Q$6:$Q$3142,'age-length prop'!$C18,'Individual Data'!$M$6:$M$3142,'age-length prop'!$B$6) -> 0 | H18: =SUMIFS('Individual Data'!$AA$6:$AA$3142,'Individual Data'!$U$6:$U$3142,'age-length prop'!$B18,'Individual Data'!$X$6:$X$3142,'age-length prop'!H$7,'Individual Data'!$Q$6:$Q$3142,'age-length prop'!$C18,'Individual Data'!$M$6:$M$3142,'age-length prop'!$B$6) -> 34.370455 | I18: =SUMIFS('Individual Data'!$AA$6:$AA$3142,'Individual Data'!$U$6:$U$3142,'age-length prop'!$B18,'Individual Data'!$X$6:$X$3142,'age-length prop'!I$7,'Individual Data'!$Q$6:$Q$3142,'age-length prop'!$C18,'Individual Data'!$M$6:$M$3142,'age-length prop'!$B$6) -> 103.11136 | J18: =SUMIFS('Individual Data'!$AA$6:$AA$3142,'Individual Data'!$U$6:$U$3142,'age-length prop'!$B18,'Individual Data'!$X$6:$X$3142,'age-length prop'!J$7,'Individual Data'!$Q$6:$Q$3142,'age-length prop'!$C18,'Individual Data'!$M$6:$M$3142,'age-length prop'!$B$6) -> 50.12358 | K18: =SUMIFS('Individual Data'!$AA$6:$AA$3142,'Individual Data'!$U$6:$U$3142,'age-length prop'!$B18,'Individual Data'!$X$6:$X$3142,'age-length prop'!K$7,'Individual Data'!$Q$6:$Q$3142,'age-length prop'!$C18,'Individual Data'!$M$6:$M$3142,'age-length prop'!$B$6) -> 0 | ... P18: =SUMIFS('Individual Data'!$AA$6:$AA$3142,'Individual Data'!$U$6:$U$3142,'age-length prop'!$B18,'Individual Data'!$X$6:$X$3142,'age-length prop'!P$7,'Individual Data'!$Q$6:$Q$3142,'age-length prop'!$C18,'Individual Data'!$M$6:$M$3142,'age-length prop'!$B$6) -> 0 | Q18: =IFERROR(D18+(D$5*(D18/D$6)),0) -> 0 | R18: =IFERROR(E18+(E$5*(E18/E$6)),0) -> 0 | S18: =IFERROR(F18+(F$5*(F18/F$6)),0) -> 0 | T18: =IFERROR(G18+(G$5*(G18/G$6)),0) -> 0 | U18: =IFERROR(H18+(H$5*(H18/H$6)),0) -> 35.747568 | V18: =IFERROR(I18+(I$5*(I18/I$6)),0) -> 108.88252 | W18: =IFERROR(J18+(J$5*(J18/J$6)),0) -> 52.192664 | X18: =IFERROR(K18+(K$5*(K18/K$6)),0) -> 0 | ... AC18: =IFERROR(P18+(P$5*(P18/P$6)),0) -> 0 | AD18: =VLOOKUP(A18,'PBT Tag Rates'!$B$5:$E$34,4,FALSE) -> 0.95971981 | AE18: =Q18/$AD18 -> 0 | AF18: =R18/$AD18 -> 0 | AG18: =S18/$AD18 -> 0 | AH18: =T18/$AD18 -> 0 | AI18: =U18/$AD18 -> 37.247921 | AJ18: =V18/$AD18 -> 113.45241 | AK18: =W18/$AD18 -> 54.383231 | AL18: =X18/$AD18 -> 0 | ... AQ18: =AC18/$AD18 -> 0 | AS18: =SUM(AE18:AG18) -> 0 | AT18: =SUM(AH18:AQ18) -> 205.08356 | AV18: =$AV$3-C18 -> 2019 | AW18: =B18 -> BCAe | AX18: SR | AY18: =SUMIFS('cwt rel info'!$A$6:$A$217,'cwt rel info'!$D$6:$D$217,'age-length prop'!AV18,'cwt rel info'!$E$6:$E$217,'age-length prop'!AW18) -> 220197 | AZ18: =AS18+AT18 -> 205.08356 | BA18: =AT82 -> 1322.6701 | BB18: =AS82 -> 91.072378 | BC18: =VLOOKUP(AW18,'Individual Data'!$U$5:$AB$3142,8,FALSE) -> abv | BD18: =IF(BC18="blw",AZ18*(1-$BA$4),AZ18*(1-$BA$3)) -> 196.88022 | BE18: =IF(BC18="blw",BA18*(1-$BA$4),BA18*(1-$BA$3)) -> 1269.7633 | BF18: =IF(BC18="blw",BB18*(1-$BB$4),BB18*(1-$BB$3)) -> 85.608036 | BK18: =AE18-Q18 -> 0 | BL18: =AF18-R18 -> 0 | BM18: =AG18-S18 -> 0 | BN18: =AH18-T18 -> 0 | BO18: =AI18-U18 -> 1.5003534 | BP18: =AJ18-V18 -> 4.5698846 | BQ18: =AK18-W18 -> 2.1905669 | BR18: =AL18-X18 -> 0 | ... BW18: =AQ18-AC18 -> 0 | BX18: =BY18/(BY18+BZ18) -> 0.46590909 | BY18: =SUMIFS('Individual Data'!$W$6:$W$3142,'Individual Data'!$I$6:$I$3142,'age-length prop'!BY$7,'Individual Data'!$U$6:$U$3142,'age-length prop'!$B18,'Individual Data'!$Q$6:$Q$3142,'age-length prop'!$C18) -> 41 | BZ18: =SUMIFS('Individual Data'!$W$6:$W$3142,'Individual Data'!$I$6:$I$3142,'age-length prop'!BZ$7,'Individual Data'!$U$6:$U$3142,'age-length prop'!$B18,'Individual Data'!$Q$6:$Q$3142,'age-length prop'!$C18) -> 47 | CA18: =BK18*$BX18 -> 0 | CB18: =BL18*$BX18 -> 0 | CC18: =BM18*$BX18 -> 0 | CD18: =BN18*$BX18 -> 0 | CE18: =BO18*$BX18 -> 0.69902828 | CF18: =BP18*$BX18 -> 2.1291508 | CG18: =BQ18*$BX18 -> 1.0206051 | CH18: =BR18*$BX18 -> 0 | ... CM18: =BW18*$BX18 -> 0 | CO18: =BK18*(1-$BX18) -> 0 | CP18: =BL18*(1-$BX18) -> 0 | CQ18: =BM18*(1-$BX18) -> 0 | CR18: =BN18*(1-$BX18) -> 0 | CS18: =BO18*(1-$BX18) -> 0.8013251 | CT18: =BP18*(1-$BX18) -> 2.4407338 | CU18: =BQ18*(1-$BX18) -> 1.1699619 | CV18: =BR18*(1-$BX18) -> 0 | ... DA18: =BW18*(1-$BX18) -> 0
A19: OtsLYON19S_1 | B19: BCAl | C19: 3 | D19: =SUMIFS('Individual Data'!$AA$6:$AA$3142,'Individual Data'!$U$6:$U$3142,'age-length prop'!$B19,'Individual Data'!$X$6:$X$3142,'age-length prop'!D$7,'Individual Data'!$Q$6:$Q$3142,'age-length prop'!$C19,'Individual Data'!$M$6:$M$3142,'age-length prop'!$B$6) -> 0 | E19: =SUMIFS('Individual Data'!$AA$6:$AA$3142,'Individual Data'!$U$6:$U$3142,'age-length prop'!$B19,'Individual Data'!$X$6:$X$3142,'age-length prop'!E$7,'Individual Data'!$Q$6:$Q$3142,'age-length prop'!$C19,'Individual Data'!$M$6:$M$3142,'age-length prop'!$B$6) -> 0 | F19: =SUMIFS('Individual Data'!$AA$6:$AA$3142,'Individual Data'!$U$6:$U$3142,'age-length prop'!$B19,'Individual Data'!$X$6:$X$3142,'age-length prop'!F$7,'Individual Data'!$Q$6:$Q$3142,'age-length prop'!$C19,'Individual Data'!$M$6:$M$3142,'age-length prop'!$B$6) -> 0 | G19: =SUMIFS('Individual Data'!$AA$6:$AA$3142,'Individual Data'!$U$6:$U$3142,'age-length prop'!$B19,'Individual Data'!$X$6:$X$3142,'age-length prop'!G$7,'Individual Data'!$Q$6:$Q$3142,'age-length prop'!$C19,'Individual Data'!$M$6:$M$3142,'age-length prop'!$B$6) -> 0 | H19: =SUMIFS('Individual Data'!$AA$6:$AA$3142,'Individual Data'!$U$6:$U$3142,'age-length prop'!$B19,'Individual Data'!$X$6:$X$3142,'age-length prop'!H$7,'Individual Data'!$Q$6:$Q$3142,'age-length prop'!$C19,'Individual Data'!$M$6:$M$3142,'age-length prop'!$B$6) -> 17.185227 | I19: =SUMIFS('Individual Data'!$AA$6:$AA$3142,'Individual Data'!$U$6:$U$3142,'age-length prop'!$B19,'Individual Data'!$X$6:$X$3142,'age-length prop'!I$7,'Individual Data'!$Q$6:$Q$3142,'age-length prop'!$C19,'Individual Data'!$M$6:$M$3142,'age-length prop'!$B$6) -> 17.185227 | J19: =SUMIFS('Individual Data'!$AA$6:$AA$3142,'Individual Data'!$U$6:$U$3142,'age-length prop'!$B19,'Individual Data'!$X$6:$X$3142,'age-length prop'!J$7,'Individual Data'!$Q$6:$Q$3142,'age-length prop'!$C19,'Individual Data'!$M$6:$M$3142,'age-length prop'!$B$6) -> 0 | K19: =SUMIFS('Individual Data'!$AA$6:$AA$3142,'Individual Data'!$U$6:$U$3142,'age-length prop'!$B19,'Individual Data'!$X$6:$X$3142,'age-length prop'!K$7,'Individual Data'!$Q$6:$Q$3142,'age-length prop'!$C19,'Individual Data'!$M$6:$M$3142,'age-length prop'!$B$6) -> 0 | ... P19: =SUMIFS('Individual Data'!$AA$6:$AA$3142,'Individual Data'!$U$6:$U$3142,'age-length prop'!$B19,'Individual Data'!$X$6:$X$3142,'age-length prop'!P$7,'Individual Data'!$Q$6:$Q$3142,'age-length prop'!$C19,'Individual Data'!$M$6:$M$3142,'age-length prop'!$B$6) -> 0 | Q19: =IFERROR(D19+(D$5*(D19/D$6)),0) -> 0 | R19: =IFERROR(E19+(E$5*(E19/E$6)),0) -> 0 | S19: =IFERROR(F19+(F$5*(F19/F$6)),0) -> 0 | T19: =IFERROR(G19+(G$5*(G19/G$6)),0) -> 0 | U19: =IFERROR(H19+(H$5*(H19/H$6)),0) -> 17.873784 | V19: =IFERROR(I19+(I$5*(I19/I$6)),0) -> 18.147087 | W19: =IFERROR(J19+(J$5*(J19/J$6)),0) -> 0 | X19: =IFERROR(K19+(K$5*(K19/K$6)),0) -> 0 | ... AC19: =IFERROR(P19+(P$5*(P19/P$6)),0) -> 0 | AD19: =VLOOKUP(A19,'PBT Tag Rates'!$B$5:$E$34,4,FALSE) -> 0.95971981 | AE19: =Q19/$AD19 -> 0 | AF19: =R19/$AD19 -> 0 | AG19: =S19/$AD19 -> 0 | AH19: =T19/$AD19 -> 0 | AI19: =U19/$AD19 -> 18.623961 | AJ19: =V19/$AD19 -> 18.908734 | AK19: =W19/$AD19 -> 0 | AL19: =X19/$AD19 -> 0 | ... AQ19: =AC19/$AD19 -> 0 | AS19: =SUM(AE19:AG19) -> 0 | AT19: =SUM(AH19:AQ19) -> 37.532695 | AV19: =$AV$3-C19 -> 2019 | AW19: =B19 -> BCAl | AX19: SR | AY19: =SUMIFS('cwt rel info'!$A$6:$A$217,'cwt rel info'!$D$6:$D$217,'age-length prop'!AV19,'cwt rel info'!$E$6:$E$217,'age-length prop'!AW19) -> 220198 | AZ19: =AS19+AT19 -> 37.532695 | BA19: =AT83 -> 332.2845 | BB19: =AS83 -> 0 | BC19: =VLOOKUP(AW19,'Individual Data'!$U$5:$AB$3142,8,FALSE) -> abv | BD19: =IF(BC19="blw",AZ19*(1-$BA$4),AZ19*(1-$BA$3)) -> 36.031387 | BE19: =IF(BC19="blw",BA19*(1-$BA$4),BA19*(1-$BA$3)) -> 318.99312 | BF19: =IF(BC19="blw",BB19*(1-$BB$4),BB19*(1-$BB$3)) -> 0 | BK19: =AE19-Q19 -> 0 | BL19: =AF19-R19 -> 0 | BM19: =AG19-S19 -> 0 | BN19: =AH19-T19 -> 0 | BO19: =AI19-U19 -> 0.75017669 | BP19: =AJ19-V19 -> 0.76164743 | BQ19: =AK19-W19 -> 0 | BR19: =AL19-X19 -> 0 | ... BW19: =AQ19-AC19 -> 0 | BX19: =BY19/(BY19+BZ19) -> 1 | BY19: =SUMIFS('Individual Data'!$W$6:$W$3142,'Individual Data'!$I$6:$I$3142,'age-length prop'!BY$7,'Individual Data'!$U$6:$U$3142,'age-length prop'!$B19,'Individual Data'!$Q$6:$Q$3142,'age-length prop'!$C19) -> 20 | BZ19: =SUMIFS('Individual Data'!$W$6:$W$3142,'Individual Data'!$I$6:$I$3142,'age-length prop'!BZ$7,'Individual Data'!$U$6:$U$3142,'age-length prop'!$B19,'Individual Data'!$Q$6:$Q$3142,'age-length prop'!$C19) -> 0 | CA19: =BK19*$BX19 -> 0 | CB19: =BL19*$BX19 -> 0 | CC19: =BM19*$BX19 -> 0 | CD19: =BN19*$BX19 -> 0 | CE19: =BO19*$BX19 -> 0.75017669 | CF19: =BP19*$BX19 -> 0.76164743 | CG19: =BQ19*$BX19 -> 0 | CH19: =BR19*$BX19 -> 0 | ... CM19: =BW19*$BX19 -> 0 | CO19: =BK19*(1-$BX19) -> 0 | CP19: =BL19*(1-$BX19) -> 0 | CQ19: =BM19*(1-$BX19) -> 0 | CR19: =BN19*(1-$BX19) -> 0 | CS19: =BO19*(1-$BX19) -> 0 | CT19: =BP19*(1-$BX19) -> 0 | CU19: =BQ19*(1-$BX19) -> 0 | CV19: =BR19*(1-$BX19) -> 0 | ... DA19: =BW19*(1-$BX19) -> 0
... A52: OtsPBT17-LWSFa | B52: LWSFH | C52: 5 | D52: =SUMIFS('Individual Data'!$AA$6:$AA$3142,'Individual Data'!$U$6:$U$3142,'age-length prop'!$B52,'Individual Data'!$X$6:$X$3142,'age-length prop'!D$7,'Individual Data'!$Q$6:$Q$3142,'age-length prop'!$C52,'Individual Data'!$M$6:$M$3142,'age-length prop'!$B$6) -> 0 | E52: =SUMIFS('Individual Data'!$AA$6:$AA$3142,'Individual Data'!$U$6:$U$3142,'age-length prop'!$B52,'Individual Data'!$X$6:$X$3142,'age-length prop'!E$7,'Individual Data'!$Q$6:$Q$3142,'age-length prop'!$C52,'Individual Data'!$M$6:$M$3142,'age-length prop'!$B$6) -> 0 | F52: =SUMIFS('Individual Data'!$AA$6:$AA$3142,'Individual Data'!$U$6:$U$3142,'age-length prop'!$B52,'Individual Data'!$X$6:$X$3142,'age-length prop'!F$7,'Individual Data'!$Q$6:$Q$3142,'age-length prop'!$C52,'Individual Data'!$M$6:$M$3142,'age-length prop'!$B$6) -> 0 | G52: =SUMIFS('Individual Data'!$AA$6:$AA$3142,'Individual Data'!$U$6:$U$3142,'age-length prop'!$B52,'Individual Data'!$X$6:$X$3142,'age-length prop'!G$7,'Individual Data'!$Q$6:$Q$3142,'age-length prop'!$C52,'Individual Data'!$M$6:$M$3142,'age-length prop'!$B$6) -> 0 | H52: =SUMIFS('Individual Data'!$AA$6:$AA$3142,'Individual Data'!$U$6:$U$3142,'age-length prop'!$B52,'Individual Data'!$X$6:$X$3142,'age-length prop'!H$7,'Individual Data'!$Q$6:$Q$3142,'age-length prop'!$C52,'Individual Data'!$M$6:$M$3142,'age-length prop'!$B$6) -> 0 | I52: =SUMIFS('Individual Data'!$AA$6:$AA$3142,'Individual Data'!$U$6:$U$3142,'age-length prop'!$B52,'Individual Data'!$X$6:$X$3142,'age-length prop'!I$7,'Individual Data'!$Q$6:$Q$3142,'age-length prop'!$C52,'Individual Data'!$M$6:$M$3142,'age-length prop'!$B$6) -> 0 | J52: =SUMIFS('Individual Data'!$AA$6:$AA$3142,'Individual Data'!$U$6:$U$3142,'age-length prop'!$B52,'Individual Data'!$X$6:$X$3142,'age-length prop'!J$7,'Individual Data'!$Q$6:$Q$3142,'age-length prop'!$C52,'Individual Data'!$M$6:$M$3142,'age-length prop'!$B$6) -> 0 | K52: =SUMIFS('Individual Data'!$AA$6:$AA$3142,'Individual Data'!$U$6:$U$3142,'age-length prop'!$B52,'Individual Data'!$X$6:$X$3142,'age-length prop'!K$7,'Individual Data'!$Q$6:$Q$3142,'age-length prop'!$C52,'Individual Data'!$M$6:$M$3142,'age-length prop'!$B$6) -> 0 | ... P52: =SUMIFS('Individual Data'!$AA$6:$AA$3142,'Individual Data'!$U$6:$U$3142,'age-length prop'!$B52,'Individual Data'!$X$6:$X$3142,'age-length prop'!P$7,'Individual Data'!$Q$6:$Q$3142,'age-length prop'!$C52,'Individual Data'!$M$6:$M$3142,'age-length prop'!$B$6) -> 0 | Q52: =IFERROR(D52+(D$5*(D52/D$6)),0) -> 0 | R52: =IFERROR(E52+(E$5*(E52/E$6)),0) -> 0 | S52: =IFERROR(F52+(F$5*(F52/F$6)),0) -> 0 | T52: =IFERROR(G52+(G$5*(G52/G$6)),0) -> 0 | U52: =IFERROR(H52+(H$5*(H52/H$6)),0) -> 0 | V52: =IFERROR(I52+(I$5*(I52/I$6)),0) -> 0 | W52: =IFERROR(J52+(J$5*(J52/J$6)),0) -> 0 | X52: =IFERROR(K52+(K$5*(K52/K$6)),0) -> 0 | ... AC52: =IFERROR(P52+(P$5*(P52/P$6)),0) -> 0 | AD52: =VLOOKUP(A52,'PBT Tag Rates'!$B$5:$E$34,4,FALSE) -> 0.959513 | AE52: =Q52/$AD52 -> 0 | AF52: =R52/$AD52 -> 0 | AG52: =S52/$AD52 -> 0 | AH52: =T52/$AD52 -> 0 | AI52: =U52/$AD52 -> 0 | AJ52: =V52/$AD52 -> 0 | AK52: =W52/$AD52 -> 0 | AL52: =X52/$AD52 -> 0 | ... AQ52: =AC52/$AD52 -> 0 | AS52: =SUM(AE52:AG52) -> 0 | AT52: =SUM(AH52:AQ52) -> 18.146978 | AV52: =$AV$3-C52 -> 2017 | AW52: =B52 -> LWSFH | AX52: stray | AY52: =SUMIFS('cwt rel info'!$A$6:$A$217,'cwt rel info'!$D$6:$D$217,'age-length prop'!AV52,'cwt rel info'!$E$6:$E$217,'age-length prop'!AW52) -> 0 | AZ52: =AS52+AT52 -> 18.146978 | BA52: =AT116 -> 0 | BB52: =AS116 -> 0 | BC52: =VLOOKUP(AW52,'Individual Data'!$U$5:$AB$3142,8,FALSE) -> blw | BD52: =IF(BC52="blw",AZ52*(1-$BA$4),AZ52*(1-$BA$3)) -> 9.980838 | BE52: =IF(BC52="blw",BA52*(1-$BA$4),BA52*(1-$BA$3)) -> 0 | BF52: =IF(BC52="blw",BB52*(1-$BB$4),BB52*(1-$BB$3)) -> 0 | BK52: =AE52-Q52 -> 0 | BL52: =AF52-R52 -> 0 | BM52: =AG52-S52 -> 0 | BN52: =AH52-T52 -> 0 | BO52: =AI52-U52 -> 0 | BP52: =AJ52-V52 -> 0 | BQ52: =AK52-W52 -> 0 | BR52: =AL52-X52 -> 0 | ... BW52: =AQ52-AC52 -> 0 | BX52: =BY52/(BY52+BZ52) -> 1 | BY52: =SUMIFS('Individual Data'!$W$6:$W$3142,'Individual Data'!$I$6:$I$3142,'age-length prop'!BY$7,'Individual Data'!$U$6:$U$3142,'age-length prop'!$B52,'Individual Data'!$Q$6:$Q$3142,'age-length prop'!$C52) -> 1 | BZ52: =SUMIFS('Individual Data'!$W$6:$W$3142,'Individual Data'!$I$6:$I$3142,'age-length prop'!BZ$7,'Individual Data'!$U$6:$U$3142,'age-length prop'!$B52,'Individual Data'!$Q$6:$Q$3142,'age-length prop'!$C52) -> 0 | CA52: =BK52*$BX52 -> 0 | CB52: =BL52*$BX52 -> 0 | CC52: =BM52*$BX52 -> 0 | CD52: =BN52*$BX52 -> 0 | CE52: =BO52*$BX52 -> 0 | CF52: =BP52*$BX52 -> 0 | CG52: =BQ52*$BX52 -> 0 | CH52: =BR52*$BX52 -> 0 | ... CM52: =BW52*$BX52 -> 0 | CO52: =BK52*(1-$BX52) -> 0 | CP52: =BL52*(1-$BX52) -> 0 | CQ52: =BM52*(1-$BX52) -> 0 | CR52: =BN52*(1-$BX52) -> 0 | CS52: =BO52*(1-$BX52) -> 0 | CT52: =BP52*(1-$BX52) -> 0 | CU52: =BQ52*(1-$BX52) -> 0 | CV52: =BR52*(1-$BX52) -> 0 | ... DA52: =BW52*(1-$BX52) -> 0
A53: OtsPBT17-PRHFa | B53: PRFH | C53: 5 | D53: =SUMIFS('Individual Data'!$AA$6:$AA$3142,'Individual Data'!$U$6:$U$3142,'age-length prop'!$B53,'Individual Data'!$X$6:$X$3142,'age-length prop'!D$7,'Individual Data'!$Q$6:$Q$3142,'age-length prop'!$C53,'Individual Data'!$M$6:$M$3142,'age-length prop'!$B$6) -> 0 | E53: =SUMIFS('Individual Data'!$AA$6:$AA$3142,'Individual Data'!$U$6:$U$3142,'age-length prop'!$B53,'Individual Data'!$X$6:$X$3142,'age-length prop'!E$7,'Individual Data'!$Q$6:$Q$3142,'age-length prop'!$C53,'Individual Data'!$M$6:$M$3142,'age-length prop'!$B$6) -> 0 | F53: =SUMIFS('Individual Data'!$AA$6:$AA$3142,'Individual Data'!$U$6:$U$3142,'age-length prop'!$B53,'Individual Data'!$X$6:$X$3142,'age-length prop'!F$7,'Individual Data'!$Q$6:$Q$3142,'age-length prop'!$C53,'Individual Data'!$M$6:$M$3142,'age-length prop'!$B$6) -> 0 | G53: =SUMIFS('Individual Data'!$AA$6:$AA$3142,'Individual Data'!$U$6:$U$3142,'age-length prop'!$B53,'Individual Data'!$X$6:$X$3142,'age-length prop'!G$7,'Individual Data'!$Q$6:$Q$3142,'age-length prop'!$C53,'Individual Data'!$M$6:$M$3142,'age-length prop'!$B$6) -> 0 | H53: =SUMIFS('Individual Data'!$AA$6:$AA$3142,'Individual Data'!$U$6:$U$3142,'age-length prop'!$B53,'Individual Data'!$X$6:$X$3142,'age-length prop'!H$7,'Individual Data'!$Q$6:$Q$3142,'age-length prop'!$C53,'Individual Data'!$M$6:$M$3142,'age-length prop'!$B$6) -> 0 | I53: =SUMIFS('Individual Data'!$AA$6:$AA$3142,'Individual Data'!$U$6:$U$3142,'age-length prop'!$B53,'Individual Data'!$X$6:$X$3142,'age-length prop'!I$7,'Individual Data'!$Q$6:$Q$3142,'age-length prop'!$C53,'Individual Data'!$M$6:$M$3142,'age-length prop'!$B$6) -> 0 | J53: =SUMIFS('Individual Data'!$AA$6:$AA$3142,'Individual Data'!$U$6:$U$3142,'age-length prop'!$B53,'Individual Data'!$X$6:$X$3142,'age-length prop'!J$7,'Individual Data'!$Q$6:$Q$3142,'age-length prop'!$C53,'Individual Data'!$M$6:$M$3142,'age-length prop'!$B$6) -> 0 | K53: =SUMIFS('Individual Data'!$AA$6:$AA$3142,'Individual Data'!$U$6:$U$3142,'age-length prop'!$B53,'Individual Data'!$X$6:$X$3142,'age-length prop'!K$7,'Individual Data'!$Q$6:$Q$3142,'age-length prop'!$C53,'Individual Data'!$M$6:$M$3142,'age-length prop'!$B$6) -> 0 | ... P53: =SUMIFS('Individual Data'!$AA$6:$AA$3142,'Individual Data'!$U$6:$U$3142,'age-length prop'!$B53,'Individual Data'!$X$6:$X$3142,'age-length prop'!P$7,'Individual Data'!$Q$6:$Q$3142,'age-length prop'!$C53,'Individual Data'!$M$6:$M$3142,'age-length prop'!$B$6) -> 0 | Q53: =IFERROR(D53+(D$5*(D53/D$6)),0) -> 0 | R53: =IFERROR(E53+(E$5*(E53/E$6)),0) -> 0 | S53: =IFERROR(F53+(F$5*(F53/F$6)),0) -> 0 | T53: =IFERROR(G53+(G$5*(G53/G$6)),0) -> 0 | U53: =IFERROR(H53+(H$5*(H53/H$6)),0) -> 0 | V53: =IFERROR(I53+(I$5*(I53/I$6)),0) -> 0 | W53: =IFERROR(J53+(J$5*(J53/J$6)),0) -> 0 | X53: =IFERROR(K53+(K$5*(K53/K$6)),0) -> 0 | ... AC53: =IFERROR(P53+(P$5*(P53/P$6)),0) -> 0 | AD53: =VLOOKUP(A53,'PBT Tag Rates'!$B$5:$E$34,4,FALSE) -> 0.909462 | AE53: =Q53/$AD53 -> 0 | AF53: =R53/$AD53 -> 0 | AG53: =S53/$AD53 -> 0 | AH53: =T53/$AD53 -> 0 | AI53: =U53/$AD53 -> 0 | AJ53: =V53/$AD53 -> 0 | AK53: =W53/$AD53 -> 0 | AL53: =X53/$AD53 -> 0 | ... AQ53: =AC53/$AD53 -> 0 | AS53: =SUM(AE53:AG53) -> 0 | AT53: =SUM(AH53:AQ53) -> 19.145672 | AV53: =$AV$3-C53 -> 2017 | AW53: =B53 -> PRFH | AX53: stray | AY53: 637357 | AZ53: =AS53+AT53 -> 19.145672 | BA53: =AT117 -> 19.783522 | BB53: =AS117 -> 0 | BC53: =VLOOKUP(AW53,'Individual Data'!$U$5:$AB$3142,8,FALSE) -> blw | BD53: =IF(BC53="blw",AZ53*(1-$BA$4),AZ53*(1-$BA$3)) -> 10.53012 | BE53: =IF(BC53="blw",BA53*(1-$BA$4),BA53*(1-$BA$3)) -> 10.880937 | BF53: =IF(BC53="blw",BB53*(1-$BB$4),BB53*(1-$BB$3)) -> 0 | BK53: =AE53-Q53 -> 0 | BL53: =AF53-R53 -> 0 | BM53: =AG53-S53 -> 0 | BN53: =AH53-T53 -> 0 | BO53: =AI53-U53 -> 0 | BP53: =AJ53-V53 -> 0 | BQ53: =AK53-W53 -> 0 | BR53: =AL53-X53 -> 0 | ... BW53: =AQ53-AC53 -> 0 | BX53: =BY53/(BY53+BZ53) -> 0.5 | BY53: =SUMIFS('Individual Data'!$W$6:$W$3142,'Individual Data'!$I$6:$I$3142,'age-length prop'!BY$7,'Individual Data'!$U$6:$U$3142,'age-length prop'!$B53,'Individual Data'!$Q$6:$Q$3142,'age-length prop'!$C53) -> 1 | BZ53: =SUMIFS('Individual Data'!$W$6:$W$3142,'Individual Data'!$I$6:$I$3142,'age-length prop'!BZ$7,'Individual Data'!$U$6:$U$3142,'age-length prop'!$B53,'Individual Data'!$Q$6:$Q$3142,'age-length prop'!$C53) -> 1 | CA53: =BK53*$BX53 -> 0 | CB53: =BL53*$BX53 -> 0 | CC53: =BM53*$BX53 -> 0 | CD53: =BN53*$BX53 -> 0 | CE53: =BO53*$BX53 -> 0 | CF53: =BP53*$BX53 -> 0 | CG53: =BQ53*$BX53 -> 0 | CH53: =BR53*$BX53 -> 0 | ... CM53: =BW53*$BX53 -> 0 | CO53: =BK53*(1-$BX53) -> 0 | CP53: =BL53*(1-$BX53) -> 0 | CQ53: =BM53*(1-$BX53) -> 0 | CR53: =BN53*(1-$BX53) -> 0 | CS53: =BO53*(1-$BX53) -> 0 | CT53: =BP53*(1-$BX53) -> 0 | CU53: =BQ53*(1-$BX53) -> 0 | CV53: =BR53*(1-$BX53) -> 0 | ... DA53: =BW53*(1-$BX53) -> 0
A54: OtsPBT17-RSHFa | B54: RingoldspFH | C54: 5 | D54: =SUMIFS('Individual Data'!$AA$6:$AA$3142,'Individual Data'!$U$6:$U$3142,'age-length prop'!$B54,'Individual Data'!$X$6:$X$3142,'age-length prop'!D$7,'Individual Data'!$Q$6:$Q$3142,'age-length prop'!$C54,'Individual Data'!$M$6:$M$3142,'age-length prop'!$B$6) -> 0 | E54: =SUMIFS('Individual Data'!$AA$6:$AA$3142,'Individual Data'!$U$6:$U$3142,'age-length prop'!$B54,'Individual Data'!$X$6:$X$3142,'age-length prop'!E$7,'Individual Data'!$Q$6:$Q$3142,'age-length prop'!$C54,'Individual Data'!$M$6:$M$3142,'age-length prop'!$B$6) -> 0 | F54: =SUMIFS('Individual Data'!$AA$6:$AA$3142,'Individual Data'!$U$6:$U$3142,'age-length prop'!$B54,'Individual Data'!$X$6:$X$3142,'age-length prop'!F$7,'Individual Data'!$Q$6:$Q$3142,'age-length prop'!$C54,'Individual Data'!$M$6:$M$3142,'age-length prop'!$B$6) -> 0 | G54: =SUMIFS('Individual Data'!$AA$6:$AA$3142,'Individual Data'!$U$6:$U$3142,'age-length prop'!$B54,'Individual Data'!$X$6:$X$3142,'age-length prop'!G$7,'Individual Data'!$Q$6:$Q$3142,'age-length prop'!$C54,'Individual Data'!$M$6:$M$3142,'age-length prop'!$B$6) -> 0 | H54: =SUMIFS('Individual Data'!$AA$6:$AA$3142,'Individual Data'!$U$6:$U$3142,'age-length prop'!$B54,'Individual Data'!$X$6:$X$3142,'age-length prop'!H$7,'Individual Data'!$Q$6:$Q$3142,'age-length prop'!$C54,'Individual Data'!$M$6:$M$3142,'age-length prop'!$B$6) -> 0 | I54: =SUMIFS('Individual Data'!$AA$6:$AA$3142,'Individual Data'!$U$6:$U$3142,'age-length prop'!$B54,'Individual Data'!$X$6:$X$3142,'age-length prop'!I$7,'Individual Data'!$Q$6:$Q$3142,'age-length prop'!$C54,'Individual Data'!$M$6:$M$3142,'age-length prop'!$B$6) -> 0 | J54: =SUMIFS('Individual Data'!$AA$6:$AA$3142,'Individual Data'!$U$6:$U$3142,'age-length prop'!$B54,'Individual Data'!$X$6:$X$3142,'age-length prop'!J$7,'Individual Data'!$Q$6:$Q$3142,'age-length prop'!$C54,'Individual Data'!$M$6:$M$3142,'age-length prop'!$B$6) -> 0 | K54: =SUMIFS('Individual Data'!$AA$6:$AA$3142,'Individual Data'!$U$6:$U$3142,'age-length prop'!$B54,'Individual Data'!$X$6:$X$3142,'age-length prop'!K$7,'Individual Data'!$Q$6:$Q$3142,'age-length prop'!$C54,'Individual Data'!$M$6:$M$3142,'age-length prop'!$B$6) -> 17.185227 | ... P54: =SUMIFS('Individual Data'!$AA$6:$AA$3142,'Individual Data'!$U$6:$U$3142,'age-length prop'!$B54,'Individual Data'!$X$6:$X$3142,'age-length prop'!P$7,'Individual Data'!$Q$6:$Q$3142,'age-length prop'!$C54,'Individual Data'!$M$6:$M$3142,'age-length prop'!$B$6) -> 0 | Q54: =IFERROR(D54+(D$5*(D54/D$6)),0) -> 0 | R54: =IFERROR(E54+(E$5*(E54/E$6)),0) -> 0 | S54: =IFERROR(F54+(F$5*(F54/F$6)),0) -> 0 | T54: =IFERROR(G54+(G$5*(G54/G$6)),0) -> 0 | U54: =IFERROR(H54+(H$5*(H54/H$6)),0) -> 0 | V54: =IFERROR(I54+(I$5*(I54/I$6)),0) -> 0 | W54: =IFERROR(J54+(J$5*(J54/J$6)),0) -> 0 | X54: =IFERROR(K54+(K$5*(K54/K$6)),0) -> 17.674196 | ... AC54: =IFERROR(P54+(P$5*(P54/P$6)),0) -> 0 | AD54: =VLOOKUP(A54,'PBT Tag Rates'!$B$5:$E$34,4,FALSE) -> 0.933972 | AE54: =Q54/$AD54 -> 0 | AF54: =R54/$AD54 -> 0 | AG54: =S54/$AD54 -> 0 | AH54: =T54/$AD54 -> 0 | AI54: =U54/$AD54 -> 0 | AJ54: =V54/$AD54 -> 0 | AK54: =W54/$AD54 -> 0 | AL54: =X54/$AD54 -> 18.92369 | ... AQ54: =AC54/$AD54 -> 0 | AS54: =SUM(AE54:AG54) -> 0 | AT54: =SUM(AH54:AQ54) -> 18.92369 | AV54: =$AV$3-C54 -> 2017 | AW54: =B54 -> RingoldspFH | AX54: stray | AY54: =SUMIFS('cwt rel info'!$A$6:$A$217,'cwt rel info'!$D$6:$D$217,'age-length prop'!AV54,'cwt rel info'!$E$6:$E$217,'age-length prop'!AW54) -> 0 | AZ54: =AS54+AT54 -> 18.92369 | BA54: =AT118 -> 57.436967 | BB54: =AS118 -> 0 | BC54: =VLOOKUP(AW54,'Individual Data'!$U$5:$AB$3142,8,FALSE) -> blw | BD54: =IF(BC54="blw",AZ54*(1-$BA$4),AZ54*(1-$BA$3)) -> 10.408029 | BE54: =IF(BC54="blw",BA54*(1-$BA$4),BA54*(1-$BA$3)) -> 31.590332 | BF54: =IF(BC54="blw",BB54*(1-$BB$4),BB54*(1-$BB$3)) -> 0 | BK54: =AE54-Q54 -> 0 | BL54: =AF54-R54 -> 0 | BM54: =AG54-S54 -> 0 | BN54: =AH54-T54 -> 0 | BO54: =AI54-U54 -> 0 | BP54: =AJ54-V54 -> 0 | BQ54: =AK54-W54 -> 0 | BR54: =AL54-X54 -> 1.2494934 | ... BW54: =AQ54-AC54 -> 0 | BX54: =BY54/(BY54+BZ54) -> 1 | BY54: =SUMIFS('Individual Data'!$W$6:$W$3142,'Individual Data'!$I$6:$I$3142,'age-length prop'!BY$7,'Individual Data'!$U$6:$U$3142,'age-length prop'!$B54,'Individual Data'!$Q$6:$Q$3142,'age-length prop'!$C54) -> 4 | BZ54: =SUMIFS('Individual Data'!$W$6:$W$3142,'Individual Data'!$I$6:$I$3142,'age-length prop'!BZ$7,'Individual Data'!$U$6:$U$3142,'age-length prop'!$B54,'Individual Data'!$Q$6:$Q$3142,'age-length prop'!$C54) -> 0 | CA54: =BK54*$BX54 -> 0 | CB54: =BL54*$BX54 -> 0 | CC54: =BM54*$BX54 -> 0 | CD54: =BN54*$BX54 -> 0 | CE54: =BO54*$BX54 -> 0 | CF54: =BP54*$BX54 -> 0 | CG54: =BQ54*$BX54 -> 0 | CH54: =BR54*$BX54 -> 1.2494934 | ... CM54: =BW54*$BX54 -> 0 | CO54: =BK54*(1-$BX54) -> 0 | CP54: =BL54*(1-$BX54) -> 0 | CQ54: =BM54*(1-$BX54) -> 0 | CR54: =BN54*(1-$BX54) -> 0 | CS54: =BO54*(1-$BX54) -> 0 | CT54: =BP54*(1-$BX54) -> 0 | CU54: =BQ54*(1-$BX54) -> 0 | CV54: =BR54*(1-$BX54) -> 0 | ... DA54: =BW54*(1-$BX54) -> 0
A55: OtsPBT18-PRHFa | B55: PRFH | C55: 4 | D55: =SUMIFS('Individual Data'!$AA$6:$AA$3142,'Individual Data'!$U$6:$U$3142,'age-length prop'!$B55,'Individual Data'!$X$6:$X$3142,'age-length prop'!D$7,'Individual Data'!$Q$6:$Q$3142,'age-length prop'!$C55,'Individual Data'!$M$6:$M$3142,'age-length prop'!$B$6) -> 0 | E55: =SUMIFS('Individual Data'!$AA$6:$AA$3142,'Individual Data'!$U$6:$U$3142,'age-length prop'!$B55,'Individual Data'!$X$6:$X$3142,'age-length prop'!E$7,'Individual Data'!$Q$6:$Q$3142,'age-length prop'!$C55,'Individual Data'!$M$6:$M$3142,'age-length prop'!$B$6) -> 0 | F55: =SUMIFS('Individual Data'!$AA$6:$AA$3142,'Individual Data'!$U$6:$U$3142,'age-length prop'!$B55,'Individual Data'!$X$6:$X$3142,'age-length prop'!F$7,'Individual Data'!$Q$6:$Q$3142,'age-length prop'!$C55,'Individual Data'!$M$6:$M$3142,'age-length prop'!$B$6) -> 0 | G55: =SUMIFS('Individual Data'!$AA$6:$AA$3142,'Individual Data'!$U$6:$U$3142,'age-length prop'!$B55,'Individual Data'!$X$6:$X$3142,'age-length prop'!G$7,'Individual Data'!$Q$6:$Q$3142,'age-length prop'!$C55,'Individual Data'!$M$6:$M$3142,'age-length prop'!$B$6) -> 0 | H55: =SUMIFS('Individual Data'!$AA$6:$AA$3142,'Individual Data'!$U$6:$U$3142,'age-length prop'!$B55,'Individual Data'!$X$6:$X$3142,'age-length prop'!H$7,'Individual Data'!$Q$6:$Q$3142,'age-length prop'!$C55,'Individual Data'!$M$6:$M$3142,'age-length prop'!$B$6) -> 0 | I55: =SUMIFS('Individual Data'!$AA$6:$AA$3142,'Individual Data'!$U$6:$U$3142,'age-length prop'!$B55,'Individual Data'!$X$6:$X$3142,'age-length prop'!I$7,'Individual Data'!$Q$6:$Q$3142,'age-length prop'!$C55,'Individual Data'!$M$6:$M$3142,'age-length prop'!$B$6) -> 0 | J55: =SUMIFS('Individual Data'!$AA$6:$AA$3142,'Individual Data'!$U$6:$U$3142,'age-length prop'!$B55,'Individual Data'!$X$6:$X$3142,'age-length prop'!J$7,'Individual Data'!$Q$6:$Q$3142,'age-length prop'!$C55,'Individual Data'!$M$6:$M$3142,'age-length prop'!$B$6) -> 0 | K55: =SUMIFS('Individual Data'!$AA$6:$AA$3142,'Individual Data'!$U$6:$U$3142,'age-length prop'!$B55,'Individual Data'!$X$6:$X$3142,'age-length prop'!K$7,'Individual Data'!$Q$6:$Q$3142,'age-length prop'!$C55,'Individual Data'!$M$6:$M$3142,'age-length prop'!$B$6) -> 17.185227 | ... P55: =SUMIFS('Individual Data'!$AA$6:$AA$3142,'Individual Data'!$U$6:$U$3142,'age-length prop'!$B55,'Individual Data'!$X$6:$X$3142,'age-length prop'!P$7,'Individual Data'!$Q$6:$Q$3142,'age-length prop'!$C55,'Individual Data'!$M$6:$M$3142,'age-length prop'!$B$6) -> 0 | Q55: =IFERROR(D55+(D$5*(D55/D$6)),0) -> 0 | R55: =IFERROR(E55+(E$5*(E55/E$6)),0) -> 0 | S55: =IFERROR(F55+(F$5*(F55/F$6)),0) -> 0 | T55: =IFERROR(G55+(G$5*(G55/G$6)),0) -> 0 | U55: =IFERROR(H55+(H$5*(H55/H$6)),0) -> 0 | V55: =IFERROR(I55+(I$5*(I55/I$6)),0) -> 0 | W55: =IFERROR(J55+(J$5*(J55/J$6)),0) -> 0 | X55: =IFERROR(K55+(K$5*(K55/K$6)),0) -> 17.674196 | ... AC55: =IFERROR(P55+(P$5*(P55/P$6)),0) -> 0 | AD55: =VLOOKUP(A55,'PBT Tag Rates'!$B$5:$E$34,4,FALSE) -> 0.861669 | AE55: =Q55/$AD55 -> 0 | AF55: =R55/$AD55 -> 0 | AG55: =S55/$AD55 -> 0 | AH55: =T55/$AD55 -> 0 | AI55: =U55/$AD55 -> 0 | AJ55: =V55/$AD55 -> 0 | AK55: =W55/$AD55 -> 0 | AL55: =X55/$AD55 -> 20.511584 | ... AQ55: =AC55/$AD55 -> 0 | AS55: =SUM(AE55:AG55) -> 0 | AT55: =SUM(AH55:AQ55) -> 20.511584 | AV55: =$AV$3-C55 -> 2018 | AW55: =B55 -> PRFH | AX55: stray | AY55: =SUMIFS('cwt rel info'!$A$6:$A$217,'cwt rel info'!$D$6:$D$217,'age-length prop'!AV55,'cwt rel info'!$E$6:$E$217,'age-length prop'!AW55) -> 637521 | AZ55: =AS55+AT55 -> 20.511584 | BA55: =AT119 -> 20.880827 | BB55: =AS119 -> 0 | BC55: =VLOOKUP(AW55,'Individual Data'!$U$5:$AB$3142,8,FALSE) -> blw | BD55: =IF(BC55="blw",AZ55*(1-$BA$4),AZ55*(1-$BA$3)) -> 11.281371 | BE55: =IF(BC55="blw",BA55*(1-$BA$4),BA55*(1-$BA$3)) -> 11.484455 | BF55: =IF(BC55="blw",BB55*(1-$BB$4),BB55*(1-$BB$3)) -> 0 | BK55: =AE55-Q55 -> 0 | BL55: =AF55-R55 -> 0 | BM55: =AG55-S55 -> 0 | BN55: =AH55-T55 -> 0 | BO55: =AI55-U55 -> 0 | BP55: =AJ55-V55 -> 0 | BQ55: =AK55-W55 -> 0 | BR55: =AL55-X55 -> 2.837388 | ... BW55: =AQ55-AC55 -> 0 | BX55: =BY55/(BY55+BZ55) -> 1 | BY55: =SUMIFS('Individual Data'!$W$6:$W$3142,'Individual Data'!$I$6:$I$3142,'age-length prop'!BY$7,'Individual Data'!$U$6:$U$3142,'age-length prop'!$B55,'Individual Data'!$Q$6:$Q$3142,'age-length prop'!$C55) -> 2 | BZ55: =SUMIFS('Individual Data'!$W$6:$W$3142,'Individual Data'!$I$6:$I$3142,'age-length prop'!BZ$7,'Individual Data'!$U$6:$U$3142,'age-length prop'!$B55,'Individual Data'!$Q$6:$Q$3142,'age-length prop'!$C55) -> 0 | CA55: =BK55*$BX55 -> 0 | CB55: =BL55*$BX55 -> 0 | CC55: =BM55*$BX55 -> 0 | CD55: =BN55*$BX55 -> 0 | CE55: =BO55*$BX55 -> 0 | CF55: =BP55*$BX55 -> 0 | CG55: =BQ55*$BX55 -> 0 | CH55: =BR55*$BX55 -> 2.837388 | ... CM55: =BW55*$BX55 -> 0 | CO55: =BK55*(1-$BX55) -> 0 | CP55: =BL55*(1-$BX55) -> 0 | CQ55: =BM55*(1-$BX55) -> 0 | CR55: =BN55*(1-$BX55) -> 0 | CS55: =BO55*(1-$BX55) -> 0 | CT55: =BP55*(1-$BX55) -> 0 | CU55: =BQ55*(1-$BX55) -> 0 | CV55: =BR55*(1-$BX55) -> 0 | ... DA55: =BW55*(1-$BX55) -> 0
A56: OtsPBT18-ProsserFa | B56: ProsserFH | C56: 4 | D56: =SUMIFS('Individual Data'!$AA$6:$AA$3142,'Individual Data'!$U$6:$U$3142,'age-length prop'!$B56,'Individual Data'!$X$6:$X$3142,'age-length prop'!D$7,'Individual Data'!$Q$6:$Q$3142,'age-length prop'!$C56,'Individual Data'!$M$6:$M$3142,'age-length prop'!$B$6) -> 0 | E56: =SUMIFS('Individual Data'!$AA$6:$AA$3142,'Individual Data'!$U$6:$U$3142,'age-length prop'!$B56,'Individual Data'!$X$6:$X$3142,'age-length prop'!E$7,'Individual Data'!$Q$6:$Q$3142,'age-length prop'!$C56,'Individual Data'!$M$6:$M$3142,'age-length prop'!$B$6) -> 0 | F56: =SUMIFS('Individual Data'!$AA$6:$AA$3142,'Individual Data'!$U$6:$U$3142,'age-length prop'!$B56,'Individual Data'!$X$6:$X$3142,'age-length prop'!F$7,'Individual Data'!$Q$6:$Q$3142,'age-length prop'!$C56,'Individual Data'!$M$6:$M$3142,'age-length prop'!$B$6) -> 0 | G56: =SUMIFS('Individual Data'!$AA$6:$AA$3142,'Individual Data'!$U$6:$U$3142,'age-length prop'!$B56,'Individual Data'!$X$6:$X$3142,'age-length prop'!G$7,'Individual Data'!$Q$6:$Q$3142,'age-length prop'!$C56,'Individual Data'!$M$6:$M$3142,'age-length prop'!$B$6) -> 0 | H56: =SUMIFS('Individual Data'!$AA$6:$AA$3142,'Individual Data'!$U$6:$U$3142,'age-length prop'!$B56,'Individual Data'!$X$6:$X$3142,'age-length prop'!H$7,'Individual Data'!$Q$6:$Q$3142,'age-length prop'!$C56,'Individual Data'!$M$6:$M$3142,'age-length prop'!$B$6) -> 0 | I56: =SUMIFS('Individual Data'!$AA$6:$AA$3142,'Individual Data'!$U$6:$U$3142,'age-length prop'!$B56,'Individual Data'!$X$6:$X$3142,'age-length prop'!I$7,'Individual Data'!$Q$6:$Q$3142,'age-length prop'!$C56,'Individual Data'!$M$6:$M$3142,'age-length prop'!$B$6) -> 0 | J56: =SUMIFS('Individual Data'!$AA$6:$AA$3142,'Individual Data'!$U$6:$U$3142,'age-length prop'!$B56,'Individual Data'!$X$6:$X$3142,'age-length prop'!J$7,'Individual Data'!$Q$6:$Q$3142,'age-length prop'!$C56,'Individual Data'!$M$6:$M$3142,'age-length prop'!$B$6) -> 17.185227 | K56: =SUMIFS('Individual Data'!$AA$6:$AA$3142,'Individual Data'!$U$6:$U$3142,'age-length prop'!$B56,'Individual Data'!$X$6:$X$3142,'age-length prop'!K$7,'Individual Data'!$Q$6:$Q$3142,'age-length prop'!$C56,'Individual Data'!$M$6:$M$3142,'age-length prop'!$B$6) -> 0 | ... P56: =SUMIFS('Individual Data'!$AA$6:$AA$3142,'Individual Data'!$U$6:$U$3142,'age-length prop'!$B56,'Individual Data'!$X$6:$X$3142,'age-length prop'!P$7,'Individual Data'!$Q$6:$Q$3142,'age-length prop'!$C56,'Individual Data'!$M$6:$M$3142,'age-length prop'!$B$6) -> 0 | Q56: =IFERROR(D56+(D$5*(D56/D$6)),0) -> 0 | R56: =IFERROR(E56+(E$5*(E56/E$6)),0) -> 0 | S56: =IFERROR(F56+(F$5*(F56/F$6)),0) -> 0 | T56: =IFERROR(G56+(G$5*(G56/G$6)),0) -> 0 | U56: =IFERROR(H56+(H$5*(H56/H$6)),0) -> 0 | V56: =IFERROR(I56+(I$5*(I56/I$6)),0) -> 0 | W56: =IFERROR(J56+(J$5*(J56/J$6)),0) -> 17.894628 | X56: =IFERROR(K56+(K$5*(K56/K$6)),0) -> 0 | ... AC56: =IFERROR(P56+(P$5*(P56/P$6)),0) -> 0 | AD56: =VLOOKUP(A56,'PBT Tag Rates'!$B$5:$E$34,4,FALSE) -> 0.866825 | AE56: =Q56/$AD56 -> 0 | AF56: =R56/$AD56 -> 0 | AG56: =S56/$AD56 -> 0 | AH56: =T56/$AD56 -> 0 | AI56: =U56/$AD56 -> 0 | AJ56: =V56/$AD56 -> 0 | AK56: =W56/$AD56 -> 20.643876 | AL56: =X56/$AD56 -> 0 | ... AQ56: =AC56/$AD56 -> 0 | AS56: =SUM(AE56:AG56) -> 0 | AT56: =SUM(AH56:AQ56) -> 20.643876 | AV56: =$AV$3-C56 -> 2018 | AW56: =B56 -> ProsserFH | AX56: stray | AY56: =SUMIFS('cwt rel info'!$A$6:$A$217,'cwt rel info'!$D$6:$D$217,'age-length prop'!AV56,'cwt rel info'!$E$6:$E$217,'age-length prop'!AW56) -> 0 | AZ56: =AS56+AT56 -> 20.643876 | BA56: =AT120 -> 0 | BB56: =AS120 -> 0 | BC56: =VLOOKUP(AW56,'Individual Data'!$U$5:$AB$3142,8,FALSE) -> blw | BD56: =IF(BC56="blw",AZ56*(1-$BA$4),AZ56*(1-$BA$3)) -> 11.354132 | BE56: =IF(BC56="blw",BA56*(1-$BA$4),BA56*(1-$BA$3)) -> 0 | BF56: =IF(BC56="blw",BB56*(1-$BB$4),BB56*(1-$BB$3)) -> 0 | BK56: =AE56-Q56 -> 0 | BL56: =AF56-R56 -> 0 | BM56: =AG56-S56 -> 0 | BN56: =AH56-T56 -> 0 | BO56: =AI56-U56 -> 0 | BP56: =AJ56-V56 -> 0 | BQ56: =AK56-W56 -> 2.7492482 | BR56: =AL56-X56 -> 0 | ... BW56: =AQ56-AC56 -> 0 | BX56: =BY56/(BY56+BZ56) -> 0 | BY56: =SUMIFS('Individual Data'!$W$6:$W$3142,'Individual Data'!$I$6:$I$3142,'age-length prop'!BY$7,'Individual Data'!$U$6:$U$3142,'age-length prop'!$B56,'Individual Data'!$Q$6:$Q$3142,'age-length prop'!$C56) -> 0 | BZ56: =SUMIFS('Individual Data'!$W$6:$W$3142,'Individual Data'!$I$6:$I$3142,'age-length prop'!BZ$7,'Individual Data'!$U$6:$U$3142,'age-length prop'!$B56,'Individual Data'!$Q$6:$Q$3142,'age-length prop'!$C56) -> 1 | CA56: =BK56*$BX56 -> 0 | CB56: =BL56*$BX56 -> 0 | CC56: =BM56*$BX56 -> 0 | CD56: =BN56*$BX56 -> 0 | CE56: =BO56*$BX56 -> 0 | CF56: =BP56*$BX56 -> 0 | CG56: =BQ56*$BX56 -> 0 | CH56: =BR56*$BX56 -> 0 | ... CM56: =BW56*$BX56 -> 0 | CO56: =BK56*(1-$BX56) -> 0 | CP56: =BL56*(1-$BX56) -> 0 | CQ56: =BM56*(1-$BX56) -> 0 | CR56: =BN56*(1-$BX56) -> 0 | CS56: =BO56*(1-$BX56) -> 0 | CT56: =BP56*(1-$BX56) -> 0 | CU56: =BQ56*(1-$BX56) -> 2.7492482 | CV56: =BR56*(1-$BX56) -> 0 | ... DA56: =BW56*(1-$BX56) -> 0
A57: OtsPBT18-RSHFa | B57: RingoldspFH | C57: 4 | D57: =SUMIFS('Individual Data'!$AA$6:$AA$3142,'Individual Data'!$U$6:$U$3142,'age-length prop'!$B57,'Individual Data'!$X$6:$X$3142,'age-length prop'!D$7,'Individual Data'!$Q$6:$Q$3142,'age-length prop'!$C57,'Individual Data'!$M$6:$M$3142,'age-length prop'!$B$6) -> 0 | E57: =SUMIFS('Individual Data'!$AA$6:$AA$3142,'Individual Data'!$U$6:$U$3142,'age-length prop'!$B57,'Individual Data'!$X$6:$X$3142,'age-length prop'!E$7,'Individual Data'!$Q$6:$Q$3142,'age-length prop'!$C57,'Individual Data'!$M$6:$M$3142,'age-length prop'!$B$6) -> 0 | F57: =SUMIFS('Individual Data'!$AA$6:$AA$3142,'Individual Data'!$U$6:$U$3142,'age-length prop'!$B57,'Individual Data'!$X$6:$X$3142,'age-length prop'!F$7,'Individual Data'!$Q$6:$Q$3142,'age-length prop'!$C57,'Individual Data'!$M$6:$M$3142,'age-length prop'!$B$6) -> 0 | G57: =SUMIFS('Individual Data'!$AA$6:$AA$3142,'Individual Data'!$U$6:$U$3142,'age-length prop'!$B57,'Individual Data'!$X$6:$X$3142,'age-length prop'!G$7,'Individual Data'!$Q$6:$Q$3142,'age-length prop'!$C57,'Individual Data'!$M$6:$M$3142,'age-length prop'!$B$6) -> 0 | H57: =SUMIFS('Individual Data'!$AA$6:$AA$3142,'Individual Data'!$U$6:$U$3142,'age-length prop'!$B57,'Individual Data'!$X$6:$X$3142,'age-length prop'!H$7,'Individual Data'!$Q$6:$Q$3142,'age-length prop'!$C57,'Individual Data'!$M$6:$M$3142,'age-length prop'!$B$6) -> 0 | I57: =SUMIFS('Individual Data'!$AA$6:$AA$3142,'Individual Data'!$U$6:$U$3142,'age-length prop'!$B57,'Individual Data'!$X$6:$X$3142,'age-length prop'!I$7,'Individual Data'!$Q$6:$Q$3142,'age-length prop'!$C57,'Individual Data'!$M$6:$M$3142,'age-length prop'!$B$6) -> 0 | J57: =SUMIFS('Individual Data'!$AA$6:$AA$3142,'Individual Data'!$U$6:$U$3142,'age-length prop'!$B57,'Individual Data'!$X$6:$X$3142,'age-length prop'!J$7,'Individual Data'!$Q$6:$Q$3142,'age-length prop'!$C57,'Individual Data'!$M$6:$M$3142,'age-length prop'!$B$6) -> 0 | K57: =SUMIFS('Individual Data'!$AA$6:$AA$3142,'Individual Data'!$U$6:$U$3142,'age-length prop'!$B57,'Individual Data'!$X$6:$X$3142,'age-length prop'!K$7,'Individual Data'!$Q$6:$Q$3142,'age-length prop'!$C57,'Individual Data'!$M$6:$M$3142,'age-length prop'!$B$6) -> 17.185227 | ... P57: =SUMIFS('Individual Data'!$AA$6:$AA$3142,'Individual Data'!$U$6:$U$3142,'age-length prop'!$B57,'Individual Data'!$X$6:$X$3142,'age-length prop'!P$7,'Individual Data'!$Q$6:$Q$3142,'age-length prop'!$C57,'Individual Data'!$M$6:$M$3142,'age-length prop'!$B$6) -> 0 | Q57: =IFERROR(D57+(D$5*(D57/D$6)),0) -> 0 | R57: =IFERROR(E57+(E$5*(E57/E$6)),0) -> 0 | S57: =IFERROR(F57+(F$5*(F57/F$6)),0) -> 0 | T57: =IFERROR(G57+(G$5*(G57/G$6)),0) -> 0 | U57: =IFERROR(H57+(H$5*(H57/H$6)),0) -> 0 | V57: =IFERROR(I57+(I$5*(I57/I$6)),0) -> 0 | W57: =IFERROR(J57+(J$5*(J57/J$6)),0) -> 0 | X57: =IFERROR(K57+(K$5*(K57/K$6)),0) -> 17.674196 | ... AC57: =IFERROR(P57+(P$5*(P57/P$6)),0) -> 0 | AD57: =VLOOKUP(A57,'PBT Tag Rates'!$B$5:$E$34,4,FALSE) -> 0.831988 | AE57: =Q57/$AD57 -> 0 | AF57: =R57/$AD57 -> 0 | AG57: =S57/$AD57 -> 0 | AH57: =T57/$AD57 -> 0 | AI57: =U57/$AD57 -> 0 | AJ57: =V57/$AD57 -> 0 | AK57: =W57/$AD57 -> 0 | AL57: =X57/$AD57 -> 21.243331 | ... AQ57: =AC57/$AD57 -> 0 | AS57: =SUM(AE57:AG57) -> 0 | AT57: =SUM(AH57:AQ57) -> 21.243331 | AV57: =$AV$3-C57 -> 2018 | AW57: =B57 -> RingoldspFH | AX57: stray | AY57: =SUMIFS('cwt rel info'!$A$6:$A$217,'cwt rel info'!$D$6:$D$217,'age-length prop'!AV57,'cwt rel info'!$E$6:$E$217,'age-length prop'!AW57) -> 0 | AZ57: =AS57+AT57 -> 21.243331 | BA57: =AT121 -> 0 | BB57: =AS121 -> 0 | BC57: =VLOOKUP(AW57,'Individual Data'!$U$5:$AB$3142,8,FALSE) -> blw | BD57: =IF(BC57="blw",AZ57*(1-$BA$4),AZ57*(1-$BA$3)) -> 11.683832 | BE57: =IF(BC57="blw",BA57*(1-$BA$4),BA57*(1-$BA$3)) -> 0 | BF57: =IF(BC57="blw",BB57*(1-$BB$4),BB57*(1-$BB$3)) -> 0 | BK57: =AE57-Q57 -> 0 | BL57: =AF57-R57 -> 0 | BM57: =AG57-S57 -> 0 | BN57: =AH57-T57 -> 0 | BO57: =AI57-U57 -> 0 | BP57: =AJ57-V57 -> 0 | BQ57: =AK57-W57 -> 0 | BR57: =AL57-X57 -> 3.5691345 | ... BW57: =AQ57-AC57 -> 0 | BX57: =BY57/(BY57+BZ57) -> 1 | BY57: =SUMIFS('Individual Data'!$W$6:$W$3142,'Individual Data'!$I$6:$I$3142,'age-length prop'!BY$7,'Individual Data'!$U$6:$U$3142,'age-length prop'!$B57,'Individual Data'!$Q$6:$Q$3142,'age-length prop'!$C57) -> 1 | BZ57: =SUMIFS('Individual Data'!$W$6:$W$3142,'Individual Data'!$I$6:$I$3142,'age-length prop'!BZ$7,'Individual Data'!$U$6:$U$3142,'age-length prop'!$B57,'Individual Data'!$Q$6:$Q$3142,'age-length prop'!$C57) -> 0 | CA57: =BK57*$BX57 -> 0 | CB57: =BL57*$BX57 -> 0 | CC57: =BM57*$BX57 -> 0 | CD57: =BN57*$BX57 -> 0 | CE57: =BO57*$BX57 -> 0 | CF57: =BP57*$BX57 -> 0 | CG57: =BQ57*$BX57 -> 0 | CH57: =BR57*$BX57 -> 3.5691345 | ... CM57: =BW57*$BX57 -> 0 | CO57: =BK57*(1-$BX57) -> 0 | CP57: =BL57*(1-$BX57) -> 0 | CQ57: =BM57*(1-$BX57) -> 0 | CR57: =BN57*(1-$BX57) -> 0 | CS57: =BO57*(1-$BX57) -> 0 | CT57: =BP57*(1-$BX57) -> 0 | CU57: =BQ57*(1-$BX57) -> 0 | CV57: =BR57*(1-$BX57) -> 0 | ... DA57: =BW57*(1-$BX57) -> 0
A58: OtsPBT18-UmaFa | B58: UmatFH | C58: 4 | D58: =SUMIFS('Individual Data'!$AA$6:$AA$3142,'Individual Data'!$U$6:$U$3142,'age-length prop'!$B58,'Individual Data'!$X$6:$X$3142,'age-length prop'!D$7,'Individual Data'!$Q$6:$Q$3142,'age-length prop'!$C58,'Individual Data'!$M$6:$M$3142,'age-length prop'!$B$6) -> 0 | E58: =SUMIFS('Individual Data'!$AA$6:$AA$3142,'Individual Data'!$U$6:$U$3142,'age-length prop'!$B58,'Individual Data'!$X$6:$X$3142,'age-length prop'!E$7,'Individual Data'!$Q$6:$Q$3142,'age-length prop'!$C58,'Individual Data'!$M$6:$M$3142,'age-length prop'!$B$6) -> 0 | F58: =SUMIFS('Individual Data'!$AA$6:$AA$3142,'Individual Data'!$U$6:$U$3142,'age-length prop'!$B58,'Individual Data'!$X$6:$X$3142,'age-length prop'!F$7,'Individual Data'!$Q$6:$Q$3142,'age-length prop'!$C58,'Individual Data'!$M$6:$M$3142,'age-length prop'!$B$6) -> 0 | G58: =SUMIFS('Individual Data'!$AA$6:$AA$3142,'Individual Data'!$U$6:$U$3142,'age-length prop'!$B58,'Individual Data'!$X$6:$X$3142,'age-length prop'!G$7,'Individual Data'!$Q$6:$Q$3142,'age-length prop'!$C58,'Individual Data'!$M$6:$M$3142,'age-length prop'!$B$6) -> 0 | H58: =SUMIFS('Individual Data'!$AA$6:$AA$3142,'Individual Data'!$U$6:$U$3142,'age-length prop'!$B58,'Individual Data'!$X$6:$X$3142,'age-length prop'!H$7,'Individual Data'!$Q$6:$Q$3142,'age-length prop'!$C58,'Individual Data'!$M$6:$M$3142,'age-length prop'!$B$6) -> 0 | I58: =SUMIFS('Individual Data'!$AA$6:$AA$3142,'Individual Data'!$U$6:$U$3142,'age-length prop'!$B58,'Individual Data'!$X$6:$X$3142,'age-length prop'!I$7,'Individual Data'!$Q$6:$Q$3142,'age-length prop'!$C58,'Individual Data'!$M$6:$M$3142,'age-length prop'!$B$6) -> 0 | J58: =SUMIFS('Individual Data'!$AA$6:$AA$3142,'Individual Data'!$U$6:$U$3142,'age-length prop'!$B58,'Individual Data'!$X$6:$X$3142,'age-length prop'!J$7,'Individual Data'!$Q$6:$Q$3142,'age-length prop'!$C58,'Individual Data'!$M$6:$M$3142,'age-length prop'!$B$6) -> 68.740909 | K58: =SUMIFS('Individual Data'!$AA$6:$AA$3142,'Individual Data'!$U$6:$U$3142,'age-length prop'!$B58,'Individual Data'!$X$6:$X$3142,'age-length prop'!K$7,'Individual Data'!$Q$6:$Q$3142,'age-length prop'!$C58,'Individual Data'!$M$6:$M$3142,'age-length prop'!$B$6) -> 103.11136 | ... P58: =SUMIFS('Individual Data'!$AA$6:$AA$3142,'Individual Data'!$U$6:$U$3142,'age-length prop'!$B58,'Individual Data'!$X$6:$X$3142,'age-length prop'!P$7,'Individual Data'!$Q$6:$Q$3142,'age-length prop'!$C58,'Individual Data'!$M$6:$M$3142,'age-length prop'!$B$6) -> 0 | Q58: =IFERROR(D58+(D$5*(D58/D$6)),0) -> 0 | R58: =IFERROR(E58+(E$5*(E58/E$6)),0) -> 0 | S58: =IFERROR(F58+(F$5*(F58/F$6)),0) -> 0 | T58: =IFERROR(G58+(G$5*(G58/G$6)),0) -> 0 | U58: =IFERROR(H58+(H$5*(H58/H$6)),0) -> 0 | V58: =IFERROR(I58+(I$5*(I58/I$6)),0) -> 0 | W58: =IFERROR(J58+(J$5*(J58/J$6)),0) -> 71.578511 | X58: =IFERROR(K58+(K$5*(K58/K$6)),0) -> 106.04518 | ... AC58: =IFERROR(P58+(P$5*(P58/P$6)),0) -> 0 | AD58: =VLOOKUP(A58,'PBT Tag Rates'!$B$5:$E$34,4,FALSE) -> 0.9573 | AE58: =Q58/$AD58 -> 0 | AF58: =R58/$AD58 -> 0 | AG58: =S58/$AD58 -> 0 | AH58: =T58/$AD58 -> 0 | AI58: =U58/$AD58 -> 0 | AJ58: =V58/$AD58 -> 0 | AK58: =W58/$AD58 -> 74.771243 | AL58: =X58/$AD58 -> 110.77528 | ... AQ58: =AC58/$AD58 -> 0 | AS58: =SUM(AE58:AG58) -> 0 | AT58: =SUM(AH58:AQ58) -> 185.54653 | AV58: =$AV$3-C58 -> 2018 | AW58: =B58 -> UmatFH | AX58: stray | AY58: =SUMIFS('cwt rel info'!$A$6:$A$217,'cwt rel info'!$D$6:$D$217,'age-length prop'!AV58,'cwt rel info'!$E$6:$E$217,'age-length prop'!AW58) -> 0 | AZ58: =AS58+AT58 -> 185.54653 | BA58: =AT122 -> 317.58197 | BB58: =AS122 -> 0 | BC58: =VLOOKUP(AW58,'Individual Data'!$U$5:$AB$3142,8,FALSE) -> blw | BD58: =IF(BC58="blw",AZ58*(1-$BA$4),AZ58*(1-$BA$3)) -> 102.05059 | BE58: =IF(BC58="blw",BA58*(1-$BA$4),BA58*(1-$BA$3)) -> 174.67008 | BF58: =IF(BC58="blw",BB58*(1-$BB$4),BB58*(1-$BB$3)) -> 0 | BK58: =AE58-Q58 -> 0 | BL58: =AF58-R58 -> 0 | BM58: =AG58-S58 -> 0 | BN58: =AH58-T58 -> 0 | BO58: =AI58-U58 -> 0 | BP58: =AJ58-V58 -> 0 | BQ58: =AK58-W58 -> 3.1927321 | BR58: =AL58-X58 -> 4.7301046 | ... BW58: =AQ58-AC58 -> 0 | BX58: =BY58/(BY58+BZ58) -> 0.92592593 | BY58: =SUMIFS('Individual Data'!$W$6:$W$3142,'Individual Data'!$I$6:$I$3142,'age-length prop'!BY$7,'Individual Data'!$U$6:$U$3142,'age-length prop'!$B58,'Individual Data'!$Q$6:$Q$3142,'age-length prop'!$C58) -> 25 | BZ58: =SUMIFS('Individual Data'!$W$6:$W$3142,'Individual Data'!$I$6:$I$3142,'age-length prop'!BZ$7,'Individual Data'!$U$6:$U$3142,'age-length prop'!$B58,'Individual Data'!$Q$6:$Q$3142,'age-length prop'!$C58) -> 2 | CA58: =BK58*$BX58 -> 0 | CB58: =BL58*$BX58 -> 0 | CC58: =BM58*$BX58 -> 0 | CD58: =BN58*$BX58 -> 0 | CE58: =BO58*$BX58 -> 0 | CF58: =BP58*$BX58 -> 0 | CG58: =BQ58*$BX58 -> 2.9562334 | CH58: =BR58*$BX58 -> 4.3797265 | ... CM58: =BW58*$BX58 -> 0 | CO58: =BK58*(1-$BX58) -> 0 | CP58: =BL58*(1-$BX58) -> 0 | CQ58: =BM58*(1-$BX58) -> 0 | CR58: =BN58*(1-$BX58) -> 0 | CS58: =BO58*(1-$BX58) -> 0 | CT58: =BP58*(1-$BX58) -> 0 | CU58: =BQ58*(1-$BX58) -> 0.23649867 | CV58: =BR58*(1-$BX58) -> 0.35037812 | ... DA58: =BW58*(1-$BX58) -> 0
A59: OtsPBT19-LWSFa | B59: LWSFH | C59: 3 | D59: =SUMIFS('Individual Data'!$AA$6:$AA$3142,'Individual Data'!$U$6:$U$3142,'age-length prop'!$B59,'Individual Data'!$X$6:$X$3142,'age-length prop'!D$7,'Individual Data'!$Q$6:$Q$3142,'age-length prop'!$C59,'Individual Data'!$M$6:$M$3142,'age-length prop'!$B$6) -> 0 | E59: =SUMIFS('Individual Data'!$AA$6:$AA$3142,'Individual Data'!$U$6:$U$3142,'age-length prop'!$B59,'Individual Data'!$X$6:$X$3142,'age-length prop'!E$7,'Individual Data'!$Q$6:$Q$3142,'age-length prop'!$C59,'Individual Data'!$M$6:$M$3142,'age-length prop'!$B$6) -> 0 | F59: =SUMIFS('Individual Data'!$AA$6:$AA$3142,'Individual Data'!$U$6:$U$3142,'age-length prop'!$B59,'Individual Data'!$X$6:$X$3142,'age-length prop'!F$7,'Individual Data'!$Q$6:$Q$3142,'age-length prop'!$C59,'Individual Data'!$M$6:$M$3142,'age-length prop'!$B$6) -> 0 | G59: =SUMIFS('Individual Data'!$AA$6:$AA$3142,'Individual Data'!$U$6:$U$3142,'age-length prop'!$B59,'Individual Data'!$X$6:$X$3142,'age-length prop'!G$7,'Individual Data'!$Q$6:$Q$3142,'age-length prop'!$C59,'Individual Data'!$M$6:$M$3142,'age-length prop'!$B$6) -> 0 | H59: =SUMIFS('Individual Data'!$AA$6:$AA$3142,'Individual Data'!$U$6:$U$3142,'age-length prop'!$B59,'Individual Data'!$X$6:$X$3142,'age-length prop'!H$7,'Individual Data'!$Q$6:$Q$3142,'age-length prop'!$C59,'Individual Data'!$M$6:$M$3142,'age-length prop'!$B$6) -> 0 | I59: =SUMIFS('Individual Data'!$AA$6:$AA$3142,'Individual Data'!$U$6:$U$3142,'age-length prop'!$B59,'Individual Data'!$X$6:$X$3142,'age-length prop'!I$7,'Individual Data'!$Q$6:$Q$3142,'age-length prop'!$C59,'Individual Data'!$M$6:$M$3142,'age-length prop'!$B$6) -> 0 | J59: =SUMIFS('Individual Data'!$AA$6:$AA$3142,'Individual Data'!$U$6:$U$3142,'age-length prop'!$B59,'Individual Data'!$X$6:$X$3142,'age-length prop'!J$7,'Individual Data'!$Q$6:$Q$3142,'age-length prop'!$C59,'Individual Data'!$M$6:$M$3142,'age-length prop'!$B$6) -> 0 | K59: =SUMIFS('Individual Data'!$AA$6:$AA$3142,'Individual Data'!$U$6:$U$3142,'age-length prop'!$B59,'Individual Data'!$X$6:$X$3142,'age-length prop'!K$7,'Individual Data'!$Q$6:$Q$3142,'age-length prop'!$C59,'Individual Data'!$M$6:$M$3142,'age-length prop'!$B$6) -> 0 | ... P59: =SUMIFS('Individual Data'!$AA$6:$AA$3142,'Individual Data'!$U$6:$U$3142,'age-length prop'!$B59,'Individual Data'!$X$6:$X$3142,'age-length prop'!P$7,'Individual Data'!$Q$6:$Q$3142,'age-length prop'!$C59,'Individual Data'!$M$6:$M$3142,'age-length prop'!$B$6) -> 0 | Q59: =IFERROR(D59+(D$5*(D59/D$6)),0) -> 0 | R59: =IFERROR(E59+(E$5*(E59/E$6)),0) -> 0 | S59: =IFERROR(F59+(F$5*(F59/F$6)),0) -> 0 | T59: =IFERROR(G59+(G$5*(G59/G$6)),0) -> 0 | U59: =IFERROR(H59+(H$5*(H59/H$6)),0) -> 0 | V59: =IFERROR(I59+(I$5*(I59/I$6)),0) -> 0 | W59: =IFERROR(J59+(J$5*(J59/J$6)),0) -> 0 | X59: =IFERROR(K59+(K$5*(K59/K$6)),0) -> 0 | ... AC59: =IFERROR(P59+(P$5*(P59/P$6)),0) -> 0 | AD59: =VLOOKUP(A59,'PBT Tag Rates'!$B$5:$E$34,4,FALSE) -> 1 | AE59: =Q59/$AD59 -> 0 | AF59: =R59/$AD59 -> 0 | AG59: =S59/$AD59 -> 0 | AH59: =T59/$AD59 -> 0 | AI59: =U59/$AD59 -> 0 | AJ59: =V59/$AD59 -> 0 | AK59: =W59/$AD59 -> 0 | AL59: =X59/$AD59 -> 0 | ... AQ59: =AC59/$AD59 -> 0 | AS59: =SUM(AE59:AG59) -> 0 | AT59: =SUM(AH59:AQ59) -> 0 | AV59: =$AV$3-C59 -> 2019 | AW59: =B59 -> LWSFH | AX59: stray | AY59: =SUMIFS('cwt rel info'!$A$6:$A$217,'cwt rel info'!$D$6:$D$217,'age-length prop'!AV59,'cwt rel info'!$E$6:$E$217,'age-length prop'!AW59) -> 0 | AZ59: =AS59+AT59 -> 0 | BA59: =AT123 -> 106.78652 | BB59: =AS123 -> 17.699498 | BC59: =VLOOKUP(AW59,'Individual Data'!$U$5:$AB$3142,8,FALSE) -> blw | BD59: =IF(BC59="blw",AZ59*(1-$BA$4),AZ59*(1-$BA$3)) -> 0 | BE59: =IF(BC59="blw",BA59*(1-$BA$4),BA59*(1-$BA$3)) -> 58.732585 | BF59: =IF(BC59="blw",BB59*(1-$BB$4),BB59*(1-$BB$3)) -> 4.4248746 | BK59: =AE59-Q59 -> 0 | BL59: =AF59-R59 -> 0 | BM59: =AG59-S59 -> 0 | BN59: =AH59-T59 -> 0 | BO59: =AI59-U59 -> 0 | BP59: =AJ59-V59 -> 0 | BQ59: =AK59-W59 -> 0 | BR59: =AL59-X59 -> 0 | ... BW59: =AQ59-AC59 -> 0 | BX59: =BY59/(BY59+BZ59) -> 0 | BY59: =SUMIFS('Individual Data'!$W$6:$W$3142,'Individual Data'!$I$6:$I$3142,'age-length prop'!BY$7,'Individual Data'!$U$6:$U$3142,'age-length prop'!$B59,'Individual Data'!$Q$6:$Q$3142,'age-length prop'!$C59) -> 0 | BZ59: =SUMIFS('Individual Data'!$W$6:$W$3142,'Individual Data'!$I$6:$I$3142,'age-length prop'!BZ$7,'Individual Data'!$U$6:$U$3142,'age-length prop'!$B59,'Individual Data'!$Q$6:$Q$3142,'age-length prop'!$C59) -> 7 | CA59: =BK59*$BX59 -> 0 | CB59: =BL59*$BX59 -> 0 | CC59: =BM59*$BX59 -> 0 | CD59: =BN59*$BX59 -> 0 | CE59: =BO59*$BX59 -> 0 | CF59: =BP59*$BX59 -> 0 | CG59: =BQ59*$BX59 -> 0 | CH59: =BR59*$BX59 -> 0 | ... CM59: =BW59*$BX59 -> 0 | CO59: =BK59*(1-$BX59) -> 0 | CP59: =BL59*(1-$BX59) -> 0 | CQ59: =BM59*(1-$BX59) -> 0 | CR59: =BN59*(1-$BX59) -> 0 | CS59: =BO59*(1-$BX59) -> 0 | CT59: =BP59*(1-$BX59) -> 0 | CU59: =BQ59*(1-$BX59) -> 0 | CV59: =BR59*(1-$BX59) -> 0 | ... DA59: =BW59*(1-$BX59) -> 0
A60: OtsPBT19-PRHFa | B60: PRFH | C60: 3 | D60: =SUMIFS('Individual Data'!$AA$6:$AA$3142,'Individual Data'!$U$6:$U$3142,'age-length prop'!$B60,'Individual Data'!$X$6:$X$3142,'age-length prop'!D$7,'Individual Data'!$Q$6:$Q$3142,'age-length prop'!$C60,'Individual Data'!$M$6:$M$3142,'age-length prop'!$B$6) -> 0 | E60: =SUMIFS('Individual Data'!$AA$6:$AA$3142,'Individual Data'!$U$6:$U$3142,'age-length prop'!$B60,'Individual Data'!$X$6:$X$3142,'age-length prop'!E$7,'Individual Data'!$Q$6:$Q$3142,'age-length prop'!$C60,'Individual Data'!$M$6:$M$3142,'age-length prop'!$B$6) -> 0 | F60: =SUMIFS('Individual Data'!$AA$6:$AA$3142,'Individual Data'!$U$6:$U$3142,'age-length prop'!$B60,'Individual Data'!$X$6:$X$3142,'age-length prop'!F$7,'Individual Data'!$Q$6:$Q$3142,'age-length prop'!$C60,'Individual Data'!$M$6:$M$3142,'age-length prop'!$B$6) -> 0 | G60: =SUMIFS('Individual Data'!$AA$6:$AA$3142,'Individual Data'!$U$6:$U$3142,'age-length prop'!$B60,'Individual Data'!$X$6:$X$3142,'age-length prop'!G$7,'Individual Data'!$Q$6:$Q$3142,'age-length prop'!$C60,'Individual Data'!$M$6:$M$3142,'age-length prop'!$B$6) -> 0 | H60: =SUMIFS('Individual Data'!$AA$6:$AA$3142,'Individual Data'!$U$6:$U$3142,'age-length prop'!$B60,'Individual Data'!$X$6:$X$3142,'age-length prop'!H$7,'Individual Data'!$Q$6:$Q$3142,'age-length prop'!$C60,'Individual Data'!$M$6:$M$3142,'age-length prop'!$B$6) -> 0 | I60: =SUMIFS('Individual Data'!$AA$6:$AA$3142,'Individual Data'!$U$6:$U$3142,'age-length prop'!$B60,'Individual Data'!$X$6:$X$3142,'age-length prop'!I$7,'Individual Data'!$Q$6:$Q$3142,'age-length prop'!$C60,'Individual Data'!$M$6:$M$3142,'age-length prop'!$B$6) -> 17.185227 | J60: =SUMIFS('Individual Data'!$AA$6:$AA$3142,'Individual Data'!$U$6:$U$3142,'age-length prop'!$B60,'Individual Data'!$X$6:$X$3142,'age-length prop'!J$7,'Individual Data'!$Q$6:$Q$3142,'age-length prop'!$C60,'Individual Data'!$M$6:$M$3142,'age-length prop'!$B$6) -> 0 | K60: =SUMIFS('Individual Data'!$AA$6:$AA$3142,'Individual Data'!$U$6:$U$3142,'age-length prop'!$B60,'Individual Data'!$X$6:$X$3142,'age-length prop'!K$7,'Individual Data'!$Q$6:$Q$3142,'age-length prop'!$C60,'Individual Data'!$M$6:$M$3142,'age-length prop'!$B$6) -> 0 | ... P60: =SUMIFS('Individual Data'!$AA$6:$AA$3142,'Individual Data'!$U$6:$U$3142,'age-length prop'!$B60,'Individual Data'!$X$6:$X$3142,'age-length prop'!P$7,'Individual Data'!$Q$6:$Q$3142,'age-length prop'!$C60,'Individual Data'!$M$6:$M$3142,'age-length prop'!$B$6) -> 0 | Q60: =IFERROR(D60+(D$5*(D60/D$6)),0) -> 0 | R60: =IFERROR(E60+(E$5*(E60/E$6)),0) -> 0 | S60: =IFERROR(F60+(F$5*(F60/F$6)),0) -> 0 | T60: =IFERROR(G60+(G$5*(G60/G$6)),0) -> 0 | U60: =IFERROR(H60+(H$5*(H60/H$6)),0) -> 0 | V60: =IFERROR(I60+(I$5*(I60/I$6)),0) -> 18.147087 | W60: =IFERROR(J60+(J$5*(J60/J$6)),0) -> 0 | X60: =IFERROR(K60+(K$5*(K60/K$6)),0) -> 0 | ... AC60: =IFERROR(P60+(P$5*(P60/P$6)),0) -> 0 | AD60: =VLOOKUP(A60,'PBT Tag Rates'!$B$5:$E$34,4,FALSE) -> 0.961523 | AE60: =Q60/$AD60 -> 0 | AF60: =R60/$AD60 -> 0 | AG60: =S60/$AD60 -> 0 | AH60: =T60/$AD60 -> 0 | AI60: =U60/$AD60 -> 0 | AJ60: =V60/$AD60 -> 18.873274 | AK60: =W60/$AD60 -> 0 | AL60: =X60/$AD60 -> 0 | ... AQ60: =AC60/$AD60 -> 0 | AS60: =SUM(AE60:AG60) -> 0 | AT60: =SUM(AH60:AQ60) -> 18.873274 | AV60: =$AV$3-C60 -> 2019 | AW60: =B60 -> PRFH | AX60: stray | AY60: =SUMIFS('cwt rel info'!$A$6:$A$217,'cwt rel info'!$D$6:$D$217,'age-length prop'!AV60,'cwt rel info'!$E$6:$E$217,'age-length prop'!AW60) -> 0 | AZ60: =AS60+AT60 -> 18.873274 | BA60: =AT124 -> 166.80144 | BB60: =AS124 -> 18.407774 | BC60: =VLOOKUP(AW60,'Individual Data'!$U$5:$AB$3142,8,FALSE) -> blw | BD60: =IF(BC60="blw",AZ60*(1-$BA$4),AZ60*(1-$BA$3)) -> 10.380301 | BE60: =IF(BC60="blw",BA60*(1-$BA$4),BA60*(1-$BA$3)) -> 91.74079 | BF60: =IF(BC60="blw",BB60*(1-$BB$4),BB60*(1-$BB$3)) -> 4.6019436 | BK60: =AE60-Q60 -> 0 | BL60: =AF60-R60 -> 0 | BM60: =AG60-S60 -> 0 | BN60: =AH60-T60 -> 0 | BO60: =AI60-U60 -> 0 | BP60: =AJ60-V60 -> 0.72618696 | BQ60: =AK60-W60 -> 0 | BR60: =AL60-X60 -> 0 | ... BW60: =AQ60-AC60 -> 0 | BX60: =BY60/(BY60+BZ60) -> 0.27272727 | BY60: =SUMIFS('Individual Data'!$W$6:$W$3142,'Individual Data'!$I$6:$I$3142,'age-length prop'!BY$7,'Individual Data'!$U$6:$U$3142,'age-length prop'!$B60,'Individual Data'!$Q$6:$Q$3142,'age-length prop'!$C60) -> 3 | BZ60: =SUMIFS('Individual Data'!$W$6:$W$3142,'Individual Data'!$I$6:$I$3142,'age-length prop'!BZ$7,'Individual Data'!$U$6:$U$3142,'age-length prop'!$B60,'Individual Data'!$Q$6:$Q$3142,'age-length prop'!$C60) -> 8 | CA60: =BK60*$BX60 -> 0 | CB60: =BL60*$BX60 -> 0 | CC60: =BM60*$BX60 -> 0 | CD60: =BN60*$BX60 -> 0 | CE60: =BO60*$BX60 -> 0 | CF60: =BP60*$BX60 -> 0.19805099 | CG60: =BQ60*$BX60 -> 0 | CH60: =BR60*$BX60 -> 0 | ... CM60: =BW60*$BX60 -> 0 | CO60: =BK60*(1-$BX60) -> 0 | CP60: =BL60*(1-$BX60) -> 0 | CQ60: =BM60*(1-$BX60) -> 0 | CR60: =BN60*(1-$BX60) -> 0 | CS60: =BO60*(1-$BX60) -> 0 | CT60: =BP60*(1-$BX60) -> 0.52813597 | CU60: =BQ60*(1-$BX60) -> 0 | CV60: =BR60*(1-$BX60) -> 0 | ... DA60: =BW60*(1-$BX60) -> 0
A61: OtsPBT19-RSHFa | B61: RingoldspFH | C61: 3 | D61: =SUMIFS('Individual Data'!$AA$6:$AA$3142,'Individual Data'!$U$6:$U$3142,'age-length prop'!$B61,'Individual Data'!$X$6:$X$3142,'age-length prop'!D$7,'Individual Data'!$Q$6:$Q$3142,'age-length prop'!$C61,'Individual Data'!$M$6:$M$3142,'age-length prop'!$B$6) -> 0 | E61: =SUMIFS('Individual Data'!$AA$6:$AA$3142,'Individual Data'!$U$6:$U$3142,'age-length prop'!$B61,'Individual Data'!$X$6:$X$3142,'age-length prop'!E$7,'Individual Data'!$Q$6:$Q$3142,'age-length prop'!$C61,'Individual Data'!$M$6:$M$3142,'age-length prop'!$B$6) -> 0 | F61: =SUMIFS('Individual Data'!$AA$6:$AA$3142,'Individual Data'!$U$6:$U$3142,'age-length prop'!$B61,'Individual Data'!$X$6:$X$3142,'age-length prop'!F$7,'Individual Data'!$Q$6:$Q$3142,'age-length prop'!$C61,'Individual Data'!$M$6:$M$3142,'age-length prop'!$B$6) -> 0 | G61: =SUMIFS('Individual Data'!$AA$6:$AA$3142,'Individual Data'!$U$6:$U$3142,'age-length prop'!$B61,'Individual Data'!$X$6:$X$3142,'age-length prop'!G$7,'Individual Data'!$Q$6:$Q$3142,'age-length prop'!$C61,'Individual Data'!$M$6:$M$3142,'age-length prop'!$B$6) -> 0 | H61: =SUMIFS('Individual Data'!$AA$6:$AA$3142,'Individual Data'!$U$6:$U$3142,'age-length prop'!$B61,'Individual Data'!$X$6:$X$3142,'age-length prop'!H$7,'Individual Data'!$Q$6:$Q$3142,'age-length prop'!$C61,'Individual Data'!$M$6:$M$3142,'age-length prop'!$B$6) -> 0 | I61: =SUMIFS('Individual Data'!$AA$6:$AA$3142,'Individual Data'!$U$6:$U$3142,'age-length prop'!$B61,'Individual Data'!$X$6:$X$3142,'age-length prop'!I$7,'Individual Data'!$Q$6:$Q$3142,'age-length prop'!$C61,'Individual Data'!$M$6:$M$3142,'age-length prop'!$B$6) -> 0 | J61: =SUMIFS('Individual Data'!$AA$6:$AA$3142,'Individual Data'!$U$6:$U$3142,'age-length prop'!$B61,'Individual Data'!$X$6:$X$3142,'age-length prop'!J$7,'Individual Data'!$Q$6:$Q$3142,'age-length prop'!$C61,'Individual Data'!$M$6:$M$3142,'age-length prop'!$B$6) -> 0 | K61: =SUMIFS('Individual Data'!$AA$6:$AA$3142,'Individual Data'!$U$6:$U$3142,'age-length prop'!$B61,'Individual Data'!$X$6:$X$3142,'age-length prop'!K$7,'Individual Data'!$Q$6:$Q$3142,'age-length prop'!$C61,'Individual Data'!$M$6:$M$3142,'age-length prop'!$B$6) -> 0 | ... P61: =SUMIFS('Individual Data'!$AA$6:$AA$3142,'Individual Data'!$U$6:$U$3142,'age-length prop'!$B61,'Individual Data'!$X$6:$X$3142,'age-length prop'!P$7,'Individual Data'!$Q$6:$Q$3142,'age-length prop'!$C61,'Individual Data'!$M$6:$M$3142,'age-length prop'!$B$6) -> 0 | Q61: =IFERROR(D61+(D$5*(D61/D$6)),0) -> 0 | R61: =IFERROR(E61+(E$5*(E61/E$6)),0) -> 0 | S61: =IFERROR(F61+(F$5*(F61/F$6)),0) -> 0 | T61: =IFERROR(G61+(G$5*(G61/G$6)),0) -> 0 | U61: =IFERROR(H61+(H$5*(H61/H$6)),0) -> 0 | V61: =IFERROR(I61+(I$5*(I61/I$6)),0) -> 0 | W61: =IFERROR(J61+(J$5*(J61/J$6)),0) -> 0 | X61: =IFERROR(K61+(K$5*(K61/K$6)),0) -> 0 | ... AC61: =IFERROR(P61+(P$5*(P61/P$6)),0) -> 0 | AD61: =VLOOKUP(A61,'PBT Tag Rates'!$B$5:$E$34,4,FALSE) -> 0.960168 | AE61: =Q61/$AD61 -> 0 | AF61: =R61/$AD61 -> 0 | AG61: =S61/$AD61 -> 0 | AH61: =T61/$AD61 -> 0 | AI61: =U61/$AD61 -> 0 | AJ61: =V61/$AD61 -> 0 | AK61: =W61/$AD61 -> 0 | AL61: =X61/$AD61 -> 0 | ... AQ61: =AC61/$AD61 -> 0 | AS61: =SUM(AE61:AG61) -> 0 | AT61: =SUM(AH61:AQ61) -> 0 | AV61: =$AV$3-C61 -> 2019 | AW61: =B61 -> RingoldspFH | AX61: stray | AY61: =SUMIFS('cwt rel info'!$A$6:$A$217,'cwt rel info'!$D$6:$D$217,'age-length prop'!AV61,'cwt rel info'!$E$6:$E$217,'age-length prop'!AW61) -> 0 | AZ61: =AS61+AT61 -> 0 | BA61: =AT125 -> 167.48926 | BB61: =AS125 -> 18.054121 | BC61: =VLOOKUP(AW61,'Individual Data'!$U$5:$AB$3142,8,FALSE) -> blw | BD61: =IF(BC61="blw",AZ61*(1-$BA$4),AZ61*(1-$BA$3)) -> 0 | BE61: =IF(BC61="blw",BA61*(1-$BA$4),BA61*(1-$BA$3)) -> 92.119093 | BF61: =IF(BC61="blw",BB61*(1-$BB$4),BB61*(1-$BB$3)) -> 4.5135303 | BK61: =AE61-Q61 -> 0 | BL61: =AF61-R61 -> 0 | BM61: =AG61-S61 -> 0 | BN61: =AH61-T61 -> 0 | BO61: =AI61-U61 -> 0 | BP61: =AJ61-V61 -> 0 | BQ61: =AK61-W61 -> 0 | BR61: =AL61-X61 -> 0 | ... BW61: =AQ61-AC61 -> 0 | BX61: =BY61/(BY61+BZ61) -> 0.9 | BY61: =SUMIFS('Individual Data'!$W$6:$W$3142,'Individual Data'!$I$6:$I$3142,'age-length prop'!BY$7,'Individual Data'!$U$6:$U$3142,'age-length prop'!$B61,'Individual Data'!$Q$6:$Q$3142,'age-length prop'!$C61) -> 9 | BZ61: =SUMIFS('Individual Data'!$W$6:$W$3142,'Individual Data'!$I$6:$I$3142,'age-length prop'!BZ$7,'Individual Data'!$U$6:$U$3142,'age-length prop'!$B61,'Individual Data'!$Q$6:$Q$3142,'age-length prop'!$C61) -> 1 | CA61: =BK61*$BX61 -> 0 | CB61: =BL61*$BX61 -> 0 | CC61: =BM61*$BX61 -> 0 | CD61: =BN61*$BX61 -> 0 | CE61: =BO61*$BX61 -> 0 | CF61: =BP61*$BX61 -> 0 | CG61: =BQ61*$BX61 -> 0 | CH61: =BR61*$BX61 -> 0 | ... CM61: =BW61*$BX61 -> 0 | CO61: =BK61*(1-$BX61) -> 0 | CP61: =BL61*(1-$BX61) -> 0 | CQ61: =BM61*(1-$BX61) -> 0 | CR61: =BN61*(1-$BX61) -> 0 | CS61: =BO61*(1-$BX61) -> 0 | CT61: =BP61*(1-$BX61) -> 0 | CU61: =BQ61*(1-$BX61) -> 0 | CV61: =BR61*(1-$BX61) -> 0 | ... DA61: =BW61*(1-$BX61) -> 0
A62: Unassigned | B62: Unassigned | C62: NA | D62: =SUMIFS('Individual Data'!$AA$6:$AA$3142,'Individual Data'!$U$6:$U$3142,'age-length prop'!$B62,'Individual Data'!$X$6:$X$3142,'age-length prop'!D$7,'Individual Data'!$Q$6:$Q$3142,'age-length prop'!$C62,'Individual Data'!$M$6:$M$3142,'age-length prop'!$B$6) -> 0 | E62: =SUMIFS('Individual Data'!$AA$6:$AA$3142,'Individual Data'!$U$6:$U$3142,'age-length prop'!$B62,'Individual Data'!$X$6:$X$3142,'age-length prop'!E$7,'Individual Data'!$Q$6:$Q$3142,'age-length prop'!$C62,'Individual Data'!$M$6:$M$3142,'age-length prop'!$B$6) -> 0 | F62: =SUMIFS('Individual Data'!$AA$6:$AA$3142,'Individual Data'!$U$6:$U$3142,'age-length prop'!$B62,'Individual Data'!$X$6:$X$3142,'age-length prop'!F$7,'Individual Data'!$Q$6:$Q$3142,'age-length prop'!$C62,'Individual Data'!$M$6:$M$3142,'age-length prop'!$B$6) -> 0 | G62: =SUMIFS('Individual Data'!$AA$6:$AA$3142,'Individual Data'!$U$6:$U$3142,'age-length prop'!$B62,'Individual Data'!$X$6:$X$3142,'age-length prop'!G$7,'Individual Data'!$Q$6:$Q$3142,'age-length prop'!$C62,'Individual Data'!$M$6:$M$3142,'age-length prop'!$B$6) -> 0 | H62: =SUMIFS('Individual Data'!$AA$6:$AA$3142,'Individual Data'!$U$6:$U$3142,'age-length prop'!$B62,'Individual Data'!$X$6:$X$3142,'age-length prop'!H$7,'Individual Data'!$Q$6:$Q$3142,'age-length prop'!$C62,'Individual Data'!$M$6:$M$3142,'age-length prop'!$B$6) -> 51.555682 | I62: =SUMIFS('Individual Data'!$AA$6:$AA$3142,'Individual Data'!$U$6:$U$3142,'age-length prop'!$B62,'Individual Data'!$X$6:$X$3142,'age-length prop'!I$7,'Individual Data'!$Q$6:$Q$3142,'age-length prop'!$C62,'Individual Data'!$M$6:$M$3142,'age-length prop'!$B$6) -> 189.0375 | J62: =SUMIFS('Individual Data'!$AA$6:$AA$3142,'Individual Data'!$U$6:$U$3142,'age-length prop'!$B62,'Individual Data'!$X$6:$X$3142,'age-length prop'!J$7,'Individual Data'!$Q$6:$Q$3142,'age-length prop'!$C62,'Individual Data'!$M$6:$M$3142,'age-length prop'!$B$6) -> 580.00142 | K62: =SUMIFS('Individual Data'!$AA$6:$AA$3142,'Individual Data'!$U$6:$U$3142,'age-length prop'!$B62,'Individual Data'!$X$6:$X$3142,'age-length prop'!K$7,'Individual Data'!$Q$6:$Q$3142,'age-length prop'!$C62,'Individual Data'!$M$6:$M$3142,'age-length prop'!$B$6) -> 1194.3733 | ... P62: =SUMIFS('Individual Data'!$AA$6:$AA$3142,'Individual Data'!$U$6:$U$3142,'age-length prop'!$B62,'Individual Data'!$X$6:$X$3142,'age-length prop'!P$7,'Individual Data'!$Q$6:$Q$3142,'age-length prop'!$C62,'Individual Data'!$M$6:$M$3142,'age-length prop'!$B$6) -> 17.185227 | Q62: =IFERROR(D62+(D$5*(D62/D$6)),0) -> 0 | R62: =IFERROR(E62+(E$5*(E62/E$6)),0) -> 0 | S62: =IFERROR(F62+(F$5*(F62/F$6)),0) -> 0 | T62: =IFERROR(G62+(G$5*(G62/G$6)),0) -> 0 | U62: =IFERROR(H62+(H$5*(H62/H$6)),0) -> 53.621352 | V62: =IFERROR(I62+(I$5*(I62/I$6)),0) -> 199.61796 | W62: =IFERROR(J62+(J$5*(J62/J$6)),0) -> 603.94369 | X62: =IFERROR(K62+(K$5*(K62/K$6)),0) -> 1228.3566 | ... AC62: =IFERROR(P62+(P$5*(P62/P$6)),0) -> 17.185227 | AS62: =SUM(CO62:CQ62) -> 0.0059154458 | AT62: =SUM(CR62:DA62) -> 959.35141 | BZ62: tag rate assoc # | CA62: =SUM(CA8:CA61) -> 0.35492675 | CB62: =SUM(CB8:CB61) -> 0 | CC62: =SUM(CC8:CC61) -> 0.1804211 | CD62: =SUM(CD8:CD61) -> 1.898208 | CE62: =SUM(CE8:CE61) -> 42.042752 | CF62: =SUM(CF8:CF61) -> 189.81691 | CG62: =SUM(CG8:CG61) -> 345.58412 | CH62: =SUM(CH8:CH61) -> 343.08438 | ... CM62: =SUM(CM8:CM61) -> 0 | CN62: tag rate assoc # | CO62: =SUM(CO8:CO61) -> 0.0059154458 | CP62: =SUM(CP8:CP61) -> 0 | CQ62: =SUM(CQ8:CQ61) -> 0 | CR62: =SUM(CR8:CR61) -> 4.2564534 | CS62: =SUM(CS8:CS61) -> 19.637806 | CT62: =SUM(CT8:CT61) -> 88.028896 | CU62: =SUM(CU8:CU61) -> 143.46069 | CV62: =SUM(CV8:CV61) -> 360.98709 | ... DA62: =SUM(DA8:DA61) -> 0
A63: Unassigned | B63: Unassigned AD | C63: NA | D63: =SUMIFS('Individual Data'!$AA$6:$AA$3142,'Individual Data'!$U$6:$U$3142,'age-length prop'!$B63,'Individual Data'!$X$6:$X$3142,'age-length prop'!D$7,'Individual Data'!$Q$6:$Q$3142,'age-length prop'!$C63,'Individual Data'!$M$6:$M$3142,'age-length prop'!$B$6) -> 0 | E63: =SUMIFS('Individual Data'!$AA$6:$AA$3142,'Individual Data'!$U$6:$U$3142,'age-length prop'!$B63,'Individual Data'!$X$6:$X$3142,'age-length prop'!E$7,'Individual Data'!$Q$6:$Q$3142,'age-length prop'!$C63,'Individual Data'!$M$6:$M$3142,'age-length prop'!$B$6) -> 0 | F63: =SUMIFS('Individual Data'!$AA$6:$AA$3142,'Individual Data'!$U$6:$U$3142,'age-length prop'!$B63,'Individual Data'!$X$6:$X$3142,'age-length prop'!F$7,'Individual Data'!$Q$6:$Q$3142,'age-length prop'!$C63,'Individual Data'!$M$6:$M$3142,'age-length prop'!$B$6) -> 0 | G63: =SUMIFS('Individual Data'!$AA$6:$AA$3142,'Individual Data'!$U$6:$U$3142,'age-length prop'!$B63,'Individual Data'!$X$6:$X$3142,'age-length prop'!G$7,'Individual Data'!$Q$6:$Q$3142,'age-length prop'!$C63,'Individual Data'!$M$6:$M$3142,'age-length prop'!$B$6) -> 0 | H63: =SUMIFS('Individual Data'!$AA$6:$AA$3142,'Individual Data'!$U$6:$U$3142,'age-length prop'!$B63,'Individual Data'!$X$6:$X$3142,'age-length prop'!H$7,'Individual Data'!$Q$6:$Q$3142,'age-length prop'!$C63,'Individual Data'!$M$6:$M$3142,'age-length prop'!$B$6) -> 34.370455 | I63: =SUMIFS('Individual Data'!$AA$6:$AA$3142,'Individual Data'!$U$6:$U$3142,'age-length prop'!$B63,'Individual Data'!$X$6:$X$3142,'age-length prop'!I$7,'Individual Data'!$Q$6:$Q$3142,'age-length prop'!$C63,'Individual Data'!$M$6:$M$3142,'age-length prop'!$B$6) -> 137.48182 | J63: =SUMIFS('Individual Data'!$AA$6:$AA$3142,'Individual Data'!$U$6:$U$3142,'age-length prop'!$B63,'Individual Data'!$X$6:$X$3142,'age-length prop'!J$7,'Individual Data'!$Q$6:$Q$3142,'age-length prop'!$C63,'Individual Data'!$M$6:$M$3142,'age-length prop'!$B$6) -> 307.90199 | K63: =SUMIFS('Individual Data'!$AA$6:$AA$3142,'Individual Data'!$U$6:$U$3142,'age-length prop'!$B63,'Individual Data'!$X$6:$X$3142,'age-length prop'!K$7,'Individual Data'!$Q$6:$Q$3142,'age-length prop'!$C63,'Individual Data'!$M$6:$M$3142,'age-length prop'!$B$6) -> 269.23523 | ... P63: =SUMIFS('Individual Data'!$AA$6:$AA$3142,'Individual Data'!$U$6:$U$3142,'age-length prop'!$B63,'Individual Data'!$X$6:$X$3142,'age-length prop'!P$7,'Individual Data'!$Q$6:$Q$3142,'age-length prop'!$C63,'Individual Data'!$M$6:$M$3142,'age-length prop'!$B$6) -> 0 | Q63: =IFERROR(D63+(D$5*(D63/D$6)),0) -> 0 | R63: =IFERROR(E63+(E$5*(E63/E$6)),0) -> 0 | S63: =IFERROR(F63+(F$5*(F63/F$6)),0) -> 0 | T63: =IFERROR(G63+(G$5*(G63/G$6)),0) -> 0 | U63: =IFERROR(H63+(H$5*(H63/H$6)),0) -> 35.747568 | V63: =IFERROR(I63+(I$5*(I63/I$6)),0) -> 145.1767 | W63: =IFERROR(J63+(J$5*(J63/J$6)),0) -> 320.61208 | X63: =IFERROR(K63+(K$5*(K63/K$6)),0) -> 276.89574 | ... AC63: =IFERROR(P63+(P$5*(P63/P$6)),0) -> 0 | AS63: =SUM(CA63:CC63) -> -0.53534785 | AT63: =SUM(CD63:CM63) -> 27.000591 | BZ63: est unkn AD Hat | CA63: =Q63-CA62 -> -0.35492675 | CB63: =R63-CB62 -> 0 | CC63: =S63-CC62 -> -0.1804211 | CD63: =T63-CD62 -> -1.898208 | CE63: =U63-CE62 -> -6.2951839 | CF63: =V63-CF62 -> -44.640209 | CG63: =W63-CG62 -> -24.972035 | CH63: =X63-CH62 -> -66.188641 | ... CM63: =AC63-CM62 -> 0 | CN63: est wild | CO63: =Q62-CO62 -> -0.0059154458 | CP63: =R62-CP62 -> 0 | CQ63: =S62-CQ62 -> 0 | CR63: =T62-CR62 -> -4.2564534 | CS63: =U62-CS62 -> 33.983546 | CT63: =V62-CT62 -> 111.58906 | CU63: =W62-CU62 -> 460.483 | CV63: =X62-CV62 -> 867.36956 | ... DA63: =AC62-DA62 -> 17.185227
V64: sum check | CO64: =IFERROR(CO62/(CO62+CO6),0) -> 0.5 | CP64: =IFERROR(CP62/(CP62+CP6),0) -> 0 | CQ64: =IFERROR(CQ62/(CQ62+CQ6),0) -> 0 | CR64: =IFERROR(CR62/(CR62+CR6),0) -> 0.5 | CS64: =IFERROR(CS62/(CS62+CS6),0) -> 0.5 | CT64: =IFERROR(CT62/(CT62+CT6),0) -> 0.5 | CU64: =IFERROR(CU62/(CU62+CU6),0) -> 0.5 | CV64: =IFERROR(CV62/(CV62+CV6),0) -> 0.5 | ... CZ64: =IFERROR(CZ62/(CZ62+CZ6),0) -> 0.5 | DA64: =DA62/(DA62+DA6) -> #DIV/0!
G65: sum check | I65: =SUM(D69:P70) -> 34472.134 | T65: all | V65: =SUM(Q72:AC127) -> 34472.134 | AH65: sum check | AJ65: =SUM(AE72:AQ127) -> 30533.914 | AP65: =AJ65-BP65 -> 28570.816 | BN65: sum check | BP65: =SUM(BK72:BW127) -> 1963.0983 | CD65: sum check | CF65: =SUM(CA72:CM125) -> 1097.2483 | CJ65: sum check | CL65: =CF65+CT65 -> 1963.0983 | CR65: sum check | CT65: =SUM(CO72:DA125) -> 865.84994
D66: proportion NG (no genotype) fish by FL | T66: assign only | V66: =SUM(Q72:AC125) -> 28570.816 | AP66: =SUM(Q72:AC125) -> 28570.816 | BY66: count of AD and AI fish to est % AD, known hat fish
A67: AD | B67: NG | D67: =SUMIFS('Individual Data'!$AA$6:$AA$3142,'Individual Data'!$U$6:$U$3142,'age-length prop'!$B67,'Individual Data'!$I$6:$I$3142,'age-length prop'!$A67,'Individual Data'!$X$6:$X$3142,'age-length prop'!D$7,'Individual Data'!$M$6:$M$3142,'age-length prop'!$B$70) -> 103.11136 | E67: =SUMIFS('Individual Data'!$AA$6:$AA$3142,'Individual Data'!$U$6:$U$3142,'age-length prop'!$B67,'Individual Data'!$I$6:$I$3142,'age-length prop'!$A67,'Individual Data'!$X$6:$X$3142,'age-length prop'!E$7,'Individual Data'!$M$6:$M$3142,'age-length prop'!$B$70) -> 0 | F67: =SUMIFS('Individual Data'!$AA$6:$AA$3142,'Individual Data'!$U$6:$U$3142,'age-length prop'!$B67,'Individual Data'!$I$6:$I$3142,'age-length prop'!$A67,'Individual Data'!$X$6:$X$3142,'age-length prop'!F$7,'Individual Data'!$M$6:$M$3142,'age-length prop'!$B$70) -> 17.185227 | G67: =SUMIFS('Individual Data'!$AA$6:$AA$3142,'Individual Data'!$U$6:$U$3142,'age-length prop'!$B67,'Individual Data'!$I$6:$I$3142,'age-length prop'!$A67,'Individual Data'!$X$6:$X$3142,'age-length prop'!G$7,'Individual Data'!$M$6:$M$3142,'age-length prop'!$B$70) -> 34.370455 | H67: =SUMIFS('Individual Data'!$AA$6:$AA$3142,'Individual Data'!$U$6:$U$3142,'age-length prop'!$B67,'Individual Data'!$I$6:$I$3142,'age-length prop'!$A67,'Individual Data'!$X$6:$X$3142,'age-length prop'!H$7,'Individual Data'!$M$6:$M$3142,'age-length prop'!$B$70) -> 85.926136 | I67: =SUMIFS('Individual Data'!$AA$6:$AA$3142,'Individual Data'!$U$6:$U$3142,'age-length prop'!$B67,'Individual Data'!$I$6:$I$3142,'age-length prop'!$A67,'Individual Data'!$X$6:$X$3142,'age-length prop'!I$7,'Individual Data'!$M$6:$M$3142,'age-length prop'!$B$70) -> 85.926136 | J67: =SUMIFS('Individual Data'!$AA$6:$AA$3142,'Individual Data'!$U$6:$U$3142,'age-length prop'!$B67,'Individual Data'!$I$6:$I$3142,'age-length prop'!$A67,'Individual Data'!$X$6:$X$3142,'age-length prop'!J$7,'Individual Data'!$M$6:$M$3142,'age-length prop'!$B$70) -> 85.926136 | K67: =SUMIFS('Individual Data'!$AA$6:$AA$3142,'Individual Data'!$U$6:$U$3142,'age-length prop'!$B67,'Individual Data'!$I$6:$I$3142,'age-length prop'!$A67,'Individual Data'!$X$6:$X$3142,'age-length prop'!K$7,'Individual Data'!$M$6:$M$3142,'age-length prop'!$B$70) -> 0 | ... P67: =SUMIFS('Individual Data'!$AA$6:$AA$3142,'Individual Data'!$U$6:$U$3142,'age-length prop'!$B67,'Individual Data'!$I$6:$I$3142,'age-length prop'!$A67,'Individual Data'!$X$6:$X$3142,'age-length prop'!P$7,'Individual Data'!$M$6:$M$3142,'age-length prop'!$B$70) -> 0 | Q67: NG fish proportioned to known hatchery and unassigned groups by FL | AE67: Expand hatchery PBT groups by tag rate. Multiply totals by tag rate for each group | AS67: sum check | BK67: subtract NG proportioned cells (col Q to AC) from tag rate expanded (col AE to AQ). This is the number of fish to subtract from unassigned AD and AI groups | CA67: number of fish to subtract from unassigned AD group by FL | CO67: number of fish to subtract from unassinged AI group by FL
